app_demographic.1.player.age,app_demographic.1.player.edu_family_1gen_f,app_demographic.1.player.edu_family_1gen_m,app_demographic.1.player.edu_family_2gen_f1,app_demographic.1.player.edu_family_2gen_f2,app_demographic.1.player.edu_family_2gen_m1,app_demographic.1.player.edu_family_2gen_m2,app_demographic.1.player.financial_situation_general_current,app_demographic.1.player.financial_situation_general_future,app_demographic.1.player.financial_situation_personal_current,app_demographic.1.player.financial_situation_personal_future,app_demographic.1.player.gender,app_demographic.1.player.postcode,app_demographic.1.player.secondary_year,app_demographic.1.player.time_work,app_end.1.player.feedback,app_end.1.player.network_narrative,app_end.1.player.rnumbercheck,app_end.1.player.time_endpage,app_end.1.player.time_firstendpage,app_political.1.player.lr_AfD,app_political.1.player.lr_BSW,app_political.1.player.lr_CDU,app_political.1.player.lr_CSU,app_political.1.player.lr_FDP,app_political.1.player.lr_Gruene,app_political.1.player.lr_Linke,app_political.1.player.lr_SPD,app_political.1.player.participation_demonstration,app_political.1.player.petition_signatory,app_political.1.player.politics_question_five,app_political.1.player.politics_question_four,app_political.1.player.politics_question_one,app_political.1.player.politics_question_seven,app_political.1.player.politics_question_six,app_political.1.player.politics_question_three,app_political.1.player.politics_question_two,app_political.1.player.scalo_afd,app_political.1.player.scalo_bsw,app_political.1.player.scalo_cdu,app_political.1.player.scalo_csu,app_political.1.player.scalo_fdp,app_political.1.player.scalo_gruene,app_political.1.player.scalo_linke,app_political.1.player.scalo_pep1,app_political.1.player.scalo_pep10,app_political.1.player.scalo_pep11,app_political.1.player.scalo_pep12,app_political.1.player.scalo_pep13,app_political.1.player.scalo_pep14,app_political.1.player.scalo_pep15,app_political.1.player.scalo_pep16,app_political.1.player.scalo_pep17,app_political.1.player.scalo_pep18,app_political.1.player.scalo_pep19,app_political.1.player.scalo_pep2,app_political.1.player.scalo_pep20,app_political.1.player.scalo_pep3,app_political.1.player.scalo_pep4,app_political.1.player.scalo_pep5,app_political.1.player.scalo_pep6,app_political.1.player.scalo_pep7,app_political.1.player.scalo_pep8,app_political.1.player.scalo_pep9,app_political.1.player.scalo_spd,app_political.1.player.social_networks_1,app_political.1.player.social_networks_10,app_political.1.player.social_networks_11,app_political.1.player.social_networks_12,app_political.1.player.social_networks_13,app_political.1.player.social_networks_2,app_political.1.player.social_networks_3,app_political.1.player.social_networks_4,app_political.1.player.social_networks_5,app_political.1.player.social_networks_6,app_political.1.player.social_networks_7,app_political.1.player.social_networks_8,app_political.1.player.social_networks_9,app_political.1.player.sunday_party_vote,app_start.1.player.browser,app_start.1.player.device_type,app_start.1.player.lang,app_start.1.player.operating_system,app_start.1.player.use_of_device,app_studium.1.player.affective_academic_stress,app_studium.1.player.consecutive_academic_career,app_studium.1.player.fresherscamp_student,app_studium.1.player.freshersweek_student,app_studium.1.player.grade,app_studium.1.player.motivation_extrinsic_goal_1,app_studium.1.player.motivation_extrinsic_goal_2,app_studium.1.player.motivation_extrinsic_goal_3,app_studium.1.player.motivation_extrinsic_goal_4,app_studium.1.player.motivation_intrinsic_goal_1,app_studium.1.player.motivation_intrinsic_goal_2,app_studium.1.player.motivation_intrinsic_goal_3,app_studium.1.player.resource_help,app_studium.1.player.resource_peer,app_studium.1.player.resource_time,app_studium.1.player.semester_of_study,app_studium.1.player.study_program,app_studium.1.player.time_class,app_studium.1.player.tutorial,participant.label,participant.time_started_utc,app_network.1.player.linksrechts_self
2000.0,2.0,2.0,0.0,0.0,2.0,0.0,4.0,3.0,3.0,3.0,1.0,71.0,2018.0,2.0,,"Vor allem über Angebote außerhalb der Studiengänge zb. Hochschulsport, Schreibwoche des Schreibzentrums, Sprachkurse aber auch über die Ersti Woche",70l_152097,-999,2025-10-28T14:36:19.834Z,11,7,9,8,7,5,3,6,2.0,1.0,4,3,4,3,4,2,4,1.0,1.0,3.0,2.0,1.0,9.0,9.0,7,7,1,8,1,1,1,1,8,3,7,8,9,7,6,1,8,3,1,2,7.0,,1.0,,,,,,1.0,,1.0,1.0,1.0,,7.0,3.0,2.0,0.0,4.0,2.0,7.0,1.0,5.0,1.0,3.7,1.0,4.0,5.0,3.0,3.0,5.0,5.0,6.0,4.0,5.0,1.0,1.0,5.0,2.0,70l,2025-10-28 14:20:19.134461,3.0
2002.0,1.0,2.0,1.0,2.0,2.0,2.0,3.0,3.0,4.0,3.0,2.0,78.0,2021.0,10.0,,Bei den Ersti Veranstaltungen konnte man gut Menschen kennen lernen.,s44_180871,-999,2025-10-28T14:35:31.457Z,11,2,8,9,7,4,1,5,1.0,1.0,4,2,4,3,3,4,2,1.0,1.0,3.0,3.0,3.0,5.0,2.0,10,6,4,3,3,1,1,2,7,3,5,6,4,5,3,1,5,3,2,4,5.0,,,,,,,1.0,1.0,1.0,1.0,1.0,1.0,,3.0,5.0,3.0,0.0,1.0,1.0,7.0,0.0,5.0,1.0,3.7,5.0,3.0,2.0,4.0,3.0,3.0,6.0,2.0,5.0,6.0,1.0,1.0,4.0,2.0,s44,2025-10-28 14:20:20.421554,6.0
2004.0,2.0,2.0,0.0,0.0,0.0,0.0,3.0,3.0,4.0,4.0,1.0,88.0,2023.0,4.0,,,467_451036,-999,2025-10-28T14:40:33.889Z,11,2,8,8,5,3,1,5,1.0,1.0,4,2,4,4,4,4,2,1.0,8.0,2.0,2.0,4.0,9.0,10.0,7,7,1,9,1,1,1,1,5,3,6,7,3,9,7,1,9,4,2,3,7.0,,,,,,,,1.0,,1.0,1.0,1.0,1.0,3.0,3.0,3.0,0.0,2.0,2.0,6.0,0.0,4.0,1.0,2.0,5.0,6.0,6.0,7.0,5.0,5.0,4.0,3.0,4.0,6.0,1.0,1.0,7.0,6.0,467,2025-10-28 14:20:20.924218,2.0
2006.0,2.0,2.0,1.0,1.0,2.0,0.0,2.0,3.0,3.0,4.0,1.0,70.0,2024.0,0.0,,In der Erstiwoche,cav_726862,-999,2025-10-28T14:45:10.788Z,11,2,9,9,8,3,1,4,1.0,1.0,4,4,4,4,4,4,3,1.0,3.0,4.0,4.0,4.0,8.0,7.0,9,7,1,0,2,1,1,2,7,2,0,9,8,9,8,1,7,5,4,6,9.0,,,,,,,,1.0,,1.0,1.0,1.0,1.0,3.0,3.0,3.0,0.0,2.0,2.0,4.0,1.0,3.0,1.0,1.7,6.0,6.0,7.0,7.0,7.0,4.0,7.0,6.0,6.0,6.0,1.0,1.0,7.0,1.0,cav,2025-10-28 14:20:26.916169,4.0
2006.0,2.0,2.0,1.0,1.0,1.0,1.0,3.0,4.0,,3.0,1.0,69.0,2024.0,0.0,,,6nj_207230,-999,2025-10-28T14:39:47.927Z,11,4,9,10,8,5,2,6,1.0,1.0,4,3,5,4,4,5,4,1.0,1.0,3.0,1.0,4.0,9.0,10.0,4,6,1,8,2,1,1,1,3,1,0,7,9,9,8,1,8,3,1,3,9.0,,,,,,1.0,,1.0,,1.0,1.0,1.0,1.0,6.0,3.0,3.0,0.0,2.0,2.0,4.0,3.0,4.0,1.0,2.0,5.0,5.0,3.0,5.0,6.0,3.0,5.0,5.0,6.0,6.0,1.0,1.0,2.0,1.0,6nj,2025-10-28 14:20:29.312342,2.0
2006.0,2.0,2.0,1.0,1.0,2.0,1.0,3.0,3.0,4.0,4.0,1.0,82.0,2025.0,0.0,,,cos_614537,-999,2025-10-28T14:41:05.574Z,11,7,8,9,7,4,1,5,1.0,1.0,4,3,4,4,4,5,3,1.0,3.0,1.0,2.0,2.0,10.0,9.0,9,8,0,0,1,1,1,1,7,1,0,9,11,11,10,1,9,3,1,4,8.0,,,,,,,,1.0,,,1.0,1.0,1.0,7.0,3.0,3.0,0.0,2.0,2.0,6.0,1.0,4.0,1.0,1.7,5.0,4.0,6.0,7.0,7.0,4.0,6.0,7.0,6.0,6.0,1.0,1.0,3.0,1.0,cos,2025-10-28 14:20:32.773053,4.0
2005.0,2.0,2.0,0.0,0.0,1.0,1.0,2.0,2.0,5.0,5.0,1.0,72.0,2023.0,6.0,,"Einige habe ich schon beim Infotag kennengelernt, dann bei vor allem durch die Erstihöfe sowie Erstiaktivitäten und auch über die Nutzung der selben öffentlichen Verkehrsmittel. ",pfr_853176,-999,2025-10-28T14:44:54.734Z,11,1,8,8,7,4,2,5,1.0,1.0,5,4,5,5,5,5,3,1.0,1.0,9.0,,7.0,6.0,1.0,8,7,0,0,7,1,1,3,8,7,6,8,6,7,7,1,6,5,5,0,9.0,1.0,,,,,,1.0,1.0,,1.0,1.0,1.0,1.0,1.0,3.0,3.0,0.0,2.0,2.0,7.0,1.0,3.0,1.0,1.7,7.0,6.0,7.0,7.0,3.0,0.0,7.0,4.0,4.0,7.0,1.0,1.0,8.0,1.0,pfr,2025-10-28 14:20:34.062902,6.0
2006.0,2.0,1.0,1.0,1.0,1.0,1.0,4.0,4.0,5.0,5.0,2.0,77.0,2024.0,10.0,,,jjt_807866,-999,2025-10-28T14:35:16.336Z,8,1,6,7,6,2,1,3,1.0,1.0,4,1,5,4,4,5,2,8.0,1.0,4.0,5.0,3.0,1.0,1.0,2,1,9,0,5,6,5,1,4,9,1,1,1,1,1,6,1,8,6,1,2.0,,,1.0,1.0,,,,,,1.0,1.0,1.0,,4.0,3.0,3.0,0.0,2.0,2.0,7.0,0.0,5.0,1.0,5.0,2.0,3.0,2.0,0.0,6.0,4.0,6.0,2.0,4.0,6.0,1.0,1.0,1.0,0.0,jjt,2025-10-28 14:20:35.498166,11.0
2006.0,2.0,2.0,1.0,2.0,2.0,1.0,3.0,3.0,3.0,3.0,1.0,70.0,2025.0,0.0,,,ats_857079,-999,2025-10-28T14:41:04.812Z,11,8,9,10,8,4,1,5,1.0,1.0,4,3,4,4,4,3,4,1.0,1.0,4.0,4.0,4.0,10.0,3.0,9,8,1,6,4,1,1,1,8,1,6,8,11,10,6,1,7,9,2,6,9.0,,,,,,,,1.0,,,1.0,1.0,1.0,7.0,3.0,3.0,0.0,2.0,2.0,5.0,1.0,4.0,1.0,2.3,5.0,4.0,4.0,7.0,6.0,6.0,6.0,6.0,5.0,6.0,1.0,1.0,2.0,3.0,ats,2025-10-28 14:20:35.723001,4.0
2003.0,2.0,2.0,0.0,2.0,0.0,0.0,4.0,3.0,3.0,3.0,2.0,70.0,2022.0,0.0,,,epz_987388,-999,2025-10-28T14:41:37.039Z,11,9,7,7,8,4,1,5,1.0,1.0,3,2,4,3,4,2,2,1.0,2.0,2.0,2.0,5.0,9.0,10.0,8,6,1,0,3,1,1,1,5,1,0,9,9,10,0,1,0,3,3,0,7.0,,,,,,,,1.0,1.0,1.0,1.0,1.0,,7.0,3.0,3.0,0.0,2.0,2.0,6.0,0.0,5.0,1.0,2.7,6.0,2.0,2.0,5.0,4.0,5.0,2.0,6.0,6.0,6.0,1.0,1.0,4.0,1.0,epz,2025-10-28 14:20:55.300690,2.0
2003.0,1.0,2.0,1.0,1.0,1.0,1.0,2.0,1.0,4.0,4.0,2.0,86.0,2022.0,15.0,"Ich habe aus Versehen bei den Personen, die ich kenne auf weiter gedrückt und kann es gerade nicht ändern, entschuldigung.","Sehr gut, VL und Angebote der Fachschaft. ",wep_456486,-999,2025-10-28T14:34:39.779Z,11,3,9,8,7,6,1,6,1.0,1.0,4,2,4,4,4,3,2,1.0,1.0,2.0,3.0,3.0,5.0,10.0,10,9,1,2,1,1,1,1,7,6,5,3,11,11,7,1,7,1,2,4,7.0,,,1.0,1.0,,1.0,,1.0,,1.0,1.0,1.0,,6.0,3.0,2.0,0.0,5.0,3.0,6.0,1.0,2.0,1.0,1.3,5.0,4.0,7.0,5.0,6.0,7.0,6.0,6.0,6.0,7.0,1.0,1.0,3.0,1.0,wep,2025-10-28 14:21:00.472419,4.0
2003.0,2.0,1.0,1.0,0.0,1.0,0.0,3.0,3.0,2.0,4.0,2.0,72.0,2021.0,20.0,war supi ,In vorlesungen an sich alles chillo ,hpc_256786,-999,2025-10-28T14:31:24.828Z,11,8,9,10,7,4,1,5,1.0,1.0,5,2,5,4,4,5,2,1.0,1.0,1.0,1.0,3.0,6.0,10.0,11,7,1,4,1,1,1,1,8,1,1,7,11,11,6,1,6,1,2,6,7.0,,,1.0,,,1.0,,1.0,,1.0,1.0,1.0,1.0,6.0,3.0,2.0,0.0,5.0,3.0,6.0,3.0,5.0,0.0,2.7,5.0,5.0,3.0,2.0,6.0,4.0,6.0,7.0,6.0,5.0,7.0,2.0,,1.0,hpc,2025-10-28 14:21:13.730133,2.0
2006.0,2.0,2.0,1.0,2.0,0.0,1.0,3.0,4.0,4.0,4.0,2.0,72.0,2025.0,0.0,i missed some ppl on the who i know list do the clicking error please add a back function ,aufgrund des Größe des Studiengangs ist es schwer Leute kennenzulernen jedoch sind die ersti Höfe sehr hilfreich dabei,1ey_974256,-999,2025-10-28T14:37:52.832Z,11,10,7,8,6,5,1,4,1.0,1.0,5,4,4,4,5,5,3,1.0,1.0,4.0,2.0,5.0,10.0,3.0,11,4,1,0,4,1,1,2,9,3,4,8,5,11,8,1,0,4,3,4,8.0,,,1.0,1.0,,,,1.0,,1.0,1.0,1.0,1.0,7.0,5.0,3.0,0.0,1.0,1.0,2.0,1.0,4.0,1.0,0.0,4.0,4.0,5.0,6.0,6.0,5.0,5.0,6.0,3.0,5.0,1.0,1.0,3.0,4.0,1ey,2025-10-28 14:21:14.858866,5.0
2006.0,2.0,2.0,0.0,0.0,0.0,0.0,4.0,4.0,3.0,4.0,2.0,40.0,2024.0,0.0,,,5or_886325,-999,2025-10-28T14:36:03.093Z,10,8,7,8,7,4,3,5,2.0,1.0,4,3,4,4,4,4,3,1.0,3.0,7.0,3.0,7.0,4.0,3.0,7,6,3,0,4,1,1,1,4,4,4,0,4,9,0,2,0,3,4,0,6.0,,,1.0,1.0,,,,,,1.0,,1.0,1.0,0.0,4.0,3.0,0.0,1.0,1.0,3.0,0.0,1.0,1.0,2.7,5.0,6.0,6.0,6.0,6.0,2.0,3.0,6.0,4.0,6.0,1.0,1.0,20.0,5.0,5or,2025-10-28 14:21:16.411884,7.0
2006.0,1.0,2.0,1.0,1.0,1.0,1.0,3.0,3.0,3.0,4.0,2.0,46.0,2024.0,0.0,,"Die ersten Veranstaltungen waren eine gute Möglichkeit, neue Leute kennenzulernen, was in den Vorlesungen selbst sonst nicht wirklich möglich ist.",f1r_834185,-999,2025-10-28T14:44:29.929Z,10,9,8,9,5,4,2,6,1.0,1.0,4,2,4,3,3,4,3,1.0,4.0,3.0,2.0,3.0,8.0,9.0,5,5,1,0,5,1,1,1,5,2,5,7,7,9,0,1,0,3,2,0,5.0,,1.0,1.0,1.0,,,,,1.0,1.0,,1.0,,7.0,2.0,3.0,0.0,3.0,1.0,6.0,0.0,5.0,1.0,2.0,6.0,0.0,3.0,5.0,5.0,4.0,5.0,3.0,0.0,5.0,1.0,1.0,6.0,5.0,f1r,2025-10-28 14:21:17.944016,4.0
2005.0,2.0,2.0,2.0,2.0,2.0,2.0,4.0,0.0,3.0,4.0,1.0,0.0,2023.0,0.0,,im international so i have different activities that help me engage  ,cuz_380173,-999,2025-10-28T14:33:44.691Z,0,0,0,0,0,0,0,0,1.0,1.0,5,1,1,4,5,1,0,0.0,0.0,0.0,0.0,0.0,0.0,0.0,0,0,0,0,0,4,2,9,6,0,0,0,1,0,0,0,0,0,0,0,0.0,1.0,,,,,,1.0,1.0,,1.0,,1.0,,11.0,3.0,3.0,1.0,2.0,1.0,7.0,0.0,5.0,1.0,2.3,4.0,1.0,5.0,7.0,5.0,5.0,5.0,5.0,6.0,5.0,5.0,1.0,,5.0,cuz,2025-10-28 14:21:18.945466,6.0
2005.0,1.0,2.0,1.0,1.0,1.0,1.0,3.0,0.0,2.0,3.0,1.0,74.0,2024.0,0.0,,I meet people the first week just by introducing myself and trying to find people that fit my character. ,199_533870,-999,2025-10-28T14:42:22.783Z,11,8,9,9,9,6,2,6,1.0,1.0,4,3,4,4,4,0,2,1.0,3.0,1.0,1.0,1.0,5.0,11.0,1,8,1,10,1,1,1,1,7,1,5,4,11,6,6,1,10,5,1,1,4.0,,,,,,,,1.0,,1.0,1.0,1.0,1.0,6.0,3.0,3.0,0.0,2.0,2.0,7.0,0.0,5.0,1.0,3.0,4.0,4.0,6.0,7.0,5.0,4.0,6.0,5.0,4.0,5.0,1.0,1.0,2.0,3.0,199,2025-10-28 14:21:20.414319,1.0
2003.0,2.0,2.0,1.0,1.0,1.0,1.0,4.0,4.0,4.0,4.0,2.0,78.0,2024.0,10.0,,Coole uni. ,vrj_591193,-999,2025-10-28T14:50:16.468Z,11,4,8,9,7,5,1,6,2.0,1.0,4,2,4,4,5,4,3,1.0,1.0,9.0,9.0,8.0,4.0,2.0,9,7,1,3,9,1,3,2,6,6,5,6,1,3,4,1,3,9,11,7,7.0,,,1.0,,,1.0,,1.0,,1.0,1.0,1.0,1.0,1.0,3.0,3.0,0.0,2.0,2.0,4.0,0.0,3.0,1.0,2.3,6.0,0.0,7.0,7.0,6.0,6.0,7.0,6.0,5.0,6.0,1.0,1.0,,3.0,vrj,2025-10-28 14:21:22.488326,7.0
2005.0,2.0,2.0,0.0,1.0,0.0,1.0,2.0,3.0,2.0,4.0,2.0,78.0,2024.0,8.0,,,gh9_352560,-999,2025-10-28T14:36:58.155Z,11,2,8,9,6,3,1,4,1.0,1.0,4,3,5,4,4,4,4,1.0,1.0,11.0,10.0,9.0,3.0,1.0,10,9,1,0,10,1,1,6,7,8,9,6,1,7,0,1,1,9,9,8,6.0,1.0,,,,,,1.0,1.0,1.0,1.0,1.0,1.0,,1.0,3.0,2.0,0.0,5.0,2.0,1.0,1.0,4.0,1.0,4.0,3.0,4.0,3.0,4.0,3.0,4.0,6.0,6.0,3.0,4.0,3.0,1.0,2.0,1.0,gh9,2025-10-28 14:21:26.195329,8.0
2005.0,1.0,1.0,1.0,1.0,1.0,1.0,3.0,2.0,2.0,3.0,1.0,78.0,2025.0,25.0,,,z3j_191080,-999,2025-10-28T14:37:16.863Z,8,8,7,7,5,5,3,5,2.0,2.0,5,2,4,5,0,2,2,6.0,6.0,6.0,6.0,6.0,6.0,6.0,6,6,6,6,6,6,6,6,6,6,6,6,6,6,6,6,6,6,6,6,6.0,,,,,,1.0,,1.0,,1.0,,1.0,1.0,10.0,3.0,2.0,0.0,5.0,3.0,7.0,1.0,4.0,1.0,2.7,7.0,5.0,7.0,7.0,5.0,2.0,4.0,6.0,4.0,5.0,1.0,1.0,2.0,3.0,z3j,2025-10-28 14:21:32.888554,0.0
2004.0,1.0,2.0,2.0,1.0,1.0,1.0,4.0,4.0,2.0,2.0,1.0,88.0,2023.0,4.0,,,vhs_256826,-999,2025-10-28T14:42:34.902Z,11,4,9,10,9,3,1,4,2.0,1.0,3,2,5,3,3,4,2,2.0,6.0,9.0,8.0,7.0,9.0,3.0,9,0,0,0,7,1,2,0,8,0,0,0,10,4,0,1,0,0,2,0,5.0,,,,,,,,1.0,,1.0,1.0,1.0,1.0,6.0,3.0,2.0,0.0,4.0,2.0,7.0,1.0,5.0,0.0,4.0,7.0,7.0,7.0,7.0,6.0,4.0,6.0,6.0,4.0,7.0,3.0,2.0,5.0,1.0,vhs,2025-10-28 14:21:37.317071,6.0
2006.0,2.0,2.0,1.0,1.0,1.0,1.0,1.0,1.0,4.0,4.0,2.0,74.0,2024.0,0.0,,Ersti Hof  ,5nw_953265,-999,2025-10-28T14:46:06.435Z,11,4,9,10,8,4,2,6,1.0,1.0,5,1,5,5,5,5,1,1.0,11.0,1.0,1.0,4.0,3.0,3.0,1,1,0,0,2,1,1,1,4,1,0,0,9,2,0,1,0,1,1,0,4.0,,,,1.0,,1.0,,,1.0,1.0,,1.0,,8.0,3.0,2.0,0.0,4.0,3.0,7.0,3.0,3.0,0.0,2.3,4.0,3.0,4.0,7.0,4.0,1.0,3.0,4.0,1.0,7.0,1.0,1.0,5.0,1.0,5nw,2025-10-28 14:21:48.811801,5.0
2005.0,2.0,2.0,1.0,1.0,1.0,1.0,2.0,3.0,3.0,4.0,1.0,0.0,2023.0,0.0,Make it more accessible for non-German students. Make questions that involve them. ,I have met several people thanks to connecting with them through the Erasmus students group chats and in class.,2fc_702793,-999,2025-10-28T14:42:29.188Z,9,7,7,7,7,6,3,4,1.0,1.0,4,0,4,4,4,3,0,1.0,1.0,0.0,0.0,0.0,0.0,0.0,0,0,0,0,0,2,1,1,4,1,0,0,9,0,0,1,0,0,0,0,0.0,,,,,,,1.0,1.0,,1.0,,1.0,1.0,11.0,5.0,3.0,1.0,1.0,1.0,6.0,1.0,5.0,0.0,2.3,5.0,5.0,3.0,6.0,5.0,4.0,6.0,4.0,5.0,6.0,5.0,1.0,4.0,4.0,2fc,2025-10-28 14:22:01.086198,2.0
2005.0,1.0,1.0,1.0,2.0,1.0,1.0,4.0,4.0,4.0,4.0,2.0,91.0,2024.0,0.0,,"Erste-Woche, vor/in Vorlesungen/Tuts",udo_222963,-999,2025-10-28T14:40:23.321Z,11,7,8,9,8,4,2,5,2.0,1.0,4,3,4,4,4,4,2,1.0,1.0,1.0,1.0,1.0,10.0,9.0,9,4,1,8,1,1,1,1,8,2,7,7,8,11,9,1,6,2,1,1,7.0,,,,1.0,,1.0,,1.0,,1.0,1.0,1.0,1.0,7.0,3.0,3.0,0.0,2.0,2.0,3.0,1.0,5.0,1.0,2.3,2.0,4.0,5.0,6.0,5.0,3.0,5.0,6.0,4.0,6.0,1.0,1.0,2.0,4.0,udo,2025-10-28 14:22:03.341064,2.0
2006.0,2.0,2.0,2.0,2.0,2.0,0.0,2.0,2.0,2.0,2.0,2.0,70.0,2025.0,15.0,,,15f_407654,-999,2025-10-28T14:39:57.952Z,10,6,8,8,8,6,5,7,1.0,2.0,4,1,4,4,3,4,1,1.0,6.0,1.0,1.0,1.0,3.0,7.0,1,0,1,0,1,1,1,1,1,1,1,0,11,3,0,1,0,0,1,0,3.0,,,,,,1.0,,1.0,,1.0,1.0,1.0,,3.0,3.0,2.0,0.0,5.0,3.0,7.0,0.0,5.0,1.0,2.7,6.0,6.0,3.0,7.0,6.0,4.0,4.0,7.0,6.0,4.0,1.0,1.0,,0.0,15f,2025-10-28 14:22:17.548641,3.0
2005.0,1.0,1.0,1.0,1.0,1.0,1.0,2.0,2.0,2.0,2.0,1.0,78.0,2023.0,2.0,,"Schwierig, man muss erst in Gruppen rein kommen und es ist schwer. Viel über Vorlesungen kennen gelernt bzw in kleineren Kursen - e.g. Tutorien",osf_207808,-999,2025-10-28T14:45:08.743Z,11,1,10,10,7,3,2,6,2.0,1.0,3,3,3,3,3,3,2,1.0,3.0,1.0,1.0,1.0,8.0,9.0,0,0,0,0,1,1,1,0,0,0,0,0,6,4,0,1,0,0,1,0,8.0,,,,,,,,1.0,,1.0,,1.0,,6.0,3.0,3.0,0.0,2.0,2.0,6.0,1.0,5.0,0.0,4.0,3.0,5.0,5.0,6.0,4.0,4.0,5.0,4.0,5.0,6.0,2.0,2.0,9.0,4.0,osf,2025-10-28 14:22:20.972649,4.0
2005.0,1.0,1.0,2.0,1.0,2.0,1.0,3.0,3.0,2.0,2.0,1.0,22.0,2023.0,0.0,,,b9u_623411,-999,2025-10-28T14:43:51.189Z,11,4,9,9,8,3,1,6,1.0,1.0,2,0,4,2,2,4,0,1.0,5.0,4.0,3.0,5.0,9.0,10.0,0,0,1,0,2,1,1,0,5,0,0,0,11,8,0,1,0,0,1,0,6.0,,,,1.0,,,,1.0,,1.0,,1.0,1.0,6.0,3.0,3.0,0.0,2.0,2.0,7.0,1.0,5.0,0.0,4.0,2.0,7.0,2.0,7.0,4.0,5.0,5.0,7.0,4.0,5.0,3.0,2.0,3.0,1.0,b9u,2025-10-28 14:22:24.592251,2.0
2007.0,1.0,2.0,1.0,2.0,2.0,2.0,4.0,3.0,4.0,4.0,1.0,88.0,2025.0,0.0,,"Auf dem Erste Hof hatte ich die Chance Kontakte zuknüpfen und Freunde zu finden, wie auf dem Pub Crawl",ras_802588,-999,2025-10-28T14:43:36.187Z,11,1,8,9,8,4,2,5,1.0,2.0,4,2,4,4,4,3,3,1.0,2.0,4.0,3.0,5.0,8.0,8.0,0,0,0,0,4,1,1,1,5,2,4,0,9,10,0,1,0,4,2,0,10.0,,,,,,,,1.0,,1.0,,1.0,,7.0,3.0,3.0,0.0,2.0,1.0,6.0,1.0,2.0,1.0,2.0,5.0,5.0,4.0,6.0,2.0,3.0,7.0,6.0,5.0,6.0,1.0,1.0,2.0,6.0,ras,2025-10-28 14:22:25.073225,5.0
2003.0,2.0,2.0,1.0,2.0,1.0,2.0,4.0,3.0,4.0,4.0,2.0,88.0,2021.0,0.0,,,9c3_160156,-999,2025-10-28T14:38:13.378Z,9,3,6,7,7,3,1,3,2.0,1.0,4,1,4,4,4,4,1,9.0,7.0,7.0,7.0,8.0,2.0,1.0,8,4,0,0,3,3,6,6,6,7,0,0,1,4,0,9,0,1,7,0,2.0,,,,,,,,1.0,,1.0,,,,4.0,3.0,2.0,0.0,5.0,2.0,7.0,3.0,5.0,1.0,3.0,2.0,3.0,2.0,5.0,5.0,1.0,5.0,6.0,2.0,6.0,1.0,2.0,1.0,1.0,9c3,2025-10-28 14:22:26.973046,8.0
2007.0,1.0,1.0,1.0,1.0,1.0,1.0,3.0,2.0,2.0,4.0,1.0,,2025.0,0.0,,Personen lerne ich generell in den Tutorien oder Vorlesungen kennen.   Aber mehr Aktivitäten wie z.b Projekte oder oder Events unter den Komillitionen würde den Kontakt erleichtern. ,doe_361900,-999,2025-10-28T14:43:31.138Z,10,0,6,5,0,3,1,4,1.0,1.0,4,0,4,0,4,4,3,4.0,7.0,3.0,3.0,1.0,1.0,1.0,0,0,0,0,1,9,4,1,1,8,0,0,6,0,0,1,0,0,0,0,8.0,,,,,,,,1.0,,1.0,1.0,1.0,1.0,3.0,3.0,2.0,0.0,4.0,3.0,3.0,0.0,2.0,1.0,2.3,6.0,6.0,7.0,7.0,4.0,4.0,6.0,2.0,4.0,6.0,1.0,1.0,3.0,1.0,doe,2025-10-28 14:22:27.583010,0.0
2001.0,1.0,2.0,1.0,1.0,2.0,2.0,3.0,3.0,5.0,5.0,1.0,69.0,2020.0,0.0,,,20r_929111,-999,2025-10-28T14:39:31.912Z,10,3,8,8,7,4,2,5,2.0,2.0,4,2,4,4,4,4,2,1.0,1.0,8.0,7.0,8.0,9.0,1.0,10,8,1,0,9,1,3,7,8,3,8,5,2,11,4,1,1,4,4,2,5.0,,,,,,,1.0,1.0,,1.0,1.0,1.0,,1.0,3.0,3.0,0.0,2.0,2.0,4.0,1.0,5.0,1.0,2.3,4.0,7.0,5.0,7.0,5.0,1.0,3.0,5.0,6.0,5.0,1.0,1.0,4.0,5.0,20r,2025-10-28 14:22:29.894094,8.0
2006.0,2.0,2.0,0.0,2.0,2.0,0.0,3.0,3.0,4.0,4.0,1.0,22.0,2024.0,0.0,,"Ich habe die meisten Personen entweder auf den Erstihöfen, oder auf der Erstiwoche kennengelernt. Alle Personen die ich bis jetzt hier kennengelernt habe waren sehr nett.",hro_989611,-999,2025-10-28T14:42:00.818Z,11,8,8,9,7,3,1,4,1.0,1.0,4,3,4,4,4,4,2,1.0,2.0,2.0,2.0,8.0,9.0,6.0,9,6,6,6,2,1,1,1,7,6,6,9,11,10,6,1,6,3,2,6,10.0,,,,,,,,1.0,,1.0,1.0,1.0,1.0,3.0,3.0,3.0,0.0,2.0,2.0,2.0,0.0,1.0,1.0,2.0,6.0,5.0,7.0,6.0,5.0,4.0,6.0,6.0,6.0,6.0,1.0,1.0,,4.0,hro,2025-10-28 14:22:30.756779,3.0
2005.0,1.0,2.0,1.0,2.0,1.0,1.0,4.0,3.0,4.0,4.0,1.0,72.0,2024.0,0.0,,"Die meisten Personen habe ich bei den Aktionen der Erstiwoche, sowie beim Erstihof kennengelernt. Aber da wir so viele sind, lerne ich immer noch täglich neue Menschen kennen.",tuf_751042,-999,2025-10-28T14:40:53.552Z,11,8,8,8,5,3,1,4,1.0,1.0,4,2,4,3,4,1,3,1.0,1.0,2.0,2.0,2.0,10.0,10.0,4,0,1,0,2,1,1,1,9,0,0,0,9,9,0,1,0,4,2,0,7.0,,,,,,,,1.0,1.0,,1.0,1.0,1.0,6.0,3.0,3.0,0.0,2.0,2.0,6.0,3.0,1.0,1.0,3.0,5.0,3.0,3.0,6.0,7.0,4.0,4.0,5.0,5.0,6.0,1.0,1.0,3.0,1.0,tuf,2025-10-28 14:22:30.800620,2.0
2006.0,2.0,2.0,1.0,1.0,1.0,1.0,2.0,2.0,3.0,3.0,1.0,78.0,2025.0,,,"Erste-Hütte, Konstart, Ersti-Woche (Stadtführung), Einführungsveranstaltungen. Dennoch ist es bei individuellen Stundenplänen schwer mit den Personen in Kontakt zu bleiben. Grüppchenbildung und Ausschlüsse aus der Gruppe durch Wegsetzen im Hörsaal sind reale Probleme und Schwierigkeiten. ",4aw_545838,-999,2025-10-28T14:48:55.539Z,10,1,8,9,7,3,2,4,2.0,2.0,4,2,4,4,3,4,2,1.0,3.0,9.0,9.0,9.0,8.0,4.0,10,10,1,0,10,1,3,1,9,8,11,9,4,8,0,1,0,10,11,0,8.0,,,,,,,1.0,1.0,1.0,1.0,1.0,1.0,,1.0,3.0,3.0,0.0,2.0,2.0,6.0,1.0,1.0,1.0,2.0,6.0,5.0,5.0,6.0,6.0,6.0,7.0,3.0,3.0,7.0,1.0,2.0,9.0,2.0,4aw,2025-10-28 14:22:30.947207,6.0
2002.0,2.0,2.0,1.0,2.0,2.0,1.0,3.0,3.0,4.0,4.0,2.0,97.0,2022.0,8.0,,,dn0_315226,-999,2025-10-28T14:38:29.481Z,10,0,8,8,6,3,1,5,2.0,1.0,4,2,4,4,4,4,4,1.0,4.0,4.0,3.0,6.0,7.0,3.0,8,5,2,0,4,2,2,2,7,3,0,9,6,9,5,2,2,4,3,4,7.0,,,,1.0,,,,1.0,,1.0,,1.0,,0.0,3.0,3.0,0.0,2.0,2.0,6.0,1.0,5.0,1.0,3.0,2.0,5.0,6.0,7.0,4.0,4.0,4.0,6.0,6.0,5.0,3.0,1.0,2.0,4.0,dn0,2025-10-28 14:22:31.160785,5.0
2006.0,1.0,2.0,0.0,0.0,0.0,0.0,3.0,2.0,4.0,4.0,1.0,89.0,2025.0,10.0,,"Ich fand die erste Höfe sehr gut, dort habe ich echt tolle Menschen kennengelernt ",wom_526318,-999,2025-10-28T14:43:23.634Z,11,8,7,8,7,3,1,4,1.0,1.0,4,3,5,4,4,4,4,1.0,2.0,6.0,4.0,10.0,3.0,2.0,9,9,1,0,7,1,1,1,5,1,7,9,9,6,0,1,0,8,4,0,8.0,,,,,,,,1.0,,1.0,1.0,1.0,1.0,5.0,3.0,3.0,0.0,2.0,2.0,2.0,1.0,3.0,1.0,2.0,6.0,6.0,6.0,7.0,5.0,2.0,6.0,5.0,5.0,6.0,1.0,1.0,5.0,1.0,wom,2025-10-28 14:22:31.400646,5.0
2003.0,2.0,2.0,0.0,0.0,2.0,0.0,3.0,3.0,4.0,4.0,1.0,70.0,2021.0,10.0,,,z63_243983,-999,2025-10-28T14:41:53.071Z,11,2,9,10,8,5,1,4,2.0,2.0,4,3,4,4,4,2,2,1.0,1.0,8.0,8.0,9.0,8.0,1.0,0,0,0,0,0,1,1,1,8,2,0,0,7,0,0,1,0,0,2,0,7.0,,,,,,,,1.0,,1.0,1.0,1.0,,5.0,3.0,3.0,0.0,2.0,1.0,3.0,1.0,5.0,0.0,1.0,4.0,6.0,7.0,7.0,5.0,4.0,4.0,2.0,1.0,5.0,7.0,0.0,6.0,6.0,z63,2025-10-28 14:22:31.604890,7.0
2003.0,2.0,2.0,1.0,1.0,1.0,1.0,4.0,4.0,4.0,5.0,1.0,72.0,2003.0,8.0,,"Über die Fachschaft, besonders in den ersten Wochen",685_724625,-999,2025-10-28T14:41:06.276Z,11,0,7,8,0,3,1,4,1.0,1.0,4,3,4,4,4,3,2,1.0,1.0,7.0,7.0,7.0,10.0,2.0,9,10,1,3,7,1,1,1,9,1,6,9,6,11,10,1,5,4,2,10,10.0,,,,,,,,1.0,1.0,1.0,1.0,1.0,1.0,7.0,3.0,3.0,0.0,2.0,2.0,5.0,1.0,4.0,1.0,2.3,4.0,6.0,6.0,6.0,5.0,3.0,5.0,6.0,5.0,6.0,3.0,2.0,3.0,2.0,685,2025-10-28 14:22:33.545836,5.0
2005.0,2.0,1.0,1.0,1.0,1.0,1.0,4.0,4.0,5.0,5.0,1.0,78.0,2024.0,0.0,,Ich habe Personen viel durch die Ersti Woche kennengelernt.,zfv_816170,-999,2025-10-28T14:47:51.667Z,11,0,5,0,0,3,1,4,2.0,2.0,5,3,4,5,5,3,3,2.0,2.0,9.0,6.0,4.0,3.0,3.0,6,0,0,0,8,1,2,2,4,0,0,6,4,3,0,2,0,0,6,0,6.0,,,,,,,,1.0,,1.0,1.0,1.0,,0.0,3.0,3.0,0.0,2.0,1.0,6.0,1.0,3.0,1.0,1.7,7.0,6.0,7.0,7.0,6.0,3.0,6.0,4.0,5.0,7.0,1.0,1.0,4.0,1.0,zfv,2025-10-28 14:22:33.653934,5.0
2003.0,2.0,2.0,2.0,2.0,2.0,2.0,4.0,5.0,5.0,5.0,2.0,0.0,2022.0,8.0,,,8st_756291,-999,2025-10-28T14:38:07.926Z,10,2,7,8,7,3,1,4,2.0,2.0,4,3,4,3,4,4,3,5.0,1.0,11.0,11.0,9.0,1.0,1.0,4,4,3,6,11,1,3,2,7,6,6,0,1,3,3,3,4,4,11,6,8.0,,,1.0,,,,,1.0,,1.0,,1.0,,1.0,3.0,2.0,0.0,5.0,3.0,2.0,1.0,5.0,0.0,2.7,3.0,5.0,4.0,3.0,4.0,5.0,5.0,6.0,5.0,5.0,1.0,2.0,2.0,2.0,8st,2025-10-28 14:22:34.130473,6.0
2004.0,1.0,1.0,1.0,1.0,1.0,1.0,3.0,3.0,3.0,3.0,1.0,0.0,2023.0,20.0,,  I met most of my friends during the orientation program at the beginning of the semester.,fzt_927288,-999,2025-10-28T14:44:34.818Z,8,4,6,7,5,2,1,3,1.0,1.0,4,4,3,4,4,4,2,6.0,6.0,6.0,6.0,6.0,6.0,6.0,6,6,6,6,6,2,2,2,6,6,6,6,6,6,6,6,6,6,6,6,6.0,,,,,,,,1.0,,1.0,,1.0,,8.0,3.0,2.0,1.0,5.0,3.0,3.0,0.0,1.0,0.0,2.3,2.0,3.0,5.0,5.0,5.0,3.0,4.0,6.0,5.0,5.0,6.0,1.0,5.0,0.0,fzt,2025-10-28 14:22:34.371158,4.0
2003.0,2.0,2.0,0.0,0.0,0.0,0.0,2.0,2.0,3.0,2.0,1.0,0.0,2019.0,0.0,,I met my friends in Go-Konstanz Program.,twg_762919,-999,2025-10-28T14:44:06.719Z,10,0,0,0,0,3,4,0,1.0,1.0,1,0,2,4,4,1,0,2.0,0.0,0.0,0.0,0.0,8.0,7.0,0,0,0,0,0,2,2,4,6,0,0,0,0,0,0,0,0,0,0,0,0.0,,,1.0,1.0,,1.0,,1.0,,1.0,,1.0,,3.0,3.0,3.0,1.0,1.0,1.0,4.0,1.0,5.0,0.0,2.3,2.0,3.0,4.0,5.0,3.0,3.0,5.0,6.0,2.0,5.0,5.0,1.0,15.0,5.0,twg,2025-10-28 14:22:35.132703,2.0
2007.0,2.0,2.0,2.0,2.0,2.0,2.0,3.0,0.0,3.0,3.0,1.0,0.0,2025.0,0.0,,Ich habe an dem Kon’start Programm und die Einführungveranstaltung teilgenommen. Ich spreche auch mit meiner Nachbarn in die Hörsalle.,9jr_881004,-999,2025-10-28T19:56:18.678Z,11,1,7,7,3,4,2,5,2.0,1.0,4,4,3,3,3,3,0,0.0,0.0,7.0,7.0,4.0,2.0,6.0,0,0,0,0,3,0,0,0,4,0,8,0,3,0,0,1,0,0,0,0,2.0,,,,,,,,1.0,,1.0,1.0,1.0,,3.0,2.0,2.0,0.0,4.0,3.0,7.0,1.0,5.0,1.0,1.7,7.0,7.0,4.0,6.0,6.0,5.0,7.0,5.0,4.0,6.0,1.0,1.0,10.0,3.0,9jr,2025-10-28 14:22:35.391259,4.0
2005.0,2.0,2.0,1.0,2.0,2.0,1.0,2.0,3.0,5.0,0.0,2.0,0.0,2024.0,0.0,Very interesting. ,"I met most people in the introduction, especially at the pub crawl or bierrathlon. ",8bz_767762,-999,2025-10-28T14:41:41.446Z,10,3,5,5,5,3,1,4,2.0,2.0,5,3,4,5,5,5,4,3.0,3.0,11.0,11.0,8.0,1.0,1.0,0,1,1,1,11,1,1,1,5,8,7,0,3,1,1,1,1,1,11,1,9.0,,,,,,,,1.0,,1.0,1.0,1.0,1.0,1.0,3.0,2.0,1.0,5.0,3.0,7.0,2.0,5.0,1.0,1.7,7.0,7.0,7.0,7.0,4.0,5.0,6.0,5.0,5.0,7.0,1.0,1.0,8.0,5.0,8bz,2025-10-28 14:22:35.789251,6.0
2003.0,2.0,2.0,2.0,2.0,2.0,2.0,3.0,3.0,3.0,4.0,2.0,47.0,2023.0,8.0,,,87a_994543,-999,2025-10-28T14:32:30.361Z,11,6,9,9,7,5,1,5,1.0,1.0,5,1,4,5,5,3,1,1.0,2.0,3.0,3.0,5.0,5.0,9.0,0,0,0,0,1,1,1,1,8,1,1,0,9,1,0,1,0,0,1,0,5.0,,,,,,1.0,1.0,1.0,,1.0,1.0,1.0,1.0,6.0,3.0,2.0,0.0,5.0,3.0,7.0,1.0,5.0,1.0,4.0,6.0,2.0,5.0,7.0,5.0,2.0,6.0,1.0,7.0,7.0,1.0,1.0,10.0,2.0,87a,2025-10-28 14:22:37.176536,4.0
2001.0,2.0,2.0,2.0,2.0,2.0,2.0,3.0,3.0,4.0,4.0,1.0,78.0,2020.0,7.0,,,vbh_215932,-999,2025-10-28T14:31:51.249Z,10,7,6,6,6,4,1,5,1.0,2.0,4,2,2,4,4,2,2,1.0,2.0,5.0,5.0,8.0,8.0,6.0,6,5,6,6,2,1,1,1,2,6,6,6,10,9,6,1,6,6,4,6,10.0,,,,,,,,1.0,,1.0,1.0,1.0,,0.0,3.0,2.0,0.0,5.0,3.0,3.0,0.0,5.0,0.0,2.0,4.0,5.0,4.0,6.0,2.0,3.0,5.0,3.0,2.0,5.0,9.0,3.0,2.0,0.0,vbh,2025-10-28 14:22:37.845121,4.0
2005.0,1.0,1.0,1.0,1.0,1.0,1.0,2.0,2.0,3.0,3.0,1.0,88.0,2024.0,0.0,Sehr gut!,"Setze mich in Tutorien einfach neben fremde Leute und dann kenn ich sie. Es gibt Gruppen, find ich nicht so gut,aber kann ja nichts machen dagegen .",8lm_254019,-999,2025-10-28T14:42:49.884Z,11,4,8,9,6,6,1,7,2.0,1.0,4,2,3,4,5,5,2,1.0,7.0,5.0,4.0,6.0,2.0,9.0,0,0,0,0,2,7,1,0,6,4,0,0,2,5,0,1,0,0,5,0,7.0,,,1.0,,,,,1.0,,1.0,1.0,1.0,1.0,6.0,3.0,3.0,0.0,2.0,1.0,6.0,1.0,5.0,1.0,2.7,4.0,4.0,6.0,7.0,5.0,2.0,6.0,5.0,5.0,7.0,1.0,1.0,13.0,1.0,8lm,2025-10-28 14:22:38.275563,3.0
2006.0,2.0,2.0,2.0,2.0,2.0,2.0,3.0,3.0,3.0,3.0,1.0,0.0,2024.0,0.0,,,3s1_503000,-999,2025-10-28T14:46:46.015Z,10,8,7,8,8,4,1,5,1.0,1.0,5,3,4,4,5,2,3,1.0,6.0,4.0,4.0,2.0,11.0,10.0,9,0,1,0,3,1,1,0,6,0,0,0,11,0,0,0,0,0,0,0,4.0,,,,,,,,1.0,,,,1.0,,6.0,3.0,2.0,0.0,5.0,3.0,2.0,1.0,5.0,1.0,2.0,6.0,4.0,6.0,6.0,6.0,3.0,4.0,3.0,6.0,6.0,1.0,1.0,,4.0,3s1,2025-10-28 14:22:38.338760,3.0
2005.0,2.0,2.0,2.0,0.0,2.0,1.0,3.0,3.0,4.0,3.0,1.0,69.0,2024.0,,,Die meisten meiner Freunde habe ich entweder auf der Ersti-Hütte oder der Ersti-Woche kennen gelernt.,m7x_699705,-999,2025-10-28T14:45:33.888Z,0,2,8,8,6,4,1,5,2.0,1.0,4,3,3,4,4,4,2,1.0,5.0,3.0,,5.0,7.0,8.0,8,5,0,0,4,1,1,1,6,1,0,6,0,8,6,3,6,6,3,0,6.0,,,,,,,,1.0,,1.0,,1.0,,6.0,3.0,3.0,0.0,2.0,2.0,3.0,1.0,4.0,1.0,2.3,4.0,5.0,2.0,6.0,5.0,3.0,5.0,5.0,3.0,4.0,1.0,1.0,8.0,2.0,m7x,2025-10-28 14:22:39.259509,3.0
2005.0,1.0,2.0,1.0,1.0,1.0,1.0,3.0,3.0,3.0,4.0,2.0,71.0,2024.0,0.0,,"Without the Ersti-Hoefe you have a slightly disadvantage in connecting with people. Ersti-Week was moderatly ok for networking and finding first friends. You will always meet new people in lectures and tutorials and connect with them, which is quite nice",e30_202076,-999,2025-10-28T14:41:53.438Z,11,9,9,10,7,4,2,6,1.0,2.0,4,3,4,4,4,5,3,1.0,2.0,1.0,1.0,3.0,10.0,8.0,9,5,1,5,1,1,1,1,3,1,6,1,11,10,10,1,5,1,1,1,6.0,,,1.0,1.0,,,,1.0,,1.0,,1.0,,7.0,2.0,3.0,0.0,1.0,2.0,7.0,2.0,5.0,1.0,1.7,6.0,5.0,6.0,6.0,7.0,3.0,6.0,4.0,5.0,6.0,1.0,1.0,3.0,6.0,e30,2025-10-28 14:22:39.708490,3.0
2005.0,2.0,1.0,1.0,1.0,1.0,1.0,3.0,3.0,4.0,4.0,2.0,7.0,2025.0,10.0,"Good, maybe more information beforehand",Erstihof - Erstiwoche,26o_770389,-999,2025-10-28T14:47:14.134Z,11,5,7,8,4,3,1,5,1.0,1.0,4,3,5,3,2,3,3,1.0,3.0,6.0,5.0,4.0,7.0,8.0,4,0,1,5,4,1,1,1,5,3,3,5,1,9,6,3,6,2,7,4,10.0,1.0,1.0,1.0,1.0,,1.0,1.0,1.0,1.0,1.0,1.0,1.0,,3.0,3.0,2.0,1.0,5.0,2.0,3.0,1.0,4.0,1.0,2.7,2.0,4.0,6.0,5.0,5.0,6.0,6.0,6.0,5.0,6.0,1.0,1.0,3.0,3.0,26o,2025-10-28 14:22:40.197638,5.0
2007.0,2.0,2.0,1.0,1.0,2.0,1.0,3.0,3.0,4.0,4.0,2.0,74.0,2025.0,0.0,,Hauptsächlich im Hörsaal,6qi_995554,-999,2025-10-28T14:37:04.494Z,11,9,8,9,6,4,1,4,1.0,1.0,5,4,5,4,4,5,2,1.0,1.0,3.0,3.0,4.0,9.0,4.0,8,8,1,6,3,1,1,1,8,2,8,9,2,10,0,1,4,3,3,2,10.0,,,,,,,,1.0,1.0,1.0,1.0,1.0,1.0,3.0,3.0,3.0,0.0,1.0,1.0,6.0,1.0,5.0,0.0,2.7,5.0,5.0,5.0,5.0,4.0,4.0,5.0,4.0,2.0,6.0,1.0,1.0,4.0,4.0,6qi,2025-10-28 14:22:40.377425,4.0
2005.0,2.0,2.0,0.0,2.0,0.0,1.0,3.0,3.0,4.0,3.0,1.0,76.0,2024.0,,,"Ersti-Höfen, Ersti-Woche, Fachschaft",4og_948431,-999,2025-10-28T14:46:59.496Z,11,9,7,7,7,4,1,5,1.0,1.0,5,3,4,4,5,4,4,1.0,1.0,1.0,1.0,1.0,8.0,10.0,6,2,1,0,1,1,1,1,3,1,0,7,11,11,0,1,0,1,1,3,3.0,1.0,,,,,,,1.0,,1.0,1.0,1.0,1.0,6.0,3.0,3.0,0.0,2.0,2.0,6.0,1.0,1.0,1.0,2.3,6.0,4.0,5.0,7.0,4.0,3.0,6.0,7.0,6.0,6.0,1.0,1.0,3.0,3.0,4og,2025-10-28 14:22:40.685214,2.0
2004.0,1.0,2.0,1.0,1.0,1.0,1.0,3.0,3.0,4.0,4.0,2.0,72.0,2023.0,0.0,,,0v6_477424,-999,2025-10-28T14:43:44.631Z,11,0,9,9,9,4,2,5,1.0,1.0,5,2,4,4,4,5,2,1.0,1.0,3.0,3.0,3.0,9.0,1.0,10,6,1,0,2,1,1,1,6,1,6,6,6,10,0,1,3,2,2,0,6.0,,,,,,1.0,,1.0,,1.0,1.0,1.0,,7.0,3.0,3.0,0.0,2.0,1.0,4.0,0.0,5.0,0.0,3.0,4.0,3.0,5.0,6.0,5.0,5.0,4.0,4.0,3.0,6.0,3.0,0.0,6.0,6.0,0v6,2025-10-28 14:22:40.935959,4.0
2003.0,2.0,2.0,1.0,1.0,0.0,1.0,4.0,4.0,5.0,5.0,2.0,66.0,2022.0,0.0,,"Die Ersti Veranstaltungen liefern sehr gute Möglichkeiten und auch darüber hinausgehende Events. Bisher habe ich noch keinen wirklich festen Freundeskreis aufbauen, ich bin gespannt wie sich das in der Zukunft entwickelt.",i8x_200136,-999,2025-10-28T14:40:28.706Z,11,7,8,9,9,4,2,6,1.0,1.0,4,3,5,3,4,5,2,1.0,2.0,3.0,2.0,2.0,10.0,8.0,8,7,1,0,3,1,1,1,6,1,6,0,10,11,9,1,7,2,2,5,7.0,,,,,,,,1.0,,1.0,1.0,1.0,1.0,7.0,3.0,3.0,0.0,2.0,2.0,7.0,0.0,5.0,1.0,1.7,7.0,7.0,6.0,5.0,7.0,4.0,6.0,4.0,3.0,6.0,1.0,1.0,2.0,3.0,i8x,2025-10-28 14:22:42.351281,3.0
2005.0,2.0,0.0,1.0,0.0,1.0,0.0,4.0,3.0,4.0,3.0,1.0,0.0,2025.0,0.0,,,vpi_895446,-999,2025-10-28T14:44:05.870Z,9,5,8,7,7,4,1,4,1.0,0.0,4,3,4,4,4,4,3,2.0,5.0,6.0,6.0,4.0,7.0,6.0,6,6,6,6,5,2,2,5,6,6,6,6,7,6,6,3,6,6,6,6,8.0,,,,,,,,,,1.0,,1.0,1.0,0.0,3.0,2.0,0.0,4.0,2.0,6.0,0.0,5.0,1.0,2.7,5.0,3.0,4.0,6.0,6.0,4.0,5.0,5.0,7.0,6.0,1.0,1.0,4.0,6.0,vpi,2025-10-28 14:22:43.568216,5.0
2005.0,1.0,2.0,1.0,2.0,1.0,1.0,4.0,3.0,4.0,4.0,2.0,73.0,2025.0,0.0,,,f07_486846,-999,2025-10-28T14:39:22.300Z,11,8,8,9,8,4,1,4,1.0,1.0,4,2,0,4,4,4,2,1.0,1.0,5.0,4.0,1.0,9.0,10.0,7,8,1,0,1,1,1,2,4,1,0,6,9,9,0,1,0,4,1,0,8.0,,,,,,,,1.0,1.0,1.0,1.0,1.0,1.0,6.0,3.0,3.0,0.0,2.0,1.0,7.0,0.0,2.0,1.0,0.0,3.0,0.0,4.0,5.0,5.0,3.0,5.0,6.0,4.0,6.0,1.0,2.0,6.0,3.0,f07,2025-10-28 14:22:44.575513,3.0
2003.0,1.0,1.0,1.0,1.0,1.0,1.0,3.0,3.0,4.0,4.0,1.0,78.0,2022.0,0.0,,Vorlesungen ,it8_899096,-999,2025-10-28T14:40:20.800Z,9,6,7,8,8,3,2,4,1.0,2.0,4,1,4,3,3,4,2,1.0,1.0,8.0,4.0,9.0,4.0,1.0,10,6,1,4,3,1,1,1,10,1,3,8,10,8,5,1,3,1,1,6,5.0,,,,,,,,1.0,,1.0,1.0,1.0,1.0,9.0,3.0,3.0,0.0,2.0,2.0,7.0,1.0,5.0,0.0,3.0,5.0,4.0,1.0,7.0,6.0,3.0,3.0,7.0,7.0,7.0,3.0,2.0,3.0,0.0,it8,2025-10-28 14:22:44.422882,6.0
2005.0,1.0,2.0,1.0,1.0,1.0,1.0,3.0,3.0,4.0,4.0,1.0,88.0,2024.0,0.0,,"Ich habe meine Freunde alle in der Erstiwoche kennengelernt. Alles in allem finde ich das soziale Netzwerk der Uni Konstanz sehr gut, es gibt viele Möglichkeiten soziale Kontakte zu knüpfen. ",go4_818740,-999,2025-10-28T14:45:29.767Z,11,8,8,9,5,3,1,3,1.0,1.0,1,4,4,4,3,5,3,1.0,2.0,3.0,2.0,6.0,10.0,7.0,9,8,1,9,3,1,1,1,4,1,5,9,11,11,11,1,8,3,1,1,8.0,,,,,,,,1.0,,1.0,,1.0,,7.0,3.0,3.0,0.0,2.0,2.0,7.0,2.0,5.0,1.0,3.0,7.0,6.0,5.0,7.0,6.0,4.0,6.0,2.0,4.0,6.0,1.0,1.0,5.0,6.0,go4,2025-10-28 14:22:44.665410,3.0
2004.0,2.0,2.0,1.0,1.0,1.0,1.0,2.0,2.0,5.0,5.0,1.0,70.0,2022.0,0.0,,,yby_134778,-999,2025-10-28T14:33:46.124Z,11,0,8,9,7,4,1,4,1.0,2.0,4,3,4,4,4,2,3,1.0,1.0,11.0,11.0,7.0,6.0,1.0,11,4,1,0,10,1,1,2,8,4,0,2,1,1,5,1,1,10,9,10,4.0,,,,,,,,1.0,,1.0,,1.0,,1.0,2.0,3.0,0.0,1.0,1.0,2.0,1.0,5.0,1.0,1.7,6.0,6.0,6.0,7.0,5.0,4.0,6.0,6.0,1.0,6.0,1.0,1.0,,4.0,yby,2025-10-28 14:22:44.748180,0.0
2005.0,1.0,1.0,1.0,1.0,1.0,1.0,3.0,2.0,3.0,3.0,1.0,7.0,2024.0,0.0,,"Kennengelernt habe ich die meisten Kommilitonen in der Ersti-Woche durch die Erst-Hütte, das Ersti Frühstück und der Bar Tour ",4z1_283403,-999,2025-10-28T14:43:48.972Z,11,2,7,8,7,5,1,6,1.0,2.0,0,4,4,4,5,5,2,1.0,1.0,3.0,1.0,1.0,9.0,7.0,9,7,1,7,3,1,1,1,8,6,7,6,8,10,6,1,6,1,1,1,7.0,,,,1.0,,,1.0,1.0,,1.0,1.0,1.0,,7.0,3.0,2.0,0.0,5.0,2.0,7.0,1.0,5.0,0.0,2.0,7.0,7.0,5.0,7.0,6.0,6.0,7.0,4.0,4.0,7.0,3.0,0.0,10.0,6.0,4z1,2025-10-28 14:22:45.303229,4.0
2006.0,2.0,2.0,1.0,1.0,1.0,1.0,4.0,4.0,3.0,4.0,1.0,72.0,2024.0,0.0,,,h3h_963396,-999,2025-10-28T14:47:44.214Z,11,7,8,9,8,4,2,5,1.0,1.0,0,0,0,0,0,0,0,1.0,2.0,2.0,2.0,2.0,9.0,10.0,3,6,6,6,2,1,1,1,6,1,0,6,11,8,0,1,0,0,1,6,8.0,,,1.0,,,,,1.0,,1.0,1.0,1.0,1.0,6.0,3.0,3.0,0.0,2.0,2.0,6.0,1.0,3.0,1.0,3.0,4.0,6.0,4.0,6.0,6.0,3.0,7.0,4.0,6.0,6.0,1.0,1.0,4.0,1.0,h3h,2025-10-28 14:22:46.728641,3.0
2003.0,1.0,1.0,1.0,1.0,1.0,1.0,2.0,3.0,4.0,2.0,2.0,88.0,2021.0,0.0,,Until now i have not made friends or close connections with anyone.,9sx_187502,-999,2025-10-28T14:35:59.855Z,11,2,7,8,8,3,1,4,2.0,1.0,4,4,5,3,3,5,2,1.0,1.0,5.0,5.0,7.0,7.0,1.0,8,5,1,0,5,1,2,2,7,3,8,7,3,7,6,1,0,2,2,5,5.0,,,1.0,1.0,,,,1.0,,1.0,1.0,1.0,,0.0,3.0,3.0,0.0,3.0,2.0,7.0,0.0,5.0,0.0,2.3,5.0,4.0,6.0,7.0,4.0,3.0,5.0,6.0,2.0,5.0,1.0,1.0,5.0,6.0,9sx,2025-10-28 14:22:46.777700,6.0
2006.0,1.0,2.0,2.0,1.0,1.0,1.0,3.0,3.0,4.0,4.0,2.0,71.0,2024.0,0.0,,"Habe die Personen vor allem auf den Ersti-Höfen kennengelent. Aber auch vor den Vorlesungsräumen oder bdi Veranstaltungen. Trotzdem war es immer hilfreich und schön, Leute vom Erdti-Hof zu kennen.",pkl_132088,-999,2025-10-28T14:46:26.184Z,11,3,7,8,8,5,1,5,1.0,1.0,5,2,3,4,4,2,2,1.0,1.0,8.0,7.0,6.0,7.0,2.0,11,0,2,0,7,1,3,3,7,5,0,0,3,7,0,3,0,0,6,0,7.0,,,,,,,,1.0,1.0,1.0,,1.0,,1.0,4.0,2.0,0.0,4.0,2.0,6.0,0.0,3.0,1.0,2.3,6.0,4.0,6.0,6.0,5.0,6.0,3.0,3.0,4.0,6.0,1.0,1.0,8.0,2.0,pkl,2025-10-28 14:22:46.840526,6.0
2005.0,2.0,2.0,1.0,1.0,0.0,1.0,2.0,2.0,4.0,3.0,2.0,65.0,2024.0,0.0,,,0dz_161148,-999,2025-10-28T14:36:34.260Z,10,8,6,7,7,3,2,3,1.0,1.0,4,2,5,4,4,5,2,1.0,2.0,4.0,4.0,3.0,9.0,9.0,7,8,1,8,3,1,1,2,5,2,8,9,2,9,8,1,4,3,2,4,10.0,1.0,1.0,1.0,1.0,,1.0,1.0,1.0,1.0,1.0,,1.0,1.0,3.0,3.0,3.0,0.0,2.0,2.0,2.0,1.0,5.0,0.0,2.0,2.0,4.0,3.0,6.0,6.0,4.0,5.0,5.0,4.0,6.0,1.0,2.0,3.0,0.0,0dz,2025-10-28 14:22:47.055694,
2005.0,1.0,1.0,1.0,1.0,1.0,1.0,2.0,2.0,4.0,4.0,1.0,78.0,2024.0,6.0,,,jne_449450,-999,2025-10-28T14:32:16.754Z,11,5,9,7,0,7,0,5,2.0,2.0,5,2,5,4,5,2,2,1.0,1.0,1.0,3.0,6.0,6.0,9.0,6,6,6,6,1,1,1,6,3,5,6,6,11,6,6,1,0,6,4,6,8.0,,,,,,,,1.0,,1.0,1.0,1.0,1.0,6.0,3.0,2.0,0.0,5.0,3.0,6.0,3.0,4.0,0.0,3.7,6.0,6.0,6.0,6.0,3.0,6.0,7.0,6.0,6.0,6.0,1.0,2.0,2.0,1.0,jne,2025-10-28 14:22:47.558955,
2005.0,2.0,2.0,1.0,1.0,2.0,1.0,3.0,4.0,4.0,4.0,2.0,50.0,2024.0,0.0,,Personen habe ich vor allem in der Ersti Woche kennengelernt und über einen Kumpel.,zme_404131,-999,2025-10-28T14:40:37.513Z,11,11,7,8,7,5,1,6,2.0,1.0,4,3,5,4,4,5,3,1.0,1.0,10.0,5.0,8.0,10.0,1.0,11,3,1,5,10,1,1,1,10,1,10,8,3,10,6,1,6,5,5,5,9.0,,,1.0,,,,,1.0,,1.0,1.0,1.0,,1.0,3.0,2.0,0.0,5.0,3.0,5.0,1.0,5.0,1.0,3.7,5.0,5.0,3.0,7.0,2.0,1.0,4.0,6.0,6.0,4.0,1.0,1.0,2.0,1.0,zme,2025-10-28 14:22:48.060140,6.0
2005.0,2.0,1.0,1.0,1.0,2.0,1.0,4.0,4.0,4.0,3.0,1.0,61.0,2025.0,0.0,,,bjp_950976,-999,2025-10-28T14:47:25.264Z,0,0,0,0,0,0,0,0,1.0,1.0,4,2,4,4,4,2,2,1.0,1.0,6.0,6.0,2.0,10.0,3.0,0,0,0,8,5,1,1,0,0,1,0,0,8,0,0,1,0,0,7,0,9.0,,,,,,,,1.0,,1.0,1.0,1.0,,3.0,3.0,3.0,0.0,2.0,2.0,6.0,1.0,3.0,,3.0,4.0,3.0,6.0,6.0,4.0,3.0,7.0,4.0,6.0,7.0,1.0,1.0,3.0,1.0,bjp,2025-10-28 14:22:48.608262,4.0
2006.0,1.0,1.0,1.0,1.0,0.0,1.0,4.0,4.0,3.0,3.0,1.0,67.0,2025.0,15.0,Mehr Auswahlmöglichkeiten woher man die Leute kennt,Die Erstihütte sowie Erstiwoche waren sehr gut um erste Kontakte zu schließen und Freundschaften zu knüpfen. Auch die wöchentlichen Angebote finde ich gut.,zit_597423,-999,2025-10-28T14:45:15.078Z,11,9,7,8,8,4,2,5,1.0,1.0,3,3,4,4,4,4,2,1.0,2.0,3.0,2.0,3.0,9.0,9.0,4,4,1,0,2,1,1,1,4,1,3,0,11,11,8,1,0,4,2,6,6.0,,,1.0,,,,,1.0,,1.0,1.0,1.0,1.0,3.0,3.0,3.0,0.0,2.0,2.0,0.0,1.0,1.0,1.0,2.0,2.0,6.0,3.0,5.0,6.0,4.0,7.0,5.0,6.0,6.0,1.0,1.0,30.0,4.0,zit,2025-10-28 14:22:49.227257,4.0
2007.0,1.0,2.0,2.0,2.0,2.0,1.0,4.0,4.0,2.0,3.0,2.0,0.0,2025.0,0.0,,,e6v_773507,-999,2025-10-28T14:40:24.146Z,9,6,5,6,6,5,1,2,1.0,1.0,4,2,3,4,4,3,2,5.0,6.0,0.0,0.0,,7.0,3.0,0,0,0,0,0,5,5,2,6,0,0,0,4,0,0,0,0,0,0,0,9.0,,,,,,1.0,,1.0,,,1.0,1.0,1.0,11.0,3.0,3.0,1.0,2.0,2.0,3.0,2.0,5.0,1.0,2.0,7.0,6.0,7.0,7.0,6.0,5.0,5.0,3.0,4.0,7.0,1.0,1.0,5.0,4.0,e6v,2025-10-28 14:22:49.272829,7.0
2006.0,1.0,1.0,1.0,1.0,1.0,1.0,4.0,4.0,3.0,4.0,1.0,88.0,2024.0,0.0,,"Auf den Erstihöfen, in der Ersti-Woche ",2wb_705443,-999,2025-10-28T14:45:49.705Z,11,7,9,9,6,4,2,4,1.0,1.0,3,2,4,4,4,4,3,1.0,4.0,2.0,1.0,4.0,7.0,10.0,6,4,1,8,1,1,1,1,8,1,4,6,10,7,0,1,7,0,2,8,8.0,,,,,,,,1.0,,,,1.0,1.0,6.0,3.0,3.0,0.0,2.0,1.0,7.0,1.0,2.0,1.0,1.0,4.0,7.0,7.0,6.0,6.0,6.0,7.0,5.0,6.0,6.0,1.0,1.0,2.0,4.0,2wb,2025-10-28 14:22:49.927905,2.0
2007.0,1.0,2.0,1.0,1.0,1.0,1.0,3.0,2.0,4.0,4.0,2.0,7.0,2025.0,0.0,,,40m_403001,-999,2025-10-28T14:35:17.475Z,10,8,8,9,7,4,2,5,2.0,1.0,2,1,4,2,3,4,3,1.0,2.0,4.0,2.0,3.0,10.0,11.0,4,8,1,0,2,1,1,1,6,3,8,4,11,8,3,1,11,2,2,0,8.0,,,1.0,1.0,,,,,,1.0,,1.0,1.0,6.0,3.0,2.0,0.0,5.0,2.0,5.0,1.0,5.0,0.0,4.0,1.0,1.0,2.0,1.0,6.0,4.0,6.0,5.0,1.0,6.0,1.0,2.0,3.0,1.0,40m,2025-10-28 14:22:49.934235,
2003.0,2.0,2.0,2.0,1.0,2.0,1.0,4.0,3.0,2.0,3.0,1.0,79.0,2022.0,,,viele Menschen hab ich über die erstiveranstaltungen aber auch durch vorhandene Freunde kennengelernt.,wto_812436,-999,2025-10-28T14:42:45.713Z,11,4,8,9,9,4,2,5,1.0,1.0,5,3,4,5,5,3,4,1.0,4.0,2.0,1.0,2.0,8.0,10.0,4,8,2,0,5,1,1,1,5,2,2,6,7,11,7,1,5,3,2,6,5.0,,,,,,,,1.0,,,,1.0,,6.0,3.0,3.0,0.0,2.0,1.0,6.0,1.0,2.0,1.0,3.7,2.0,2.0,3.0,6.0,6.0,2.0,3.0,7.0,7.0,4.0,1.0,2.0,1.0,3.0,wto,2025-10-28 14:22:50.105468,2.0
2005.0,2.0,2.0,1.0,2.0,1.0,2.0,3.0,3.0,4.0,4.0,1.0,79.0,2024.0,,War megaaaa,Über Veranstaltungen der Fachschaften,7w1_976809,-999,2025-10-28T14:44:19.778Z,11,9,7,8,8,4,2,5,1.0,1.0,4,4,4,3,4,4,2,1.0,2.0,2.0,1.0,1.0,7.0,9.0,2,6,1,6,1,1,1,2,8,1,1,4,10,9,0,1,6,3,1,5,6.0,,,,,,,,,1.0,1.0,1.0,1.0,,6.0,3.0,3.0,0.0,2.0,1.0,6.0,1.0,2.0,1.0,0.0,3.0,3.0,2.0,5.0,4.0,3.0,6.0,4.0,5.0,5.0,1.0,2.0,5.0,6.0,7w1,2025-10-28 14:22:50.427529,3.0
2002.0,2.0,2.0,2.0,1.0,2.0,1.0,5.0,5.0,3.0,3.0,2.0,79.0,2020.0,8.0,,Erstiveranstaltungen von Lehramt,ff5_333381,-999,2025-10-28T14:37:27.511Z,10,8,8,9,7,4,2,5,1.0,1.0,4,4,5,4,4,5,3,1.0,1.0,3.0,2.0,3.0,8.0,4.0,11,8,1,0,5,1,1,1,11,3,8,8,8,10,9,1,0,3,2,4,9.0,,,,,,,,1.0,,1.0,1.0,1.0,1.0,3.0,3.0,2.0,0.0,4.0,3.0,4.0,1.0,5.0,0.0,2.7,4.0,4.0,4.0,4.0,3.0,4.0,4.0,4.0,3.0,4.0,3.0,2.0,3.0,2.0,ff5,2025-10-28 14:22:50.617525,4.0
2004.0,1.0,2.0,1.0,0.0,1.0,1.0,2.0,2.0,3.0,2.0,1.0,72.0,2023.0,0.0,,"Ersti-Veranstaltungen, Hochschulgruppen, Vorlesungen/Tutorien",zda_173147,-999,2025-10-28T14:37:36.466Z,10,5,8,8,7,6,3,7,1.0,1.0,4,2,4,3,3,3,2,1.0,6.0,5.0,5.0,6.0,8.0,9.0,0,0,0,0,3,1,1,1,9,0,0,0,11,8,0,2,0,4,4,5,7.0,,,1.0,,,1.0,,1.0,,1.0,1.0,1.0,1.0,6.0,3.0,3.0,0.0,2.0,2.0,7.0,0.0,2.0,1.0,3.7,4.0,4.0,3.0,7.0,4.0,3.0,4.0,4.0,5.0,6.0,1.0,1.0,8.0,5.0,zda,2025-10-28 14:22:51.022077,4.0
2005.0,2.0,2.0,1.0,2.0,1.0,1.0,4.0,4.0,5.0,5.0,2.0,86.0,2022.0,0.0,,,1a7_237745,-999,2025-10-28T14:41:05.652Z,11,3,8,9,7,4,2,4,2.0,1.0,4,2,4,4,3,5,3,1.0,2.0,5.0,4.0,5.0,9.0,5.0,10,0,0,0,5,1,1,2,6,3,6,0,7,9,0,1,0,0,3,0,9.0,,,1.0,,,,,,,1.0,,1.0,,3.0,3.0,2.0,0.0,4.0,3.0,3.0,1.0,1.0,1.0,3.0,4.0,6.0,5.0,5.0,6.0,3.0,4.0,6.0,2.0,4.0,1.0,1.0,2.0,5.0,1a7,2025-10-28 14:22:51.918235,4.0
2005.0,2.0,2.0,1.0,2.0,2.0,2.0,3.0,3.0,2.0,3.0,2.0,58.0,2024.0,0.0,,Auf der Ersti Hütte und bei der Ersti Woche und durch eine sehr aktive Fachschaft,1zx_147860,-999,2025-10-28T14:45:16.501Z,11,7,8,9,7,3,1,2,1.0,1.0,4,3,4,4,4,5,3,1.0,1.0,1.0,1.0,3.0,10.0,9.0,8,8,1,6,1,1,1,1,7,1,0,9,10,11,8,1,0,1,1,0,10.0,1.0,,,,,1.0,,1.0,1.0,1.0,1.0,1.0,,3.0,3.0,3.0,0.0,2.0,1.0,6.0,1.0,4.0,1.0,3.0,3.0,4.0,5.0,7.0,6.0,3.0,5.0,7.0,5.0,5.0,1.0,1.0,5.0,3.0,1zx,2025-10-28 14:22:52.261987,3.0
2007.0,2.0,2.0,1.0,0.0,1.0,0.0,4.0,3.0,4.0,4.0,1.0,78.0,2025.0,0.0,,Ich habe die Leute beim Ersti- Hof und bei der Ersti Woche kennengelernt ,iqk_969806,-999,2025-10-28T14:43:39.299Z,11,8,7,7,6,4,2,5,2.0,1.0,5,4,5,4,4,5,4,1.0,1.0,3.0,3.0,3.0,10.0,9.0,9,9,1,0,4,1,1,3,9,3,0,8,11,10,0,1,0,2,2,0,9.0,,,,,,,,1.0,,1.0,,1.0,,7.0,3.0,2.0,0.0,4.0,2.0,5.0,1.0,1.0,1.0,3.0,6.0,0.0,3.0,7.0,6.0,6.0,6.0,7.0,7.0,7.0,1.0,1.0,4.0,2.0,iqk,2025-10-28 14:22:52.513489,3.0
2006.0,1.0,1.0,1.0,2.0,1.0,2.0,3.0,3.0,3.0,4.0,1.0,68.0,2024.0,0.0,,Die Ersti-Woche und -Höfe waren sehr gut um Leute kennenzulernen.,k8p_430774,-999,2025-10-28T14:41:55.396Z,11,7,7,8,8,5,2,5,2.0,1.0,4,3,4,4,5,4,2,1.0,3.0,3.0,2.0,4.0,5.0,10.0,8,6,0,10,3,1,1,1,4,1,0,9,11,7,0,1,10,2,2,0,5.0,,,1.0,1.0,,,,1.0,1.0,1.0,1.0,1.0,1.0,6.0,3.0,3.0,0.0,3.0,2.0,6.0,1.0,3.0,1.0,2.7,3.0,5.0,6.0,5.0,6.0,4.0,7.0,5.0,5.0,6.0,1.0,1.0,5.0,4.0,k8p,2025-10-28 14:22:52.971079,3.0
2005.0,1.0,1.0,1.0,1.0,1.0,1.0,3.0,3.0,5.0,4.0,2.0,79.0,2024.0,0.0,,"Ich fühle mich sehr aufgehoben, es wurde viel unternommen, dass sich erst-semester untereinander gut kennenlernen. Dennoch kann es schwierig sein die richtigen freunde zu finden",fyg_872166,-999,2025-10-28T14:37:25.020Z,11,10,8,9,8,3,1,5,1.0,1.0,4,3,4,4,4,5,2,1.0,1.0,3.0,2.0,3.0,9.0,10.0,5,5,1,0,2,1,1,1,3,1,3,5,10,8,0,1,0,3,2,2,8.0,,,1.0,1.0,,,,1.0,,1.0,,1.0,,6.0,3.0,3.0,0.0,2.0,1.0,7.0,1.0,2.0,1.0,2.7,5.0,5.0,5.0,4.0,6.0,4.0,7.0,6.0,5.0,7.0,1.0,1.0,6.0,6.0,fyg,2025-10-28 14:22:53.818272,3.0
2006.0,1.0,1.0,1.0,1.0,1.0,1.0,3.0,3.0,4.0,4.0,1.0,79.0,2025.0,0.0,,"Erstihütte, Erstiwoche",w9x_843787,-999,2025-10-28T15:52:30.068Z,9,5,6,7,7,4,2,4,2.0,1.0,4,4,4,4,4,4,4,2.0,4.0,8.0,7.0,5.0,7.0,4.0,7,0,0,0,4,1,1,1,8,2,0,0,7,8,0,2,0,4,5,0,9.0,,,,,,,,1.0,,1.0,1.0,1.0,1.0,3.0,3.0,2.0,0.0,5.0,3.0,6.0,0.0,1.0,1.0,2.0,7.0,5.0,5.0,6.0,6.0,4.0,6.0,6.0,6.0,6.0,1.0,1.0,2.0,3.0,w9x,2025-10-28 14:22:54.306586,4.0
2006.0,1.0,1.0,1.0,1.0,1.0,1.0,4.0,5.0,4.0,4.0,2.0,73.0,2025.0,0.0,,"Durch die Fachschaft und den von ihnen organisierten Erstihof konnte man bereits vor dem Studium neue Menschen kennenlernen. Auch die Erstiwoche hat viel dazu beigetragen, dass man mit fremden in Kontakt kommt",ljz_598690,-999,2025-10-28T14:43:10.554Z,0,0,9,9,8,3,1,5,1.0,1.0,4,3,4,4,4,4,2,1.0,1.0,3.0,3.0,4.0,9.0,7.0,10,0,1,0,3,1,1,1,10,0,0,0,6,8,0,1,0,0,3,0,9.0,,,1.0,,,,,1.0,,1.0,1.0,1.0,1.0,3.0,3.0,2.0,0.0,4.0,2.0,5.0,0.0,2.0,1.0,2.7,3.0,3.0,3.0,7.0,4.0,6.0,5.0,5.0,6.0,7.0,1.0,1.0,2.0,2.0,ljz,2025-10-28 14:22:54.719639,5.0
2005.0,2.0,2.0,2.0,1.0,2.0,1.0,4.0,3.0,4.0,5.0,2.0,73.0,2024.0,0.0,,"Bar Tour, beim kiffen oder in der Vorlesung.",v0p_235782,-999,2025-10-28T14:38:10.682Z,11,5,8,8,7,5,2,4,1.0,1.0,5,2,5,3,4,5,2,1.0,2.0,2.0,2.0,3.0,8.0,10.0,9,9,1,11,1,1,1,1,7,1,7,11,9,9,6,1,10,2,3,3,10.0,,,1.0,,,1.0,,1.0,,1.0,1.0,1.0,1.0,6.0,3.0,3.0,0.0,2.0,2.0,2.0,2.0,5.0,1.0,4.0,4.0,3.0,6.0,6.0,6.0,5.0,6.0,5.0,6.0,7.0,1.0,1.0,4.0,1.0,v0p,2025-10-28 14:22:54.595516,2.0
2006.0,2.0,1.0,1.0,1.0,1.0,1.0,4.0,4.0,5.0,5.0,2.0,79.0,2024.0,,,Hauptsächlich über die Veranstaltungen der Fachschaft,58c_963374,-999,-999,10,8,7,8,6,4,3,5,1.0,1.0,4,3,4,4,3,4,3,2.0,2.0,5.0,4.0,5.0,7.0,7.0,10,7,2,0,6,1,2,2,6,4,7,7,6,8,0,2,6,5,5,6,8.0,,,1.0,1.0,,,1.0,1.0,,1.0,1.0,1.0,,3.0,3.0,3.0,0.0,2.0,2.0,5.0,1.0,1.0,1.0,0.0,5.0,6.0,5.0,6.0,4.0,3.0,3.0,4.0,6.0,5.0,1.0,1.0,,4.0,58c,2025-10-28 14:22:54.808264,5.0
2005.0,1.0,2.0,1.0,1.0,1.0,1.0,2.0,2.0,1.0,1.0,1.0,88.0,2024.0,0.0,,,8mx_286085,-999,2025-10-28T14:40:49.941Z,11,0,9,10,9,6,3,6,1.0,1.0,5,1,5,4,4,4,1,1.0,0.0,1.0,1.0,2.0,4.0,9.0,3,6,1,10,1,1,1,1,3,1,1,9,11,0,0,1,6,3,1,1,4.0,,1.0,1.0,,,,,1.0,1.0,,,1.0,1.0,6.0,3.0,2.0,0.0,4.0,2.0,7.0,1.0,5.0,1.0,2.3,7.0,5.0,5.0,6.0,6.0,4.0,6.0,4.0,6.0,6.0,1.0,1.0,5.0,6.0,8mx,2025-10-28 14:22:54.949720,1.0
2005.0,2.0,2.0,0.0,0.0,1.0,1.0,3.0,3.0,3.0,3.0,1.0,99.0,2023.0,,,,ak1_717092,-999,2025-10-28T14:34:10.355Z,11,6,10,10,9,2,1,4,1.0,1.0,4,2,4,4,4,4,2,1.0,3.0,1.0,1.0,2.0,11.0,11.0,0,0,0,0,1,1,1,1,0,0,0,0,11,0,0,1,0,0,1,0,9.0,1.0,,,,,,,1.0,,1.0,,1.0,,7.0,3.0,3.0,0.0,2.0,1.0,1.0,,5.0,0.0,2.3,1.0,5.0,2.0,7.0,5.0,3.0,4.0,4.0,4.0,6.0,,,2.0,1.0,ak1,2025-10-28 14:22:55.081744,0.0
2005.0,2.0,2.0,1.0,0.0,1.0,1.0,3.0,3.0,4.0,3.0,2.0,88.0,2025.0,0.0,,,fle_410655,-999,2025-10-28T14:45:48.439Z,11,1,8,9,7,3,2,5,2.0,1.0,3,2,5,4,3,5,4,1.0,1.0,3.0,1.0,1.0,8.0,10.0,10,10,6,0,2,1,1,1,9,2,9,9,11,11,0,1,0,2,1,9,9.0,,,1.0,1.0,,1.0,,1.0,,1.0,1.0,1.0,1.0,3.0,3.0,3.0,0.0,2.0,2.0,5.0,0.0,1.0,1.0,2.3,4.0,4.0,6.0,6.0,3.0,5.0,5.0,6.0,7.0,5.0,1.0,1.0,,4.0,fle,2025-10-28 14:22:55.231828,3.0
2006.0,1.0,2.0,1.0,1.0,2.0,1.0,3.0,3.0,4.0,4.0,2.0,78.0,2024.0,0.0,,Ich habe besonders über die Ersti Veranstaltungen neue Personen kennengelernt. ,bty_839030,-999,2025-10-28T14:47:22.472Z,0,6,8,9,6,4,1,5,1.0,1.0,4,2,4,4,4,4,2,1.0,1.0,2.0,1.0,2.0,8.0,7.0,8,5,1,6,1,1,1,1,6,1,6,8,7,10,5,1,5,1,1,5,5.0,,,1.0,,,,,1.0,,1.0,1.0,1.0,1.0,7.0,3.0,3.0,0.0,2.0,2.0,2.0,1.0,4.0,1.0,3.7,5.0,5.0,4.0,7.0,6.0,5.0,5.0,6.0,5.0,6.0,1.0,1.0,3.0,3.0,bty,2025-10-28 14:22:55.364087,3.0
2001.0,1.0,2.0,0.0,1.0,1.0,1.0,3.0,2.0,2.0,3.0,1.0,76.0,2019.0,40.0,"Ich hab im Nachhinein festgestellt, dass ich leider 40 Stunden statt 4 Stunden getippt habe, habe ich vertippt. Sorry.",Meistens ganz spontan zwischen den Vorlesungen. ,svh_153511,-999,2025-10-28T14:32:04.332Z,11,1,7,8,6,4,2,4,1.0,1.0,4,1,4,4,4,4,2,1.0,1.0,3.0,2.0,6.0,2.0,4.0,8,3,2,0,3,2,1,1,5,2,4,6,3,4,0,2,0,3,2,3,3.0,,,,,,,,1.0,,,,,,5.0,3.0,3.0,0.0,2.0,2.0,5.0,1.0,5.0,1.0,2.3,5.0,4.0,4.0,6.0,6.0,3.0,5.0,6.0,4.0,6.0,5.0,2.0,40.0,0.0,svh,2025-10-28 14:22:55.573827,6.0
2005.0,2.0,1.0,2.0,2.0,2.0,2.0,3.0,4.0,4.0,0.0,1.0,72.0,2023.0,0.0,,"ich habe personen bei der ersti-woche kennengelernt,   die sozialen netzwerke informieren gut über anstehende events der fachschaft",aq6_383846,-999,2025-10-28T14:43:55.973Z,11,7,8,9,9,4,1,6,1.0,1.0,5,3,4,4,5,4,3,1.0,1.0,3.0,2.0,2.0,9.0,9.0,7,8,1,10,3,1,1,1,3,1,3,7,8,8,9,1,8,7,3,8,6.0,,,,,,,,1.0,1.0,1.0,1.0,1.0,,0.0,3.0,3.0,0.0,2.0,2.0,2.0,0.0,5.0,1.0,2.7,3.0,2.0,4.0,6.0,7.0,4.0,5.0,5.0,6.0,6.0,1.0,1.0,6.0,3.0,aq6,2025-10-28 14:22:55.618165,4.0
2002.0,2.0,2.0,2.0,0.0,2.0,0.0,3.0,3.0,3.0,4.0,2.0,77.0,2021.0,12.0,,Fachschaft Lehramt ,tz9_641195,-999,2025-10-28T14:38:03.683Z,10,8,8,9,7,5,2,6,1.0,1.0,4,2,5,4,4,5,4,1.0,2.0,3.0,2.0,4.0,7.0,9.0,9,8,1,10,1,1,1,1,6,1,2,9,4,10,8,1,10,3,2,3,8.0,,,,,,,,1.0,,1.0,1.0,,,6.0,3.0,2.0,0.0,4.0,3.0,4.0,1.0,5.0,0.0,4.0,4.0,2.0,3.0,7.0,4.0,3.0,5.0,6.0,5.0,5.0,7.0,2.0,,2.0,tz9,2025-10-28 14:22:55.862486,4.0
2002.0,1.0,2.0,1.0,1.0,1.0,1.0,4.0,4.0,3.0,3.0,2.0,47.0,2021.0,10.0,,,4w0_881454,-999,2025-10-28T14:46:21.278Z,11,9,7,8,7,3,1,4,2.0,1.0,4,3,4,3,4,4,3,1.0,2.0,5.0,4.0,3.0,8.0,2.0,10,8,1,6,7,1,3,3,7,7,9,8,6,10,7,1,3,3,3,0,8.0,,,,,,,,,,1.0,,1.0,,3.0,5.0,3.0,0.0,1.0,1.0,6.0,1.0,4.0,1.0,2.0,6.0,5.0,7.0,6.0,6.0,5.0,7.0,4.0,4.0,7.0,1.0,1.0,3.0,2.0,4w0,2025-10-28 14:22:56.725194,4.0
2006.0,1.0,2.0,1.0,2.0,0.0,1.0,2.0,3.0,3.0,2.0,1.0,0.0,2025.0,0.0,,through freshers week,yyj_678045,-999,2025-10-28T14:46:37.885Z,11,8,7,8,8,4,1,5,2.0,1.0,3,2,5,4,3,4,3,1.0,2.0,5.0,4.0,3.0,10.0,7.0,8,0,0,0,3,1,1,1,8,2,7,0,10,10,0,1,0,0,3,0,9.0,,,,,,,1.0,1.0,,1.0,1.0,1.0,1.0,7.0,3.0,3.0,1.0,2.0,1.0,7.0,2.0,4.0,1.0,3.0,6.0,7.0,6.0,7.0,5.0,3.0,6.0,3.0,6.0,7.0,1.0,1.0,10.0,6.0,yyj,2025-10-28 14:22:57.459642,3.0
2004.0,1.0,1.0,1.0,1.0,1.0,1.0,3.0,3.0,4.0,4.0,2.0,21.0,2024.0,0.0,,In der erste Woche und in den Vorlesungen und Tutorien ,x27_568464,-999,2025-10-28T14:39:11.543Z,11,1,7,8,6,4,2,5,2.0,2.0,3,2,4,4,2,2,2,1.0,1.0,4.0,2.0,5.0,8.0,5.0,9,6,1,6,4,1,1,1,6,4,5,7,6,10,8,1,6,4,2,3,6.0,,,1.0,1.0,,1.0,,1.0,,1.0,1.0,1.0,1.0,7.0,3.0,3.0,0.0,2.0,2.0,6.0,1.0,5.0,1.0,2.7,3.0,6.0,4.0,7.0,5.0,4.0,5.0,4.0,5.0,6.0,1.0,1.0,3.0,5.0,x27,2025-10-28 14:22:57.613919,3.0
2004.0,1.0,1.0,1.0,1.0,1.0,1.0,3.0,2.0,4.0,3.0,2.0,78.0,2023.0,0.0,,Über Einführungsveranstaltungen und Angebote der Faschaft,y03_718468,-999,2025-10-28T14:41:50.306Z,11,0,8,9,7,5,3,5,1.0,1.0,3,1,4,4,4,4,2,1.0,2.0,3.0,2.0,1.0,8.0,9.0,8,4,1,7,2,2,1,5,8,2,5,4,9,7,0,1,0,1,1,1,4.0,,,1.0,,,,,,,1.0,,1.0,,6.0,3.0,2.0,0.0,4.0,2.0,6.0,0.0,5.0,0.0,4.0,3.0,1.0,1.0,5.0,4.0,4.0,5.0,2.0,5.0,5.0,5.0,1.0,,6.0,y03,2025-10-28 14:22:58.004428,4.0
2006.0,1.0,1.0,1.0,1.0,1.0,1.0,3.0,3.0,4.0,4.0,1.0,78.0,2025.0,40.0,,Erstihof und Veranstaltungen,erw_689184,-999,2025-10-28T14:45:53.783Z,10,7,7,8,7,5,2,5,1.0,1.0,4,3,3,3,3,4,2,1.0,3.0,2.0,1.0,2.0,5.0,10.0,2,2,1,0,1,1,1,1,3,1,0,4,9,6,0,1,0,2,1,0,7.0,,,1.0,,,,,1.0,,1.0,1.0,1.0,1.0,6.0,3.0,3.0,0.0,2.0,2.0,7.0,1.0,1.0,1.0,3.0,7.0,4.0,3.0,7.0,6.0,5.0,6.0,3.0,7.0,7.0,1.0,1.0,,2.0,erw,2025-10-28 14:22:58.018782,2.0
2005.0,2.0,2.0,0.0,0.0,0.0,0.0,3.0,3.0,4.0,4.0,2.0,73.0,2025.0,,,Der Ersti-hof war entscheidend ,klf_691038,-999,2025-10-28T14:52:46.475Z,11,10,8,9,5,3,1,4,2.0,1.0,4,4,4,4,4,4,3,1.0,1.0,9.0,7.0,7.0,7.0,1.0,10,7,1,0,8,1,1,1,9,4,8,9,1,7,8,1,1,4,8,7,8.0,,,,,,,,1.0,,,1.0,1.0,1.0,1.0,3.0,3.0,0.0,2.0,2.0,7.0,1.0,4.0,1.0,2.7,5.0,0.0,7.0,7.0,5.0,0.0,6.0,3.0,4.0,7.0,1.0,1.0,4.0,2.0,klf,2025-10-28 14:22:58.543103,6.0
2004.0,1.0,1.0,1.0,1.0,1.0,1.0,3.0,2.0,3.0,2.0,0.0,88.0,2024.0,10.0,,,yvz_873773,-999,2025-10-28T14:39:31.000Z,11,10,10,10,10,8,4,9,1.0,1.0,4,1,5,3,3,5,1,1.0,1.0,1.0,1.0,1.0,4.0,8.0,1,2,1,10,1,1,1,1,1,1,3,3,11,6,0,1,8,1,1,1,2.0,,1.0,1.0,,,,,1.0,1.0,1.0,1.0,1.0,1.0,6.0,3.0,3.0,0.0,1.0,1.0,7.0,2.0,5.0,1.0,3.0,3.0,5.0,0.0,3.0,5.0,4.0,6.0,4.0,5.0,6.0,1.0,1.0,8.0,6.0,yvz,2025-10-28 14:22:58.617318,1.0
2006.0,2.0,2.0,2.0,1.0,2.0,0.0,3.0,3.0,4.0,4.0,2.0,78.0,2025.0,8.0,,"Ich habe auf dem erstihof Kontakte geknüpft, welche sich an der Uni aber eher verlaufen haben. Hier habe ich jetzt aber eine Freundesgruppe gefunden, mit der ich sehr gut klar komme und welche zielstrebig ist. Diese Leute habe ich hauptsächlich in der Mensa und nach den Vorlesungen kennengelernt ",pgw_500701,-999,2025-10-28T14:40:23.452Z,9,6,6,5,7,2,1,4,1.0,1.0,4,3,4,3,4,4,2,1.0,4.0,4.0,4.0,3.0,9.0,9.0,8,6,6,6,4,1,1,2,6,6,6,6,0,8,6,1,6,7,7,6,8.0,,,1.0,,,,,1.0,1.0,1.0,1.0,1.0,1.0,7.0,3.0,2.0,0.0,5.0,3.0,6.0,0.0,1.0,1.0,2.3,6.0,6.0,4.0,6.0,5.0,5.0,5.0,5.0,4.0,6.0,1.0,1.0,5.0,6.0,pgw,2025-10-28 14:22:59.102937,4.0
2003.0,2.0,2.0,1.0,2.0,1.0,2.0,3.0,3.0,4.0,4.0,2.0,55.0,2022.0,25.0,,In voresenungen und während der ersti Veranstaltungen ,mtz_751507,-999,2025-10-28T14:41:48.930Z,11,7,8,9,6,4,2,5,2.0,1.0,4,2,4,4,4,5,2,1.0,1.0,6.0,5.0,11.0,4.0,2.0,9,6,1,0,3,1,2,9,10,3,7,8,3,5,0,1,0,2,5,0,8.0,,,,,,,,,,1.0,,1.0,,5.0,3.0,3.0,0.0,2.0,1.0,6.0,1.0,5.0,0.0,4.0,6.0,5.0,7.0,7.0,4.0,4.0,3.0,6.0,5.0,6.0,5.0,1.0,,6.0,mtz,2025-10-28 14:22:59.114875,4.0
2005.0,1.0,1.0,1.0,1.0,1.0,1.0,2.0,4.0,2.0,3.0,2.0,0.0,2024.0,0.0,,.,9im_951312,-999,2025-10-28T14:45:32.204Z,11,0,6,6,0,5,0,6,1.0,1.0,4,2,0,3,5,0,3,0.0,0.0,0.0,0.0,0.0,0.0,0.0,0,0,0,0,0,0,0,0,0,0,0,0,0,0,0,0,0,0,0,0,0.0,,1.0,,,,,,1.0,,1.0,,1.0,1.0,0.0,3.0,2.0,1.0,4.0,3.0,6.0,1.0,5.0,1.0,0.0,1.0,1.0,2.0,6.0,5.0,1.0,5.0,1.0,1.0,5.0,1.0,1.0,0.0,5.0,9im,2025-10-28 14:22:59.332175,4.0
2006.0,1.0,2.0,1.0,2.0,0.0,2.0,2.0,1.0,3.0,5.0,1.0,1.0,2024.0,15.0,GREAT,I've met most people in the first week during the program from the uni and Fachschaft.,44p_472812,-999,2025-10-28T14:47:18.228Z,11,4,7,8,9,4,2,5,1.0,1.0,5,3,4,4,4,5,2,1.0,3.0,2.0,2.0,1.0,11.0,11.0,0,0,1,0,1,1,1,0,7,2,0,0,11,0,0,1,0,0,1,0,8.0,,,,,,,,,,,,1.0,,7.0,3.0,3.0,1.0,2.0,1.0,6.0,1.0,5.0,1.0,2.0,5.0,3.0,5.0,6.0,7.0,4.0,7.0,5.0,7.0,6.0,1.0,1.0,5.0,4.0,44p,2025-10-28 14:22:59.664161,2.0
2005.0,2.0,2.0,0.0,0.0,0.0,0.0,,,,,2.0,88.0,2024.0,0.0,,Ersti Woche  ,vkx_975193,-999,2025-10-28T14:41:32.437Z,11,10,7,5,4,3,1,4,2.0,2.0,5,3,4,4,4,0,2,1.0,1.0,9.0,10.0,8.0,8.0,4.0,9,0,0,0,9,1,2,6,7,0,0,8,8,9,0,1,0,0,9,0,9.0,,,,,,,,1.0,,1.0,1.0,1.0,1.0,3.0,3.0,3.0,0.0,2.0,2.0,3.0,1.0,5.0,1.0,2.0,3.0,6.0,5.0,7.0,7.0,4.0,7.0,5.0,3.0,6.0,1.0,1.0,3.0,5.0,vkx,2025-10-28 14:22:59.797180,5.0
2006.0,2.0,2.0,1.0,1.0,2.0,0.0,3.0,2.0,3.0,3.0,1.0,10.0,2023.0,10.0,,"I met people during the first week at events organised by the fachschaft but felt that not participating in the ""Ersti Hütte"" Set me back. Most people I talked to build network there already. ",f4b_522755,-999,2025-10-28T14:50:19.699Z,11,3,7,8,8,4,2,5,1.0,1.0,4,3,4,4,4,3,3,1.0,3.0,8.0,7.0,3.0,4.0,5.0,9,0,0,0,6,1,1,1,9,0,0,0,7,7,0,1,0,0,0,0,8.0,,,,,,,,1.0,,1.0,,1.0,1.0,1.0,3.0,2.0,1.0,4.0,3.0,7.0,1.0,5.0,1.0,0.0,7.0,6.0,7.0,7.0,6.0,6.0,7.0,5.0,3.0,6.0,1.0,1.0,5.0,5.0,f4b,2025-10-28 14:22:59.928849,4.0
2004.0,1.0,1.0,1.0,1.0,1.0,1.0,2.0,2.0,1.0,4.0,2.0,89.0,2024.0,12.0,"very cool, please repeat",,n64_545847,-999,2025-10-28T14:40:50.986Z,11,7,8,9,7,5,2,6,1.0,1.0,4,1,4,2,4,1,3,1.0,4.0,2.0,2.0,4.0,7.0,7.0,7,5,1,4,2,1,1,1,3,3,5,9,0,11,0,2,0,2,3,3,6.0,,,1.0,1.0,,,1.0,1.0,,1.0,1.0,1.0,1.0,7.0,3.0,2.0,0.0,5.0,3.0,7.0,0.0,2.0,1.0,3.7,6.0,5.0,4.0,6.0,5.0,4.0,6.0,3.0,6.0,6.0,1.0,1.0,4.0,2.0,n64,2025-10-28 14:23:00.472265,3.0
2005.0,2.0,2.0,1.0,2.0,2.0,1.0,4.0,3.0,5.0,5.0,2.0,76.0,2024.0,8.0,Please differentiate between Economic Right and left. And politics Right and left,,2hp_201403,-999,2025-10-28T14:40:56.344Z,9,7,7,8,8,4,3,6,1.0,1.0,4,3,4,4,4,5,2,2.0,,3.0,3.0,3.0,9.0,4.0,8,8,2,6,3,1,1,1,7,2,3,7,8,10,7,2,6,5,4,8,10.0,,,1.0,,,,,1.0,1.0,1.0,1.0,1.0,1.0,7.0,3.0,3.0,0.0,2.0,1.0,7.0,1.0,2.0,0.0,2.7,6.0,1.0,5.0,7.0,4.0,6.0,7.0,6.0,7.0,7.0,1.0,1.0,6.0,1.0,2hp,2025-10-28 14:23:01.647853,5.0
2006.0,2.0,2.0,0.0,2.0,2.0,2.0,4.0,4.0,5.0,5.0,2.0,79.0,2024.0,0.0,,,jed_553726,-999,2025-10-28T14:44:55.841Z,11,7,7,7,8,3,1,4,1.0,1.0,5,4,5,5,5,5,4,1.0,2.0,3.0,3.0,3.0,11.0,8.0,10,7,1,0,4,1,1,1,9,2,9,8,10,11,11,1,0,3,2,3,8.0,,,,,,1.0,,1.0,,1.0,1.0,1.0,,7.0,2.0,3.0,0.0,1.0,1.0,2.0,1.0,5.0,1.0,2.0,6.0,3.0,7.0,5.0,6.0,4.0,6.0,3.0,3.0,7.0,1.0,2.0,5.0,5.0,jed,2025-10-28 14:23:01.824797,3.0
2001.0,2.0,2.0,1.0,2.0,2.0,2.0,3.0,3.0,4.0,4.0,1.0,79.0,2020.0,0.0,,,qcm_928095,-999,2025-10-28T14:41:48.924Z,11,2,8,8,6,4,1,4,1.0,2.0,4,3,4,4,4,2,0,1.0,1.0,6.0,6.0,6.0,9.0,2.0,7,0,0,0,5,1,1,0,7,1,0,6,5,8,6,1,6,6,1,6,9.0,,,,,,,,1.0,,1.0,1.0,1.0,1.0,3.0,3.0,3.0,0.0,2.0,2.0,6.0,1.0,5.0,0.0,1.3,6.0,6.0,6.0,6.0,6.0,6.0,6.0,6.0,1.0,6.0,7.0,0.0,5.0,2.0,qcm,2025-10-28 14:23:02.032701,5.0
2004.0,2.0,2.0,0.0,2.0,0.0,0.0,3.0,3.0,4.0,4.0,2.0,55.0,2023.0,,,Die Universität bemüht sich sehr viele Veranstaltungen bereitzustellen. Ich habe viele Personen in den ErstinVeranstaltungen und beim Sport kennengelernt ,00v_479055,-999,2025-10-28T14:41:51.650Z,10,3,7,0,6,5,1,4,2.0,1.0,5,4,4,4,4,3,3,2.0,1.0,9.0,8.0,6.0,7.0,1.0,9,7,2,0,6,1,1,2,7,7,4,0,4,8,0,2,0,0,5,0,8.0,,,1.0,,,1.0,,1.0,,1.0,,1.0,,5.0,3.0,2.0,0.0,5.0,2.0,6.0,1.0,5.0,1.0,2.0,7.0,3.0,3.0,7.0,6.0,4.0,7.0,6.0,5.0,4.0,1.0,1.0,10.0,4.0,00v,2025-10-28 14:23:02.254432,7.0
2006.0,1.0,2.0,1.0,1.0,0.0,1.0,3.0,2.0,5.0,3.0,1.0,61.0,2025.0,10.0,,,8fi_482623,-999,2025-10-28T14:43:32.362Z,11,5,7,0,8,4,1,5,1.0,0.0,4,2,4,4,4,4,2,1.0,3.0,8.0,5.0,8.0,5.0,4.0,9,6,1,0,5,1,1,1,8,1,0,8,7,7,0,1,8,0,8,0,9.0,,,1.0,1.0,,1.0,,1.0,1.0,1.0,1.0,1.0,1.0,3.0,3.0,3.0,0.0,2.0,1.0,3.0,1.0,2.0,1.0,2.0,7.0,3.0,6.0,7.0,4.0,5.0,6.0,3.0,5.0,6.0,1.0,1.0,4.0,4.0,8fi,2025-10-28 14:23:03.115550,6.0
2005.0,2.0,2.0,2.0,2.0,2.0,1.0,3.0,3.0,2.0,3.0,1.0,72.0,2005.0,,,Vorfallen in der Ersti-Woche habe ich viele Leute kennengelernt und in den Tutorien ,3dg_194152,-999,2025-10-28T14:43:07.633Z,10,8,7,8,7,4,2,5,2.0,2.0,5,3,4,5,5,3,4,1.0,4.0,7.0,5.0,6.0,4.0,3.0,0,4,0,0,8,1,1,1,7,4,0,0,2,3,0,3,0,7,4,0,9.0,,,,,,,,1.0,,,,1.0,1.0,1.0,3.0,3.0,0.0,2.0,2.0,7.0,1.0,5.0,1.0,3.0,4.0,7.0,3.0,6.0,6.0,2.0,5.0,5.0,4.0,7.0,1.0,1.0,15.0,1.0,3dg,2025-10-28 14:23:03.395581,7.0
2007.0,2.0,2.0,1.0,1.0,2.0,1.0,4.0,4.0,4.0,4.0,2.0,88.0,2025.0,5.0,,,88o_412259,-999,2025-10-28T14:37:44.173Z,11,4,8,10,9,3,1,5,1.0,1.0,5,1,5,4,4,5,1,1.0,2.0,2.0,2.0,2.0,9.0,11.0,7,3,1,10,1,1,1,1,1,1,1,7,11,10,4,1,1,1,1,1,7.0,,,,,,1.0,,1.0,1.0,1.0,1.0,1.0,1.0,6.0,3.0,3.0,0.0,2.0,2.0,1.0,0.0,5.0,0.0,2.0,1.0,2.0,2.0,1.0,4.0,0.0,6.0,2.0,5.0,6.0,1.0,2.0,3.0,0.0,88o,2025-10-28 14:23:03.454966,1.0
2006.0,2.0,2.0,0.0,0.0,2.0,1.0,4.0,4.0,4.0,4.0,1.0,9.0,2024.0,0.0,,Ich habe Personen hauptsächlich durch die von der Fachschaft organisierten Events kennengerlernt.,ol7_354334,-999,2025-10-28T14:43:47.246Z,11,0,8,9,7,5,1,4,1.0,1.0,4,1,4,4,4,4,3,1.0,3.0,2.0,1.0,5.0,9.0,9.0,9,8,1,0,2,1,1,6,7,2,0,0,7,9,0,1,0,5,3,0,8.0,1.0,,,,,,1.0,1.0,,1.0,,1.0,1.0,3.0,2.0,3.0,0.0,2.0,1.0,7.0,1.0,2.0,1.0,2.3,6.0,5.0,0.0,6.0,7.0,4.0,6.0,3.0,0.0,5.0,1.0,1.0,4.0,4.0,ol7,2025-10-28 14:23:03.557224,3.0
2006.0,0.0,1.0,0.0,2.0,0.0,0.0,2.0,2.0,3.0,4.0,2.0,70.0,2024.0,0.0,,,1uq_227023,-999,2025-10-28T14:48:25.621Z,10,9,7,8,6,3,2,5,1.0,1.0,4,2,4,3,4,4,2,1.0,1.0,5.0,4.0,5.0,9.0,2.0,9,5,1,0,4,1,1,1,7,6,8,6,8,10,0,1,0,3,3,0,7.0,,,1.0,1.0,,,,1.0,,1.0,,1.0,1.0,7.0,3.0,2.0,0.0,4.0,2.0,6.0,0.0,4.0,1.0,2.0,4.0,4.0,3.0,7.0,7.0,0.0,6.0,0.0,4.0,5.0,1.0,1.0,3.0,3.0,1uq,2025-10-28 14:23:03.633687,4.0
2007.0,2.0,2.0,1.0,0.0,0.0,0.0,3.0,2.0,4.0,4.0,1.0,78.0,2025.0,5.0,,Ich habe die Person in einer Whatsapp Erstsemestergruppe kennengelernt,qyx_247153,-999,2025-10-28T14:34:33.141Z,11,2,7,7,5,3,1,2,1.0,2.0,4,2,4,2,2,4,3,1.0,1.0,11.0,11.0,9.0,1.0,1.0,0,0,0,0,8,1,2,3,10,10,0,0,1,3,0,3,0,8,11,0,6.0,,,,,,,,1.0,1.0,,1.0,1.0,1.0,1.0,3.0,3.0,0.0,2.0,2.0,4.0,1.0,4.0,1.0,2.7,4.0,3.0,4.0,7.0,7.0,6.0,6.0,3.0,5.0,6.0,1.0,2.0,2.0,1.0,qyx,2025-10-28 14:23:05.199186,8.0
2006.0,1.0,2.0,1.0,2.0,1.0,0.0,3.0,3.0,5.0,4.0,2.0,27.0,2025.0,0.0,"Great survey, interesting questions and a very intuitive structure!","Durch die Erstiwoche und ihre verschiedenen Veranstaltungen, Erfahrungen mit Sitznachbarn und über Freunde von Freunden habe ich mein Umfeld kennengelernt. Ich habe größtenteils ausgesprochen positive Erfahrungen gemacht. ",07h_363425,-999,2025-10-28T14:41:40.519Z,11,9,8,9,7,4,2,4,1.0,1.0,5,4,5,4,5,5,3,1.0,1.0,3.0,3.0,5.0,9.0,9.0,10,11,1,0,3,1,1,2,7,2,0,0,7,9,0,1,0,2,3,0,10.0,,,,,,,,1.0,1.0,1.0,1.0,1.0,,3.0,3.0,3.0,1.0,2.0,2.0,2.0,1.0,5.0,1.0,2.7,5.0,5.0,3.0,7.0,6.0,6.0,7.0,2.0,5.0,6.0,1.0,1.0,2.0,1.0,07h,2025-10-28 14:23:06.142979,3.0
2004.0,1.0,1.0,1.0,1.0,1.0,1.0,4.0,4.0,4.0,4.0,2.0,36.0,2023.0,15.0,,,q9a_257699,-999,2025-10-28T14:39:29.956Z,11,1,8,9,7,4,3,6,2.0,1.0,5,4,4,4,5,2,2,1.0,1.0,3.0,4.0,5.0,9.0,7.0,8,8,1,0,5,1,1,1,9,2,8,0,7,9,0,1,0,2,2,0,10.0,,,,,,,,1.0,,1.0,,1.0,,3.0,3.0,3.0,0.0,2.0,1.0,7.0,1.0,5.0,1.0,2.7,6.0,6.0,5.0,7.0,6.0,3.0,4.0,5.0,3.0,7.0,3.0,2.0,4.0,3.0,q9a,2025-10-28 14:23:06.901262,4.0
2005.0,1.0,1.0,1.0,1.0,1.0,1.0,2.0,3.0,5.0,5.0,2.0,77.0,2023.0,0.0,,Die meisten Personen habe ich im Kontext der Erstiwoche kennengelernt.,tmy_127026,-999,2025-10-28T14:40:05.111Z,11,8,9,11,10,6,1,4,1.0,1.0,5,1,4,3,4,4,1,1.0,1.0,2.0,1.0,1.0,7.0,3.0,9,9,1,6,1,1,2,1,8,3,6,10,6,8,6,1,1,2,5,2,10.0,,,,,,,,,,1.0,,1.0,,3.0,3.0,3.0,0.0,1.0,1.0,3.0,1.0,5.0,1.0,2.7,4.0,6.0,4.0,7.0,6.0,4.0,7.0,6.0,4.0,5.0,1.0,1.0,8.0,2.0,tmy,2025-10-28 14:23:07.275496,5.0
2006.0,2.0,1.0,1.0,1.0,1.0,1.0,3.0,3.0,4.0,4.0,,71.0,2024.0,0.0,,"Fachschaftsangebote, Ersti-Hof, Ersti-Woche",zrm_712700,-999,2025-10-28T14:46:12.741Z,10,5,7,8,6,4,2,5,2.0,1.0,5,2,5,5,5,5,2,1.0,5.0,3.0,2.0,3.0,9.0,8.0,7,7,1,0,3,1,1,1,7,1,5,7,10,11,6,1,0,2,2,2,9.0,,,,,,,,1.0,,1.0,1.0,1.0,,3.0,3.0,3.0,0.0,2.0,2.0,4.0,1.0,2.0,1.0,3.7,5.0,5.0,3.0,6.0,7.0,3.0,6.0,7.0,6.0,6.0,1.0,1.0,2.0,6.0,zrm,2025-10-28 14:23:07.557958,3.0
2004.0,2.0,1.0,1.0,1.0,2.0,1.0,4.0,4.0,3.0,4.0,1.0,22.0,2024.0,0.0,gute Survey ,Sozialen Netzwerk an der Uni funktioniert gut in dem man unten unterschiedlichen ümstände leute kennenlernen kann in dem man ersti woche oder ersti höfen besucht,1ru_739851,-999,2025-10-28T14:38:48.267Z,11,6,5,5,6,6,2,1,1.0,2.0,5,3,5,4,5,4,3,9.0,3.0,8.0,8.0,6.0,11.0,6.0,6,5,5,5,10,1,10,6,10,10,6,6,6,0,6,7,6,6,6,6,6.0,1.0,1.0,,,,,1.0,1.0,,1.0,,1.0,1.0,11.0,3.0,3.0,0.0,1.0,1.0,4.0,0.0,5.0,1.0,3.0,6.0,5.0,6.0,7.0,7.0,4.0,7.0,5.0,1.0,6.0,1.0,1.0,,2.0,1ru,2025-10-28 14:23:07.767745,7.0
2006.0,2.0,2.0,2.0,2.0,2.0,2.0,3.0,3.0,4.0,4.0,1.0,70.0,2024.0,0.0,,Die Ersti-Höfe und Erst-Woche haben beim Kennenlernen von anderen Studierenden sehr geholfen. Auch Kontakte zu Studierenden aus höheren Semstern fand ich hilfreich.,gpm_143537,-999,2025-10-28T14:42:08.502Z,10,3,8,9,6,4,2,5,2.0,2.0,4,3,4,4,4,3,3,1.0,2.0,2.0,2.0,4.0,9.0,9.0,8,7,1,9,3,1,1,1,5,2,8,8,6,10,10,1,7,1,1,2,8.0,,,,,,,,,1.0,1.0,1.0,1.0,,7.0,3.0,3.0,0.0,2.0,2.0,5.0,1.0,3.0,1.0,2.3,5.0,5.0,5.0,6.0,4.0,2.0,4.0,6.0,5.0,7.0,1.0,1.0,5.0,2.0,gpm,2025-10-28 14:23:09.590422,4.0
2006.0,1.0,1.0,1.0,1.0,1.0,1.0,3.0,2.0,4.0,3.0,1.0,74.0,2024.0,0.0,,"Erstihof, Erstiwoche, Bewerbertag, erste Vorlesungen",i9d_605666,-999,2025-10-28T16:15:25.029Z,11,6,8,9,7,4,1,5,1.0,1.0,4,2,4,4,3,4,2,1.0,6.0,9.0,8.0,5.0,4.0,1.0,7,7,1,6,5,1,2,3,8,3,6,6,4,8,6,1,6,6,7,6,5.0,,,,,,,,1.0,,1.0,1.0,1.0,1.0,1.0,3.0,3.0,0.0,2.0,1.0,3.0,1.0,4.0,1.0,2.7,5.0,4.0,5.0,6.0,6.0,5.0,5.0,6.0,6.0,7.0,1.0,1.0,5.0,6.0,i9d,2025-10-28 14:23:09.705082,6.0
2006.0,2.0,2.0,1.0,2.0,2.0,2.0,3.0,0.0,4.0,4.0,1.0,71.0,2024.0,0.0,,Ich habe die meisten in der Erstiwoche und auf dem Erstihof kennengelernt,msn_750275,-999,2025-10-28T14:45:29.944Z,11,2,6,6,7,5,1,5,1.0,1.0,4,0,4,4,3,4,3,1.0,1.0,4.0,4.0,0.0,9.0,5.0,0,0,0,0,3,1,1,0,10,0,0,0,11,9,0,1,0,0,0,0,9.0,,,,,,,,1.0,,1.0,1.0,1.0,,7.0,5.0,3.0,0.0,1.0,1.0,1.0,1.0,1.0,1.0,2.3,5.0,5.0,0.0,6.0,7.0,0.0,7.0,7.0,5.0,7.0,1.0,1.0,8.0,2.0,msn,2025-10-28 14:23:09.903863,5.0
2007.0,2.0,2.0,1.0,1.0,1.0,1.0,3.0,2.0,4.0,3.0,1.0,27.0,2025.0,0.0,,I met a lot of Bachelor of Education people during freshers week but I haven't got the chance to meet many people in this class,rvu_600969,-999,2025-10-28T14:38:30.026Z,10,6,7,8,7,4,2,4,1.0,1.0,3,3,4,5,4,4,2,1.0,4.0,3.0,2.0,4.0,8.0,10.0,7,7,1,0,2,1,1,1,7,2,6,0,10,9,0,1,0,2,2,0,8.0,,,1.0,,,,,1.0,,1.0,1.0,1.0,1.0,6.0,5.0,3.0,1.0,1.0,1.0,7.0,2.0,5.0,1.0,2.7,7.0,5.0,5.0,6.0,7.0,6.0,6.0,6.0,2.0,7.0,1.0,2.0,4.0,5.0,rvu,2025-10-28 14:23:11.598331,2.0
2004.0,1.0,1.0,1.0,1.0,1.0,1.0,3.0,2.0,4.0,4.0,1.0,74.0,2022.0,3.0,,,zvr_967510,-999,-999,11,0,8,8,7,2,2,4,1.0,1.0,4,2,3,4,4,2,2,1.0,2.0,2.0,2.0,2.0,9.0,9.0,0,6,1,0,1,1,1,0,4,0,0,0,9,10,0,1,0,0,1,0,6.0,,,,,,,,1.0,,1.0,1.0,1.0,,6.0,3.0,3.0,0.0,2.0,2.0,6.0,1.0,5.0,0.0,2.0,3.0,5.0,5.0,3.0,6.0,2.0,7.0,3.0,5.0,6.0,2.0,2.0,2.0,6.0,zvr,2025-10-28 14:23:11.647698,2.0
2002.0,2.0,2.0,2.0,1.0,2.0,2.0,3.0,2.0,3.0,3.0,1.0,71.0,2020.0,10.0,,,8yu_630809,-999,2025-10-28T14:34:53.526Z,11,0,8,9,0,3,1,5,2.0,1.0,4,1,4,4,5,4,2,1.0,1.0,1.0,1.0,1.0,10.0,10.0,0,1,1,10,1,2,1,1,3,0,0,0,10,7,8,1,10,2,1,2,7.0,,1.0,1.0,1.0,,,1.0,1.0,,1.0,,1.0,,6.0,3.0,3.0,1.0,2.0,2.0,7.0,1.0,5.0,0.0,1.0,5.0,5.0,7.0,5.0,7.0,6.0,5.0,6.0,6.0,5.0,1.0,4.0,1.0,5.0,8yu,2025-10-28 14:23:11.894180,2.0
2004.0,1.0,1.0,1.0,1.0,1.0,1.0,3.0,2.0,2.0,2.0,1.0,8.0,2024.0,4.0,,,vja_751790,-999,2025-10-28T14:41:49.132Z,10,7,8,8,9,5,3,6,1.0,1.0,4,3,5,4,5,5,2,1.0,4.0,4.0,3.0,2.0,9.0,10.0,6,4,1,10,3,1,2,1,4,2,4,6,10,7,6,1,7,3,4,5,9.0,1.0,,,1.0,,1.0,,1.0,,1.0,,1.0,1.0,6.0,3.0,3.0,0.0,3.0,2.0,7.0,1.0,5.0,1.0,2.7,6.0,5.0,7.0,5.0,2.0,5.0,5.0,6.0,4.0,7.0,1.0,1.0,4.0,3.0,vja,2025-10-28 14:23:12.308634,4.0
2001.0,2.0,1.0,1.0,1.0,2.0,1.0,3.0,4.0,5.0,5.0,2.0,78.0,2021.0,25.0,,,2g7_441927,-999,2025-10-28T14:38:14.041Z,11,8,8,9,5,4,1,6,1.0,1.0,4,2,3,3,4,2,1,1.0,2.0,3.0,1.0,2.0,9.0,8.0,9,4,1,6,3,1,1,1,7,3,6,8,11,10,6,1,6,3,2,4,8.0,,,,,,,,1.0,,1.0,,1.0,,7.0,3.0,3.0,0.0,1.0,1.0,2.0,0.0,1.0,1.0,2.0,6.0,5.0,1.0,7.0,7.0,4.0,5.0,5.0,5.0,6.0,1.0,2.0,2.0,5.0,2g7,2025-10-28 14:23:12.792257,3.0
2000.0,2.0,2.0,2.0,1.0,2.0,1.0,3.0,3.0,4.0,4.0,2.0,74.0,2019.0,15.0,Interessante Studie,"Bei den Einführungsveranstaltungen der Erstiwoche, in Tutoraten",m80_739225,-999,2025-10-28T14:39:02.253Z,10,7,6,7,6,3,2,4,2.0,1.0,4,3,5,4,4,5,3,1.0,2.0,10.0,9.0,5.0,4.0,1.0,9,8,2,6,10,1,4,2,10,6,7,6,6,6,2,2,2,9,9,9,8.0,,,,,,1.0,,1.0,,1.0,1.0,1.0,,1.0,3.0,3.0,0.0,2.0,2.0,4.0,1.0,5.0,1.0,2.7,4.0,2.0,4.0,7.0,6.0,6.0,6.0,6.0,6.0,7.0,1.0,1.0,5.0,1.0,m80,2025-10-28 14:23:12.869889,6.0
2006.0,1.0,2.0,1.0,1.0,1.0,1.0,3.0,3.0,4.0,4.0,2.0,77.0,2024.0,0.0,hat Spaß gemacht,"vor allem bei PolVer enger Austausch, hab fast alle auf dem Erstie Hof kennengelernt, alle nett",ej8_603593,-999,2025-10-28T14:41:11.779Z,11,10,7,8,7,3,1,4,1.0,1.0,5,3,4,5,5,4,3,1.0,1.0,3.0,2.0,4.0,10.0,7.0,9,8,1,6,4,1,1,1,10,1,11,9,11,11,9,1,6,3,3,3,8.0,,,,,,1.0,,1.0,1.0,1.0,1.0,1.0,1.0,7.0,3.0,3.0,0.0,1.0,1.0,4.0,1.0,4.0,1.0,3.7,5.0,5.0,2.0,6.0,5.0,3.0,7.0,4.0,4.0,5.0,1.0,1.0,20.0,3.0,ej8,2025-10-28 14:23:13.680244,4.0
2005.0,2.0,2.0,1.0,1.0,1.0,1.0,2.0,3.0,3.0,2.0,1.0,87.0,2024.0,0.0,,"Viele Leute lernen sich auf dem Ersti-Hof kennen, aber auch die Ersti-Woche ist ein guter Zeitpunkt um Leute kennenzulernen.",cp4_212877,-999,2025-10-28T14:50:31.096Z,11,0,7,8,5,3,1,4,2.0,1.0,4,3,4,3,3,4,4,1.0,1.0,1.0,1.0,4.0,10.0,8.0,7,5,1,6,2,1,1,1,5,1,6,8,7,9,8,1,6,2,2,2,6.0,,,,,,,,1.0,,1.0,1.0,1.0,1.0,7.0,3.0,3.0,0.0,2.0,2.0,6.0,1.0,4.0,1.0,4.0,6.0,4.0,3.0,7.0,6.0,6.0,6.0,4.0,5.0,6.0,1.0,1.0,6.0,1.0,cp4,2025-10-28 14:23:13.880806,3.0
2005.0,2.0,2.0,1.0,1.0,2.0,2.0,4.0,2.0,3.0,3.0,2.0,0.0,2023.0,45.0,,,swx_630374,-999,2025-10-28T14:34:37.415Z,11,0,8,8,7,4,2,5,2.0,1.0,4,0,2,2,4,0,0,1.0,0.0,7.0,7.0,10.0,0.0,0.0,0,0,0,0,5,2,2,3,8,3,6,0,4,0,0,0,0,0,0,0,5.0,,1.0,1.0,1.0,,1.0,1.0,,,1.0,,1.0,,11.0,3.0,3.0,1.0,2.0,1.0,7.0,1.0,5.0,1.0,2.3,5.0,3.0,6.0,6.0,4.0,6.0,4.0,4.0,6.0,6.0,3.0,1.0,,5.0,swx,2025-10-28 14:23:14.239681,8.0
1999.0,2.0,2.0,1.0,1.0,1.0,1.0,4.0,4.0,5.0,5.0,2.0,0.0,2019.0,0.0,,I have met most of my collegues during the introductory phase of the semester (Erstihof / Erstiwoche). I found it easy to find people i like and can be around. I would like to expand my social network.,yo0_496690,-999,2025-10-28T14:37:51.752Z,11,0,8,8,6,4,1,3,2.0,1.0,5,2,4,5,5,4,2,1.0,0.0,8.0,8.0,6.0,4.0,2.0,8,4,6,6,8,1,1,1,9,2,4,6,2,4,6,1,6,8,3,5,6.0,,,,,,,1.0,1.0,,1.0,1.0,1.0,,11.0,3.0,3.0,1.0,1.0,1.0,6.0,1.0,3.0,1.0,2.0,6.0,5.0,4.0,7.0,3.0,2.0,7.0,5.0,5.0,7.0,1.0,1.0,8.0,5.0,yo0,2025-10-28 14:23:14.616257,8.0
2006.0,1.0,2.0,1.0,2.0,2.0,1.0,4.0,4.0,3.0,4.0,2.0,71.0,2025.0,0.0,,Ersti Veranstaltungen der Fachschaft und während Vorlesungen,i49_962001,-999,2025-10-28T14:37:08.826Z,11,10,8,9,7,5,2,4,1.0,1.0,4,2,5,4,4,4,2,1.0,,2.0,2.0,7.0,9.0,,8,7,1,0,4,1,1,1,8,0,7,0,8,10,0,1,0,3,2,0,3.0,1.0,,,,,,,1.0,,1.0,1.0,1.0,,7.0,3.0,3.0,0.0,2.0,2.0,7.0,0.0,5.0,1.0,3.0,4.0,3.0,6.0,7.0,6.0,3.0,6.0,5.0,7.0,7.0,1.0,1.0,,6.0,i49,2025-10-28 14:23:15.248319,4.0
2004.0,1.0,2.0,1.0,0.0,1.0,0.0,2.0,2.0,3.0,2.0,2.0,12.0,2023.0,0.0,,,obm_875606,-999,2025-10-28T14:43:04.310Z,9,7,5,6,7,5,2,5,1.0,1.0,4,2,3,4,4,3,2,3.0,8.0,5.0,3.0,6.0,8.0,4.0,8,6,1,6,4,8,7,1,7,7,6,6,5,10,6,6,6,8,5,6,8.0,,,,1.0,,,,1.0,,1.0,1.0,1.0,1.0,0.0,3.0,3.0,0.0,2.0,1.0,6.0,0.0,5.0,1.0,0.0,3.0,2.0,4.0,5.0,4.0,2.0,4.0,6.0,6.0,6.0,1.0,1.0,3.0,4.0,obm,2025-10-28 14:23:15.523869,4.0
2006.0,2.0,1.0,1.0,1.0,1.0,1.0,3.0,2.0,3.0,3.0,1.0,78.0,2024.0,0.0,,Eher n,fph_238295,-999,2025-10-28T14:41:31.991Z,11,9,8,9,9,7,4,7,2.0,2.0,5,1,4,5,5,3,1,1.0,2.0,2.0,2.0,2.0,4.0,7.0,3,0,1,11,1,1,1,1,4,0,0,0,10,4,0,1,8,0,1,1,4.0,,,,,,,,1.0,,1.0,1.0,1.0,,10.0,3.0,3.0,0.0,2.0,2.0,5.0,0.0,5.0,0.0,0.0,2.0,2.0,2.0,7.0,3.0,4.0,7.0,5.0,3.0,7.0,1.0,1.0,4.0,5.0,fph,2025-10-28 14:23:15.944350,3.0
2005.0,1.0,1.0,1.0,1.0,1.0,1.0,3.0,4.0,4.0,4.0,1.0,68.0,2025.0,0.0,,"Einfach leute kennenzulernen, gutes netzwerk und kommuniktion, hilfsbereite fachschaft, gutes umfeld",95j_339018,-999,2025-10-28T14:49:00.204Z,11,1,8,8,4,4,2,6,2.0,2.0,3,2,5,3,4,4,2,1.0,1.0,10.0,11.0,4.0,2.0,1.0,10,9,1,0,10,1,1,6,11,7,10,10,4,1,0,1,0,8,11,9,9.0,,,,,,,,1.0,,1.0,,1.0,,1.0,3.0,3.0,0.0,2.0,2.0,6.0,0.0,1.0,1.0,1.0,7.0,3.0,7.0,7.0,7.0,2.0,5.0,5.0,5.0,4.0,1.0,1.0,2.0,2.0,95j,2025-10-28 14:23:15.949182,7.0
2006.0,2.0,1.0,2.0,1.0,2.0,1.0,4.0,3.0,3.0,4.0,2.0,76.0,2025.0,0.0,,Die Aktivitäten in der Erste-Woche und auch der Erste Hof hat zu vielen Kontakten geführt und ich finde diese Angebote sehr gut und auch gelungen durchgesetzt von den Organisatoren. ,5sz_609970,-999,2025-10-28T17:00:56.376Z,11,0,7,7,7,4,1,5,1.0,2.0,4,3,4,4,4,4,2,1.0,2.0,8.0,6.0,8.0,10.0,5.0,11,9,0,0,8,1,1,1,9,4,0,0,8,10,0,1,0,6,4,0,10.0,,,,,,1.0,,1.0,,1.0,,1.0,,7.0,3.0,3.0,0.0,2.0,1.0,3.0,1.0,4.0,1.0,2.3,5.0,5.0,4.0,6.0,6.0,4.0,6.0,5.0,6.0,6.0,1.0,1.0,4.0,2.0,5sz,2025-10-28 14:23:16.447525,6.0
2006.0,2.0,2.0,2.0,1.0,2.0,1.0,4.0,4.0,4.0,4.0,1.0,0.0,2024.0,0.0,,,u5b_262156,-999,2025-10-28T14:57:57.013Z,11,9,7,8,0,2,1,4,1.0,2.0,5,4,4,4,5,4,3,1.0,2.0,0.0,0.0,0.0,0.0,0.0,0,0,0,0,7,1,1,1,8,1,0,0,9,0,0,0,0,0,0,0,0.0,,,,,,,,1.0,,,,1.0,1.0,0.0,3.0,3.0,0.0,2.0,2.0,2.0,1.0,3.0,1.0,2.7,6.0,5.0,5.0,6.0,4.0,4.0,5.0,6.0,5.0,5.0,1.0,1.0,5.0,2.0,u5b,2025-10-28 14:23:16.995491,5.0
2006.0,0.0,2.0,0.0,2.0,1.0,2.0,3.0,2.0,5.0,4.0,2.0,70.0,2024.0,0.0,,Bar Tour ,n3q_417837,-999,2025-10-28T14:38:13.588Z,11,4,7,8,8,4,1,6,2.0,2.0,4,2,4,4,4,4,2,2.0,3.0,9.0,9.0,8.0,5.0,3.0,8,7,6,7,8,1,4,6,7,5,5,8,2,5,6,1,2,2,8,3,8.0,,,,,,,,1.0,,1.0,1.0,1.0,1.0,1.0,3.0,2.0,0.0,5.0,2.0,4.0,1.0,5.0,1.0,3.0,6.0,5.0,5.0,7.0,5.0,4.0,4.0,4.0,6.0,6.0,1.0,1.0,5.0,6.0,n3q,2025-10-28 14:23:17.024940,6.0
2006.0,2.0,1.0,0.0,2.0,0.0,2.0,3.0,3.0,3.0,3.0,2.0,0.0,2024.0,0.0,,Passt schon,5ga_669039,-999,2025-10-28T14:43:33.974Z,11,8,8,9,9,6,3,7,2.0,1.0,3,1,4,3,3,4,1,1.0,2.0,1.0,1.0,1.0,6.0,9.0,4,5,0,0,1,1,1,1,3,2,2,0,11,8,0,1,0,0,2,0,3.0,,,,,,,,,,1.0,,1.0,,6.0,4.0,3.0,0.0,1.0,1.0,6.0,1.0,5.0,1.0,0.0,4.0,3.0,3.0,4.0,5.0,4.0,5.0,4.0,6.0,6.0,1.0,1.0,8.0,5.0,5ga,2025-10-28 14:23:17.474216,
2006.0,2.0,2.0,1.0,1.0,1.0,2.0,3.0,2.0,5.0,5.0,1.0,79.0,2024.0,0.0,,die meisten person habe ich über den  Erstihof kennengelernt,om3_217334,-999,-999,11,8,6,7,6,4,1,5,1.0,1.0,4,2,4,4,4,4,2,1.0,1.0,3.0,3.0,3.0,9.0,9.0,8,6,5,0,1,1,1,0,7,2,3,6,7,8,6,1,0,10,2,0,9.0,,,,,,,,1.0,,,,1.0,,6.0,3.0,3.0,0.0,2.0,2.0,6.0,1.0,4.0,1.0,1.3,3.0,6.0,6.0,7.0,6.0,2.0,4.0,5.0,6.0,7.0,1.0,1.0,8.0,6.0,om3,2025-10-28 14:23:17.578064,2.0
2007.0,2.0,2.0,2.0,2.0,2.0,2.0,3.0,3.0,3.0,3.0,1.0,75.0,2024.0,0.0,,,6z8_356504,-999,2025-10-28T14:51:05.554Z,11,8,8,9,7,4,1,6,1.0,1.0,5,3,4,4,4,5,4,1.0,1.0,2.0,1.0,2.0,11.0,10.0,9,9,1,0,1,1,1,1,7,1,0,8,10,11,10,1,0,2,1,0,8.0,,,,,,,,1.0,,1.0,1.0,1.0,,7.0,3.0,3.0,0.0,2.0,2.0,4.0,1.0,2.0,1.0,3.7,4.0,5.0,3.0,4.0,5.0,5.0,5.0,7.0,5.0,5.0,1.0,1.0,5.0,3.0,6z8,2025-10-28 14:23:17.657952,3.0
2005.0,1.0,1.0,1.0,1.0,1.0,1.0,2.0,2.0,3.0,3.0,1.0,72.0,2024.0,6.0,,,uzs_323856,-999,2025-10-28T14:40:24.832Z,11,2,7,7,8,3,2,4,1.0,1.0,2,2,3,3,2,3,3,1.0,3.0,4.0,4.0,3.0,8.0,7.0,7,0,0,0,3,1,1,2,8,0,0,0,6,9,0,1,0,0,3,0,9.0,,,,,,,,1.0,,1.0,1.0,1.0,,3.0,5.0,3.0,0.0,1.0,1.0,7.0,1.0,3.0,1.0,3.0,3.0,2.0,2.0,2.0,4.0,3.0,4.0,4.0,3.0,7.0,1.0,2.0,5.0,6.0,uzs,2025-10-28 14:23:18.190331,3.0
2004.0,1.0,2.0,1.0,2.0,1.0,2.0,3.0,4.0,3.0,4.0,2.0,72.0,2022.0,0.0,,,a3g_623984,-999,2025-10-28T14:38:32.556Z,11,2,7,7,6,4,1,5,1.0,2.0,4,4,4,4,4,4,2,1.0,2.0,10.0,10.0,8.0,5.0,3.0,9,6,1,3,8,1,1,2,4,2,4,8,1,4,6,1,3,4,4,0,9.0,,,,,,,,1.0,,1.0,1.0,1.0,,3.0,3.0,3.0,0.0,2.0,2.0,4.0,1.0,5.0,0.0,1.7,6.0,4.0,6.0,6.0,6.0,5.0,7.0,5.0,3.0,6.0,1.0,2.0,3.0,2.0,a3g,2025-10-28 14:23:17.941010,6.0
2005.0,1.0,1.0,1.0,1.0,1.0,1.0,3.0,3.0,3.0,2.0,2.0,14.0,2025.0,,,,rji_349781,-999,2025-10-28T21:08:46.329Z,11,9,8,7,6,5,1,4,2.0,1.0,4,4,4,4,5,4,4,1.0,2.0,3.0,3.0,7.0,7.0,8.0,9,7,4,6,3,1,1,1,9,6,6,5,5,3,0,1,6,9,4,7,10.0,,,,,,,,1.0,,1.0,1.0,1.0,1.0,3.0,3.0,3.0,0.0,2.0,1.0,6.0,1.0,3.0,1.0,3.0,5.0,2.0,5.0,7.0,3.0,5.0,6.0,6.0,4.0,4.0,1.0,1.0,,3.0,rji,2025-10-28 14:23:19.205598,4.0
2004.0,1.0,1.0,1.0,1.0,2.0,1.0,4.0,4.0,3.0,4.0,1.0,78.0,2023.0,,,,dzv_853768,-999,2025-10-28T14:38:00.834Z,10,6,6,7,5,4,1,5,2.0,1.0,4,2,2,4,4,2,2,1.0,9.0,9.0,9.0,7.0,8.0,4.0,6,6,6,6,8,4,3,6,8,7,6,6,3,5,6,2,6,7,9,6,8.0,1.0,,,,,,,1.0,,,1.0,1.0,1.0,8.0,3.0,3.0,0.0,2.0,2.0,7.0,1.0,5.0,0.0,3.0,6.0,3.0,4.0,7.0,4.0,3.0,6.0,5.0,4.0,7.0,2.0,2.0,10.0,1.0,dzv,2025-10-28 14:23:19.345023,5.0
2006.0,1.0,1.0,1.0,0.0,1.0,2.0,4.0,3.0,5.0,4.0,1.0,61.0,2025.0,0.0,,,30d_765112,-999,2025-10-28T14:49:53.928Z,11,7,7,7,6,3,1,4,2.0,1.0,4,3,4,5,5,3,4,1.0,2.0,5.0,5.0,1.0,3.0,3.0,0,0,0,0,3,1,1,1,10,0,0,0,8,4,0,1,0,0,5,0,9.0,,,,,,,,1.0,,1.0,1.0,1.0,,3.0,3.0,3.0,0.0,2.0,2.0,7.0,0.0,3.0,1.0,3.0,6.0,5.0,2.0,6.0,3.0,3.0,7.0,4.0,6.0,6.0,1.0,1.0,5.0,1.0,30d,2025-10-28 14:23:19.350242,0.0
2005.0,2.0,2.0,1.0,1.0,1.0,1.0,3.0,3.0,4.0,4.0,2.0,33.0,2024.0,0.0,,,5ci_689464,-999,2025-10-28T14:39:06.008Z,10,0,7,8,7,2,1,4,2.0,1.0,4,2,4,4,4,4,2,1.0,1.0,3.0,2.0,5.0,7.0,2.0,9,7,1,0,3,1,1,2,8,4,0,6,5,10,0,1,3,2,2,6,7.0,,,1.0,1.0,,1.0,,1.0,,1.0,1.0,1.0,1.0,0.0,3.0,2.0,0.0,5.0,3.0,6.0,1.0,5.0,1.0,2.7,6.0,6.0,6.0,7.0,0.0,3.0,5.0,5.0,3.0,2.0,1.0,1.0,0.0,4.0,5ci,2025-10-28 14:23:19.419895,5.0
2007.0,2.0,2.0,2.0,0.0,0.0,0.0,2.0,1.0,4.0,3.0,1.0,78.0,2025.0,,,,6b9_470696,-999,2025-10-28T14:43:04.977Z,11,10,10,11,8,7,3,8,1.0,2.0,4,1,4,4,4,5,2,1.0,1.0,1.0,1.0,1.0,4.0,10.0,3,1,1,0,1,1,1,1,0,1,0,0,8,9,0,1,0,1,1,0,3.0,,,,,,,,1.0,1.0,1.0,1.0,1.0,,6.0,3.0,2.0,0.0,5.0,2.0,6.0,0.0,1.0,1.0,1.7,3.0,2.0,4.0,3.0,7.0,5.0,5.0,3.0,3.0,6.0,1.0,1.0,2.0,6.0,6b9,2025-10-28 14:23:19.446467,1.0
2004.0,2.0,2.0,2.0,1.0,2.0,1.0,3.0,3.0,5.0,5.0,2.0,50.0,2024.0,6.0,,,oae_944507,-999,2025-10-28T14:46:59.707Z,11,11,6,7,5,4,2,4,1.0,1.0,4,2,4,4,3,5,3,1.0,1.0,6.0,4.0,4.0,11.0,7.0,10,5,1,6,5,1,1,1,10,5,5,8,8,10,8,1,8,1,3,3,6.0,,,1.0,1.0,,,,1.0,1.0,1.0,1.0,1.0,,7.0,4.0,3.0,0.0,2.0,1.0,6.0,1.0,3.0,1.0,3.7,4.0,5.0,4.0,7.0,5.0,4.0,6.0,7.0,5.0,5.0,1.0,1.0,2.0,1.0,oae,2025-10-28 14:23:19.657327,0.0
2005.0,2.0,2.0,1.0,0.0,2.0,0.0,3.0,4.0,4.0,4.0,2.0,70.0,2024.0,0.0,,Ich habe vor allem durch die Erste Woche viele Leute kennengelernt.,7a9_606558,-999,2025-10-28T14:41:51.087Z,11,2,8,9,8,3,1,5,2.0,1.0,4,4,4,4,4,5,2,1.0,2.0,6.0,5.0,5.0,9.0,2.0,10,7,1,8,7,1,1,1,7,2,8,9,6,11,5,1,4,6,4,8,9.0,,,,,,,,1.0,,1.0,1.0,1.0,1.0,3.0,3.0,3.0,0.0,2.0,1.0,3.0,1.0,5.0,1.0,2.7,3.0,4.0,4.0,6.0,3.0,3.0,4.0,4.0,6.0,6.0,1.0,2.0,4.0,6.0,7a9,2025-10-28 14:23:19.737279,5.0
2005.0,1.0,2.0,1.0,1.0,1.0,1.0,4.0,3.0,3.0,3.0,1.0,78.0,2024.0,,,,9vw_866020,-999,2025-10-28T14:48:51.834Z,11,0,6,6,8,3,1,4,0.0,1.0,4,4,4,4,5,3,5,1.0,6.0,8.0,6.0,7.0,8.0,7.0,9,6,1,0,6,1,2,5,8,3,7,9,6,8,9,1,0,8,5,8,11.0,,,,,,,,1.0,,1.0,,1.0,,3.0,3.0,3.0,0.0,2.0,2.0,4.0,1.0,5.0,1.0,1.3,3.0,5.0,7.0,7.0,6.0,4.0,7.0,5.0,6.0,7.0,1.0,1.0,3.0,2.0,9vw,2025-10-28 14:23:19.743160,4.0
2005.0,1.0,1.0,1.0,1.0,1.0,1.0,3.0,2.0,3.0,4.0,2.0,78.0,2025.0,10.0,,,cx9_400027,-999,2025-10-28T14:44:13.760Z,9,7,7,8,7,4,3,5,1.0,1.0,4,1,4,5,5,5,1,1.0,1.0,3.0,2.0,3.0,9.0,4.0,11,7,1,0,5,1,2,1,8,7,9,10,9,11,8,1,1,1,1,1,7.0,,1.0,1.0,1.0,,,,1.0,,1.0,,1.0,1.0,7.0,2.0,3.0,0.0,1.0,1.0,5.0,2.0,2.0,1.0,2.7,5.0,5.0,2.0,7.0,5.0,2.0,5.0,2.0,7.0,6.0,1.0,1.0,4.0,3.0,cx9,2025-10-28 14:23:20.095042,4.0
2004.0,1.0,2.0,1.0,1.0,1.0,1.0,3.0,3.0,4.0,4.0,1.0,71.0,2023.0,8.0,,Die meisten Personen lerne ich durch gemeinsame Freunde kennen.,is2_690052,-999,2025-10-28T14:37:14.922Z,11,0,8,9,7,4,3,6,1.0,2.0,4,3,4,2,3,3,3,1.0,1.0,2.0,2.0,5.0,9.0,10.0,6,8,0,0,2,1,1,1,7,1,7,0,7,8,0,1,0,4,2,0,9.0,,,,,,,1.0,1.0,,1.0,,1.0,,3.0,5.0,3.0,0.0,1.0,1.0,5.0,1.0,5.0,0.0,2.0,5.0,5.0,5.0,7.0,0.0,0.0,4.0,5.0,0.0,4.0,3.0,1.0,5.0,6.0,is2,2025-10-28 14:23:20.527770,4.0
2005.0,2.0,2.0,1.0,1.0,1.0,1.0,4.0,3.0,5.0,5.0,1.0,10.0,2024.0,10.0,,In den Veranstaltungen der Ersti Woche.,qdi_632214,-999,2025-10-28T14:44:51.123Z,11,1,9,9,8,6,2,7,1.0,1.0,5,3,4,5,5,2,4,4.0,6.0,8.0,8.0,8.0,9.0,10.0,7,0,0,0,4,2,5,0,4,4,0,9,9,10,0,3,0,5,4,9,9.0,,,,,,,1.0,1.0,,1.0,1.0,1.0,,6.0,3.0,3.0,0.0,2.0,1.0,7.0,1.0,5.0,1.0,3.0,5.0,6.0,6.0,6.0,6.0,5.0,6.0,4.0,4.0,5.0,1.0,1.0,2.0,3.0,qdi,2025-10-28 14:23:20.909019,4.0
1999.0,1.0,1.0,1.0,1.0,1.0,1.0,3.0,2.0,3.0,4.0,1.0,78.0,2020.0,6.0,,"Da ich mein Studium währen Corona angefangen habe, habe ich relativ wenig von anderen mitbekommen. Ich hätte mich gefreut wenn auch in dieser Zeit die Möglichkeit gegeben hätte andere kennenzulernen. ",6hy_599398,-999,2025-10-28T14:42:59.247Z,11,3,7,7,4,4,1,0,1.0,1.0,4,2,3,4,4,4,2,1.0,11.0,5.0,5.0,8.0,8.0,10.0,8,6,6,6,2,5,5,1,8,10,6,6,10,7,6,1,6,2,9,6,9.0,1.0,,,,,,,1.0,,1.0,1.0,1.0,1.0,8.0,3.0,3.0,0.0,2.0,1.0,4.0,1.0,5.0,0.0,3.0,3.0,4.0,6.0,5.0,5.0,6.0,7.0,5.0,4.0,6.0,4.0,2.0,2.0,6.0,6hy,2025-10-28 14:23:21.077677,3.0
2006.0,2.0,2.0,1.0,1.0,1.0,1.0,2.0,2.0,3.0,3.0,1.0,70.0,2024.0,0.0,,"Auf dem Erstihof, Erstiwoche und bei Aktivitäten der Fachschaft ",e8i_812848,-999,2025-10-28T14:46:29.778Z,11,9,8,8,7,4,1,5,1.0,1.0,4,3,5,5,5,5,4,1.0,1.0,8.0,8.0,8.0,9.0,5.0,9,9,1,2,3,1,2,1,8,2,0,8,3,8,0,1,2,3,5,8,10.0,,,,,,,,1.0,,1.0,1.0,1.0,1.0,3.0,3.0,3.0,0.0,2.0,2.0,4.0,1.0,2.0,1.0,2.3,6.0,6.0,6.0,7.0,6.0,4.0,6.0,7.0,7.0,6.0,1.0,1.0,,5.0,e8i,2025-10-28 14:23:21.594299,5.0
2006.0,2.0,2.0,1.0,2.0,2.0,1.0,2.0,2.0,3.0,3.0,1.0,81.0,2024.0,6.0,,Ich habe viele Personen auf dem Ersti Hof kennengelernt und dann bei der Ersti Woche uns finde es wurde sehr vieles und sehr gutes von der Fachschaft Polver organisiert.,ayq_144558,-999,2025-10-28T14:47:29.748Z,11,1,6,7,7,3,2,4,1.0,1.0,5,4,4,4,5,5,2,1.0,1.0,5.0,3.0,5.0,11.0,3.0,8,6,1,0,4,1,1,1,9,2,0,6,9,10,6,1,5,2,1,4,10.0,1.0,,,,,,1.0,1.0,1.0,1.0,1.0,1.0,1.0,7.0,3.0,3.0,0.0,2.0,2.0,6.0,1.0,4.0,1.0,2.0,2.0,1.0,4.0,7.0,6.0,6.0,7.0,6.0,6.0,6.0,1.0,1.0,5.0,2.0,ayq,2025-10-28 14:23:21.656067,4.0
2005.0,2.0,2.0,,0.0,1.0,1.0,3.0,4.0,4.0,4.0,2.0,71.0,2023.0,8.0,,Ersti Hof ist eine unglaublich gute Sache ,nre_809309,-999,2025-10-28T14:50:10.708Z,11,9,8,10,9,4,1,5,2.0,1.0,4,3,5,3,4,4,4,1.0,2.0,3.0,3.0,2.0,10.0,10.0,11,9,1,0,3,1,0,1,7,5,6,10,8,11,0,1,0,1,1,0,8.0,,,,,,,,1.0,1.0,1.0,1.0,1.0,1.0,6.0,3.0,3.0,0.0,1.0,1.0,4.0,1.0,3.0,1.0,3.0,4.0,4.0,3.0,4.0,6.0,5.0,3.0,5.0,6.0,6.0,1.0,1.0,1.0,2.0,nre,2025-10-28 14:23:21.741488,3.0
2003.0,1.0,2.0,1.0,2.0,1.0,1.0,3.0,3.0,5.0,5.0,2.0,72.0,2022.0,4.0,,,w10_846340,-999,2025-10-28T14:40:12.412Z,11,0,7,8,7,4,1,5,2.0,1.0,5,4,5,5,5,5,4,1.0,1.0,10.0,9.0,11.0,3.0,1.0,9,9,1,1,10,1,5,3,10,10,10,8,1,3,2,1,1,10,9,10,4.0,,,,1.0,,1.0,1.0,1.0,,1.0,,1.0,,5.0,3.0,3.0,0.0,2.0,2.0,2.0,1.0,1.0,1.0,0.0,5.0,7.0,7.0,6.0,3.0,3.0,7.0,5.0,6.0,7.0,1.0,1.0,3.0,3.0,w10,2025-10-28 14:23:22.097974,7.0
2005.0,1.0,1.0,1.0,1.0,1.0,1.0,3.0,3.0,4.0,4.0,2.0,97.0,2025.0,0.0,,Erstiwoche  Erstihöfe  Bewerbertag im Juli  Fachschaft ,7mf_913357,-999,2025-10-28T14:47:17.626Z,11,0,8,9,7,3,1,4,2.0,1.0,4,3,4,4,3,4,2,2.0,2.0,9.0,9.0,9.0,6.0,2.0,2,6,2,2,5,2,2,2,8,7,7,8,4,7,5,2,2,7,2,10,7.0,,,,,,,1.0,1.0,,1.0,1.0,1.0,1.0,5.0,3.0,3.0,0.0,2.0,2.0,5.0,2.0,4.0,1.0,1.7,6.0,6.0,6.0,7.0,6.0,6.0,7.0,2.0,7.0,6.0,1.0,1.0,4.0,6.0,7mf,2025-10-28 14:23:23.463647,7.0
2005.0,1.0,1.0,1.0,1.0,1.0,1.0,3.0,3.0,4.0,4.0,1.0,70.0,2024.0,0.0,,,j1i_238215,-999,2025-10-28T14:35:57.942Z,11,10,8,9,9,5,1,6,1.0,1.0,3,1,4,3,2,4,2,1.0,3.0,3.0,3.0,4.0,8.0,10.0,6,0,1,0,2,2,1,1,3,0,0,5,10,8,0,1,0,4,2,0,7.0,,,,,,1.0,,1.0,,1.0,1.0,1.0,1.0,6.0,3.0,3.0,0.0,2.0,1.0,6.0,1.0,5.0,0.0,3.0,6.0,6.0,4.0,7.0,3.0,4.0,6.0,4.0,5.0,5.0,1.0,1.0,1.0,2.0,j1i,2025-10-28 14:23:24.319949,2.0
2004.0,1.0,2.0,1.0,1.0,1.0,1.0,4.0,4.0,2.0,3.0,2.0,78.0,2023.0,12.0,,Die meisten Personen habe ich während den Angeboten für Erstes kennen gelernt ,843_745888,-999,2025-10-28T14:38:43.820Z,11,4,7,0,6,3,2,5,1.0,1.0,2,1,3,2,2,3,2,1.0,6.0,9.0,8.0,3.0,5.0,2.0,0,8,0,6,5,1,2,6,8,0,0,0,3,9,0,2,0,6,4,7,10.0,1.0,1.0,1.0,1.0,,1.0,,1.0,,1.0,1.0,1.0,,0.0,3.0,3.0,0.0,2.0,1.0,7.0,1.0,2.0,1.0,2.3,7.0,4.0,3.0,6.0,5.0,6.0,6.0,4.0,6.0,7.0,1.0,2.0,,3.0,843,2025-10-28 14:23:24.582566,5.0
2005.0,2.0,2.0,2.0,1.0,2.0,1.0,2.0,3.0,4.0,3.0,1.0,38.0,2024.0,10.0,,,r3x_379027,-999,2025-10-28T14:44:19.655Z,11,7,8,9,7,5,2,5,1.0,1.0,3,2,4,4,4,4,3,1.0,1.0,3.0,2.0,2.0,7.0,9.0,9,8,1,0,3,1,1,1,5,1,0,7,10,7,7,1,8,3,2,3,8.0,,,,,,,,1.0,1.0,1.0,1.0,1.0,,3.0,3.0,3.0,0.0,2.0,2.0,5.0,0.0,5.0,1.0,2.7,3.0,5.0,4.0,5.0,6.0,4.0,6.0,6.0,5.0,3.0,1.0,1.0,4.0,6.0,r3x,2025-10-28 14:23:25.077172,3.0
2004.0,1.0,0.0,1.0,0.0,1.0,0.0,3.0,3.0,3.0,3.0,1.0,37.0,2024.0,0.0,,I met most people at the Erstihof and in the Erstiwoche.,98q_258019,-999,2025-10-28T14:40:38.199Z,10,8,7,8,6,3,1,4,1.0,1.0,5,4,4,5,5,4,3,1.0,1.0,2.0,2.0,7.0,8.0,9.0,7,4,1,0,3,1,1,3,4,0,0,6,9,9,0,1,0,4,3,0,10.0,,,,,,,,1.0,,1.0,1.0,1.0,,3.0,3.0,3.0,0.0,2.0,1.0,7.0,0.0,3.0,1.0,0.0,6.0,7.0,6.0,7.0,7.0,6.0,7.0,7.0,3.0,6.0,1.0,1.0,3.0,6.0,98q,2025-10-28 14:23:25.362922,3.0
2007.0,2.0,2.0,1.0,1.0,1.0,1.0,3.0,4.0,5.0,5.0,1.0,28.0,2025.0,0.0,,"Ersti-Woche hat geholfen, neue Leute kennenzulernen.",qip_432137,-999,2025-10-28T14:44:27.331Z,11,10,8,8,7,4,1,5,1.0,2.0,4,4,5,4,4,4,3,1.0,1.0,4.0,4.0,4.0,8.0,6.0,8,8,1,3,3,1,1,1,7,2,7,9,3,9,6,1,4,2,1,1,9.0,,,,,,,,1.0,1.0,1.0,,1.0,1.0,3.0,3.0,3.0,0.0,2.0,2.0,3.0,1.0,3.0,1.0,2.0,4.0,4.0,2.0,5.0,0.0,3.0,4.0,4.0,4.0,5.0,1.0,1.0,5.0,6.0,qip,2025-10-28 14:23:25.429384,5.0
2005.0,2.0,1.0,1.0,1.0,2.0,1.0,3.0,3.0,3.0,2.0,1.0,12.0,2023.0,0.0,,,scs_890797,-999,2025-10-28T14:37:57.983Z,10,7,8,9,7,5,3,6,1.0,1.0,4,2,4,4,4,4,2,1.0,2.0,1.0,1.0,2.0,4.0,8.0,6,7,1,1,1,1,1,1,4,1,4,7,9,8,4,1,8,1,1,5,3.0,,,,,,,,1.0,1.0,1.0,1.0,1.0,1.0,6.0,3.0,3.0,0.0,2.0,2.0,6.0,1.0,5.0,1.0,4.0,3.0,2.0,1.0,4.0,2.0,2.0,5.0,6.0,4.0,5.0,3.0,1.0,2.0,6.0,scs,2025-10-28 14:23:25.434805,4.0
2006.0,1.0,1.0,1.0,2.0,2.0,2.0,3.0,3.0,4.0,4.0,2.0,25.0,2024.0,10.0,,,8ke_484628,-999,2025-10-28T14:49:13.653Z,11,4,7,8,6,4,1,5,1.0,1.0,3,3,4,3,4,5,2,1.0,2.0,3.0,2.0,3.0,10.0,7.0,9,6,2,8,4,1,1,1,6,4,0,8,8,11,0,1,0,3,3,4,6.0,,,1.0,1.0,,1.0,,1.0,,1.0,1.0,1.0,1.0,7.0,3.0,3.0,0.0,2.0,2.0,5.0,1.0,3.0,1.0,3.7,5.0,5.0,3.0,6.0,,4.0,5.0,4.0,5.0,5.0,1.0,1.0,5.0,6.0,8ke,2025-10-28 14:23:25.663475,4.0
2006.0,2.0,2.0,1.0,2.0,1.0,1.0,3.0,3.0,3.0,2.0,2.0,84.0,2024.0,0.0,,Vor allem über Events von der Fachschaft  ,6vf_250864,-999,2025-10-28T14:50:48.935Z,9,6,7,8,8,4,2,5,1.0,1.0,4,2,4,4,4,4,3,1.0,5.0,2.0,2.0,2.0,7.0,8.0,7,6,1,10,2,2,1,1,4,1,0,7,7,11,8,2,10,3,3,3,6.0,,,,,,,,1.0,,,1.0,1.0,1.0,6.0,3.0,3.0,0.0,2.0,2.0,5.0,0.0,3.0,1.0,2.3,6.0,5.0,2.0,6.0,3.0,4.0,6.0,2.0,5.0,5.0,1.0,1.0,7.0,6.0,6vf,2025-10-28 14:23:25.670287,2.0
1999.0,2.0,2.0,2.0,1.0,2.0,1.0,3.0,2.0,3.0,3.0,2.0,91.0,2017.0,10.0,,,yp5_943671,-999,2025-10-28T14:36:33.729Z,11,2,6,7,8,4,1,3,1.0,1.0,4,4,4,4,4,4,4,1.0,4.0,5.0,4.0,3.0,8.0,6.0,6,9,6,5,7,1,2,1,8,2,6,6,7,8,6,1,6,6,3,6,9.0,,,,,,,,1.0,,1.0,,1.0,,3.0,3.0,3.0,0.0,1.0,1.0,4.0,1.0,5.0,0.0,3.0,5.0,4.0,6.0,6.0,6.0,6.0,6.0,6.0,6.0,6.0,5.0,3.0,4.0,1.0,yp5,2025-10-28 14:23:25.894061,4.0
2007.0,0.0,1.0,1.0,1.0,1.0,1.0,3.0,2.0,4.0,2.0,2.0,72.0,2025.0,0.0,,Durch Gruppen in der Ersti Woche,c38_485076,-999,2025-10-28T14:41:34.860Z,11,8,9,10,0,6,4,7,1.0,1.0,4,1,5,3,4,4,1,1.0,2.0,2.0,2.0,2.0,4.0,8.0,6,7,1,11,2,1,1,1,6,1,3,8,11,8,6,1,9,2,3,2,4.0,,,1.0,,,,,1.0,,1.0,1.0,1.0,1.0,6.0,4.0,3.0,0.0,1.0,1.0,7.0,1.0,5.0,1.0,0.0,5.0,4.0,5.0,7.0,4.0,3.0,5.0,5.0,5.0,5.0,1.0,1.0,2.0,4.0,c38,2025-10-28 14:23:25.989793,1.0
2005.0,1.0,2.0,2.0,1.0,2.0,1.0,4.0,4.0,3.0,2.0,2.0,76.0,2025.0,10.0,,,r75_889324,-999,2025-10-28T14:41:34.063Z,10,6,8,9,8,7,2,7,1.0,1.0,3,2,4,4,4,4,1,1.0,4.0,2.0,1.0,2.0,3.0,6.0,1,2,1,10,2,1,1,1,4,1,1,3,8,4,0,1,7,2,2,2,4.0,,,1.0,,,,,1.0,,1.0,1.0,1.0,1.0,6.0,3.0,2.0,0.0,5.0,3.0,6.0,1.0,5.0,1.0,2.7,3.0,5.0,5.0,3.0,6.0,5.0,6.0,1.0,4.0,6.0,1.0,1.0,20.0,2.0,r75,2025-10-28 14:23:26.382323,1.0
2005.0,1.0,1.0,1.0,0.0,1.0,1.0,2.0,2.0,3.0,2.0,1.0,9.0,2024.0,0.0,,Ich habe Leute in der ersti Woche und auf den ersti Hof aber auch generell durch Freunde von Freunde und random Unterhaltungen,pdp_940354,-999,2025-10-28T14:42:21.362Z,0,6,7,8,6,4,2,5,1.0,1.0,4,2,4,4,4,5,3,1.0,6.0,4.0,2.0,3.0,9.0,0.0,9,6,0,0,2,1,1,0,7,2,0,9,9,10,8,1,11,5,3,2,8.0,,1.0,1.0,1.0,,,1.0,1.0,1.0,1.0,1.0,1.0,1.0,6.0,3.0,3.0,0.0,2.0,2.0,5.0,0.0,2.0,1.0,4.0,4.0,1.0,2.0,6.0,3.0,4.0,5.0,7.0,5.0,5.0,1.0,1.0,5.0,3.0,pdp,2025-10-28 14:23:26.534448,2.0
2006.0,2.0,2.0,2.0,1.0,2.0,1.0,4.0,4.0,3.0,3.0,1.0,73.0,2024.0,0.0,,Erste Woche ,fsu_837244,-999,2025-10-28T14:38:54.317Z,11,9,7,8,6,3,1,4,1.0,1.0,4,3,4,3,2,4,4,1.0,2.0,4.0,2.0,5.0,10.0,9.0,8,8,1,0,4,1,1,2,9,1,6,0,0,10,0,2,0,3,1,0,8.0,,,,,,,,1.0,,1.0,,1.0,1.0,6.0,3.0,3.0,0.0,2.0,2.0,6.0,1.0,5.0,1.0,2.3,6.0,3.0,4.0,6.0,4.0,4.0,5.0,5.0,6.0,4.0,1.0,1.0,2.0,2.0,fsu,2025-10-28 14:23:26.792558,3.0
2006.0,2.0,1.0,2.0,1.0,2.0,1.0,4.0,4.0,2.0,3.0,2.0,78.0,2024.0,0.0,,im biergarten   auf den ersti veranstaltungen,ctx_630851,-999,2025-10-28T14:39:03.237Z,11,3,7,8,5,2,1,3,1.0,2.0,4,2,4,3,4,5,2,1.0,3.0,8.0,7.0,9.0,3.0,1.0,9,3,1,6,5,2,1,1,8,6,2,6,1,5,6,1,4,4,9,6,6.0,,,1.0,,,,,1.0,,1.0,1.0,1.0,1.0,5.0,2.0,3.0,0.0,1.0,1.0,7.0,1.0,5.0,1.0,3.0,3.0,5.0,3.0,6.0,5.0,4.0,5.0,7.0,6.0,5.0,1.0,1.0,1.0,4.0,ctx,2025-10-28 14:23:27.089519,7.0
2003.0,2.0,1.0,1.0,1.0,2.0,1.0,3.0,4.0,5.0,5.0,2.0,0.0,2021.0,10.0,,Ersti Woche und über das Wohnheim ,qhg_315910,-999,2025-10-28T14:42:10.014Z,10,4,7,8,6,4,2,5,1.0,1.0,4,4,4,4,4,4,4,1.0,1.0,4.0,3.0,7.0,9.0,4.0,10,10,2,0,6,1,1,1,9,6,10,7,9,10,0,1,7,4,2,2,9.0,,,,1.0,,,,1.0,,1.0,1.0,1.0,,3.0,3.0,3.0,0.0,2.0,2.0,7.0,1.0,5.0,0.0,2.3,7.0,4.0,6.0,7.0,6.0,0.0,7.0,7.0,5.0,6.0,7.0,2.0,3.0,4.0,qhg,2025-10-28 14:23:27.372842,6.0
2006.0,2.0,2.0,1.0,0.0,0.0,0.0,3.0,3.0,4.0,4.0,2.0,0.0,2025.0,0.0,,"Es ist leicht, Personen innerhalb des sozialen Netzwerks an der Uni kennenzulernen (außerhalb der Uni, sowie im Kontext der Vorlesungen).",3z0_850134,-999,2025-10-28T14:53:18.410Z,10,4,8,8,0,4,2,4,2.0,1.0,4,3,4,4,4,3,2,1.0,2.0,5.0,4.0,6.0,9.0,10.0,10,6,2,8,5,1,2,2,6,4,6,8,8,9,8,2,9,6,4,6,9.0,,,,1.0,,,,,,1.0,1.0,1.0,,11.0,3.0,3.0,0.0,2.0,1.0,5.0,1.0,5.0,1.0,1.7,6.0,5.0,5.0,5.0,6.0,5.0,6.0,4.0,5.0,5.0,1.0,1.0,,2.0,3z0,2025-10-28 14:23:27.334829,3.0
2006.0,2.0,2.0,2.0,2.0,2.0,2.0,3.0,3.0,4.0,4.0,1.0,16.0,2025.0,0.0,,"Erste-Höfe, Erste-Woche, Fachschaft PolVer",3rt_717326,-999,2025-10-28T14:47:13.359Z,11,3,7,7,5,4,1,5,1.0,1.0,4,2,4,4,5,4,3,1.0,5.0,3.0,2.0,6.0,6.0,7.0,6,0,1,6,3,1,1,1,7,1,0,5,7,6,0,1,0,4,1,0,5.0,1.0,,1.0,1.0,,1.0,1.0,1.0,,1.0,1.0,1.0,1.0,0.0,3.0,3.0,0.0,2.0,1.0,6.0,2.0,4.0,1.0,1.7,7.0,6.0,5.0,7.0,6.0,5.0,6.0,6.0,7.0,7.0,1.0,1.0,3.0,6.0,3rt,2025-10-28 14:23:27.399132,4.0
2006.0,2.0,2.0,2.0,2.0,2.0,1.0,3.0,3.0,4.0,3.0,1.0,50.0,2024.0,0.0,,,1cb_277705,-999,2025-10-28T14:46:27.460Z,11,9,8,9,7,3,1,6,1.0,1.0,5,4,4,5,5,5,3,1.0,2.0,4.0,3.0,3.0,10.0,9.0,9,8,1,9,4,1,1,1,4,1,0,6,11,11,0,1,0,7,1,0,6.0,,,,,,,,1.0,1.0,1.0,1.0,1.0,1.0,7.0,3.0,3.0,0.0,2.0,1.0,4.0,1.0,2.0,1.0,2.0,6.0,5.0,5.0,5.0,4.0,5.0,5.0,6.0,7.0,5.0,1.0,1.0,6.0,4.0,1cb,2025-10-28 14:23:27.666966,2.0
2006.0,2.0,2.0,1.0,0.0,0.0,1.0,4.0,4.0,4.0,4.0,2.0,88.0,2024.0,7.0,,"innerhalb der Ersti-Woche, bei den Aktivitäten und dann im Laufe des Uni-Alltags",g8f_339047,-999,2025-10-28T14:46:36.735Z,11,3,7,8,7,5,1,5,1.0,0.0,4,3,4,4,4,4,2,1.0,3.0,5.0,4.0,4.0,9.0,,7,5,1,0,3,1,1,1,8,3,5,6,7,9,0,1,0,3,2,4,9.0,,,,,,,,1.0,,1.0,1.0,1.0,,7.0,3.0,3.0,0.0,2.0,2.0,6.0,0.0,5.0,1.0,2.0,6.0,5.0,6.0,6.0,6.0,5.0,6.0,4.0,6.0,6.0,1.0,1.0,4.0,3.0,g8f,2025-10-28 14:23:28.346559,4.0
2005.0,2.0,1.0,1.0,1.0,1.0,2.0,3.0,3.0,4.0,5.0,1.0,74.0,2025.0,10.0,,Ersti Woche,l9e_241789,-999,2025-10-28T14:38:07.504Z,11,0,7,7,6,4,1,5,1.0,1.0,3,3,4,4,4,4,3,1.0,0.0,2.0,2.0,6.0,9.0,11.0,9,0,3,0,3,1,1,1,8,0,0,9,9,7,6,1,7,5,2,7,8.0,,,,,,,,1.0,,1.0,1.0,1.0,1.0,6.0,3.0,3.0,0.0,2.0,2.0,4.0,1.0,5.0,1.0,3.0,5.0,4.0,5.0,7.0,7.0,6.0,6.0,6.0,7.0,6.0,1.0,1.0,1.0,1.0,l9e,2025-10-28 14:23:28.927671,4.0
2005.0,1.0,1.0,1.0,1.0,1.0,1.0,3.0,3.0,4.0,0.0,2.0,73.0,2024.0,0.0,,In Vorlesungen und bei Hochschulgruppen,3ue_847086,-999,2025-10-28T14:45:41.715Z,11,9,7,8,6,3,1,4,1.0,1.0,3,4,4,4,4,2,2,1.0,1.0,3.0,2.0,9.0,8.0,1.0,9,9,1,0,4,1,1,1,10,2,6,9,8,9,0,1,6,1,5,0,9.0,,,,,,1.0,,1.0,,1.0,1.0,1.0,1.0,5.0,3.0,2.0,0.0,5.0,2.0,7.0,2.0,5.0,1.0,3.0,7.0,6.0,6.0,6.0,6.0,6.0,4.0,6.0,6.0,7.0,1.0,1.0,8.0,2.0,3ue,2025-10-28 14:23:28.979059,4.0
2006.0,2.0,2.0,1.0,1.0,2.0,1.0,4.0,4.0,4.0,5.0,2.0,10.0,2024.0,,,,kfs_801596,-999,2025-10-28T14:43:36.379Z,11,3,8,8,9,3,1,5,1.0,1.0,4,5,5,3,4,4,4,1.0,1.0,3.0,3.0,2.0,9.0,10.0,0,1,0,0,1,1,1,1,7,2,0,0,9,0,0,1,4,9,3,0,9.0,,,,,,,,1.0,,1.0,1.0,1.0,,6.0,2.0,3.0,0.0,1.0,1.0,2.0,0.0,5.0,1.0,3.3,5.0,3.0,4.0,6.0,6.0,5.0,4.0,4.0,4.0,3.0,1.0,1.0,3.0,5.0,kfs,2025-10-28 14:23:29.205105,3.0
2005.0,1.0,1.0,1.0,1.0,1.0,1.0,3.0,3.0,4.0,4.0,1.0,78.0,2024.0,3.0,,"Ich spreche sehr viel mit Leuten, sonst eigentlich nichts weiteres. Bisschen auf WhatsApp App geschrieben ",uqn_700520,-999,2025-10-28T14:43:31.169Z,11,3,8,8,6,4,1,6,2.0,1.0,4,4,4,4,3,3,3,3.0,5.0,8.0,6.0,9.0,6.0,3.0,0,0,0,0,7,1,4,0,5,7,0,0,7,5,0,6,0,0,6,0,6.0,,,,,,,,1.0,,1.0,1.0,1.0,1.0,5.0,3.0,2.0,0.0,5.0,3.0,4.0,1.0,2.0,1.0,0.0,6.0,3.0,3.0,4.0,4.0,5.0,7.0,4.0,4.0,6.0,1.0,2.0,3.0,1.0,uqn,2025-10-28 14:23:29.340035,7.0
,2.0,2.0,1.0,1.0,1.0,1.0,3.0,3.0,3.0,4.0,1.0,70.0,2024.0,0.0,,Ich habe fast alle meine Freunde auf einem Erstihof kennengelernt,f7n_119719,-999,2025-10-28T14:42:25.683Z,11,5,7,8,6,4,3,5,1.0,1.0,4,2,4,0,4,4,2,1.0,2.0,2.0,1.0,3.0,8.0,9.0,6,9,2,6,2,1,1,1,9,1,1,8,9,9,8,1,8,1,3,3,6.0,,,,1.0,,1.0,,1.0,,1.0,1.0,1.0,1.0,6.0,3.0,2.0,0.0,4.0,3.0,6.0,1.0,2.0,1.0,1.0,7.0,4.0,7.0,6.0,6.0,4.0,5.0,6.0,6.0,6.0,1.0,1.0,2.0,4.0,f7n,2025-10-28 14:23:30.353156,3.0
2006.0,2.0,2.0,1.0,2.0,1.0,1.0,4.0,4.0,4.0,4.0,2.0,76.0,2024.0,0.0,,-,5ul_325071,-999,2025-10-28T14:43:07.836Z,10,0,7,7,7,4,2,5,2.0,1.0,4,4,4,4,4,4,4,1.0,1.0,8.0,5.0,8.0,7.0,2.0,8,6,1,0,8,1,1,1,9,5,6,5,5,7,0,1,0,5,4,4,6.0,,,,,,1.0,1.0,1.0,,1.0,1.0,1.0,,1.0,3.0,3.0,0.0,2.0,1.0,6.0,1.0,5.0,1.0,0.0,6.0,5.0,4.0,6.0,5.0,4.0,4.0,5.0,6.0,5.0,1.0,1.0,3.0,6.0,5ul,2025-10-28 14:23:30.872368,6.0
2006.0,1.0,2.0,1.0,1.0,1.0,1.0,4.0,3.0,4.0,4.0,2.0,76.0,2024.0,0.0,,"Die meisten, also eigentlich alle, habe ich auf dem Ersti Hof kennengelernt. Dann hat man sich privat getroffen. Man lernt jedoch jeden Tag neue Menschen kennen.",afp_732384,-999,2025-10-28T14:50:28.783Z,10,0,7,8,6,4,2,5,1.0,1.0,4,2,4,4,4,4,3,1.0,2.0,4.0,3.0,3.0,4.0,8.0,7,6,1,7,5,1,1,1,6,2,2,5,8,4,0,2,7,7,4,4,7.0,,,1.0,,,,,1.0,,1.0,,1.0,,6.0,3.0,2.0,0.0,5.0,3.0,6.0,1.0,2.0,1.0,1.7,4.0,5.0,6.0,5.0,5.0,3.0,6.0,6.0,7.0,6.0,1.0,2.0,,3.0,afp,2025-10-28 14:23:31.722203,3.0
2007.0,2.0,2.0,1.0,2.0,1.0,2.0,4.0,3.0,4.0,5.0,1.0,0.0,2025.0,0.0,,I’ve met a lot of new people during my stay at the erstihof. Most of them make up my social circle today and are also the ones i interchanged my codes with. It was in general quite easy to meet new people and make new friends in Konstanz.,0fo_491163,-999,2025-10-28T14:45:46.174Z,11,2,7,8,5,3,1,6,2.0,1.0,5,4,5,5,5,5,2,1.0,3.0,5.0,5.0,4.0,3.0,2.0,6,5,3,6,4,1,2,6,7,4,6,6,2,7,6,7,6,8,9,6,3.0,,,,,,,,1.0,,1.0,1.0,1.0,1.0,5.0,3.0,3.0,1.0,2.0,2.0,7.0,1.0,2.0,1.0,1.7,7.0,5.0,6.0,7.0,7.0,2.0,5.0,4.0,7.0,6.0,1.0,1.0,4.0,5.0,0fo,2025-10-28 14:23:31.856970,6.0
2006.0,2.0,2.0,2.0,1.0,0.0,1.0,4.0,3.0,2.0,4.0,1.0,72.0,2024.0,7.0,,,28t_937437,-999,2025-10-28T14:39:49.897Z,11,5,8,8,6,4,2,6,1.0,1.0,4,4,4,4,3,4,3,1.0,6.0,4.0,4.0,5.0,9.0,9.0,5,0,0,0,1,1,1,1,9,1,0,0,11,7,0,1,0,0,4,0,6.0,,,,,,,,1.0,1.0,1.0,1.0,1.0,1.0,7.0,2.0,3.0,0.0,1.0,1.0,5.0,0.0,5.0,1.0,2.0,5.0,4.0,4.0,7.0,5.0,5.0,6.0,5.0,7.0,4.0,1.0,1.0,2.0,4.0,28t,2025-10-28 14:23:33.784504,3.0
2006.0,1.0,1.0,1.0,1.0,1.0,1.0,3.0,3.0,4.0,4.0,1.0,72.0,2024.0,10.0,,,poi_447022,-999,2025-10-28T15:30:43.037Z,11,3,7,8,6,3,2,5,1.0,1.0,4,3,4,4,4,4,3,1.0,2.0,4.0,3.0,8.0,10.0,7.0,9,8,1,0,3,1,2,2,0,4,0,6,0,9,7,1,6,4,2,5,10.0,,,,,,,,1.0,,1.0,1.0,1.0,1.0,7.0,5.0,3.0,0.0,1.0,1.0,6.0,1.0,2.0,1.0,2.7,5.0,2.0,5.0,4.0,4.0,3.0,6.0,5.0,7.0,5.0,1.0,1.0,2.0,2.0,poi,2025-10-28 14:23:34.569118,4.0
2005.0,1.0,1.0,1.0,1.0,1.0,1.0,3.0,3.0,3.0,3.0,1.0,79.0,2024.0,0.0,,"Erstiwoche, Erstohof, die ersten Vorlesungen, Freunde von Leuten, die ich kennengelernt habe",6t0_504984,-999,2025-10-28T14:46:30.461Z,11,0,7,7,5,3,1,4,1.0,1.0,4,3,3,4,4,4,2,1.0,6.0,4.0,4.0,5.0,9.0,8.0,4,0,0,0,2,2,1,0,6,0,0,6,6,5,0,1,0,0,3,0,9.0,,,,,,,,1.0,,1.0,1.0,1.0,1.0,3.0,3.0,3.0,0.0,2.0,2.0,4.0,0.0,4.0,1.0,2.3,4.0,4.0,4.0,6.0,6.0,5.0,5.0,6.0,6.0,6.0,1.0,1.0,6.0,6.0,6t0,2025-10-28 14:23:34.778323,3.0
2006.0,2.0,2.0,1.0,2.0,2.0,1.0,4.0,0.0,4.0,4.0,2.0,78.0,2024.0,0.0,,Hauptsächlich während Veranstaltungen der erste Woche ,r9o_686311,-999,2025-10-28T14:39:58.395Z,11,8,8,9,7,2,1,5,1.0,1.0,4,2,5,3,3,5,2,1.0,3.0,2.0,2.0,3.0,9.0,6.0,9,8,8,0,1,1,1,1,10,2,6,0,8,11,0,1,0,0,2,0,8.0,,,1.0,,,1.0,,1.0,,1.0,1.0,1.0,1.0,7.0,3.0,3.0,0.0,2.0,2.0,5.0,0.0,5.0,1.0,3.3,2.0,3.0,1.0,6.0,6.0,2.0,4.0,5.0,6.0,6.0,1.0,1.0,5.0,2.0,r9o,2025-10-28 14:23:35.347877,4.0
2005.0,2.0,1.0,1.0,0.0,2.0,1.0,3.0,3.0,4.0,4.0,1.0,70.0,2024.0,0.0,,In den Ersti Gruppen oder der ersti woche,g1x_768448,-999,2025-10-28T14:36:41.443Z,11,9,8,9,7,6,1,6,1.0,1.0,4,3,4,4,4,4,3,1.0,1.0,4.0,3.0,7.0,8.0,7.0,0,0,1,0,6,1,1,0,9,0,0,0,10,8,0,1,0,0,3,0,8.0,,,,,,,,1.0,,1.0,,1.0,1.0,3.0,3.0,3.0,0.0,2.0,2.0,6.0,1.0,5.0,1.0,2.3,7.0,6.0,5.0,7.0,4.0,6.0,7.0,2.0,4.0,6.0,1.0,1.0,2.0,6.0,g1x,2025-10-28 14:23:35.365415,2.0
2006.0,1.0,1.0,1.0,1.0,1.0,1.0,2.0,2.0,4.0,3.0,2.0,78.0,2006.0,0.0,,,kd6_649090,-999,2025-10-28T14:42:57.205Z,10,6,7,7,7,2,1,4,2.0,1.0,3,2,4,3,4,4,2,1.0,4.0,8.0,8.0,4.0,1.0,1.0,8,0,1,0,4,1,1,1,5,9,0,0,4,0,0,1,3,3,7,0,8.0,,,1.0,1.0,,,,1.0,,1.0,1.0,1.0,1.0,3.0,5.0,3.0,0.0,1.0,1.0,4.0,1.0,5.0,0.0,2.7,3.0,4.0,2.0,6.0,5.0,2.0,4.0,7.0,6.0,3.0,1.0,1.0,0.0,2.0,kd6,2025-10-28 14:23:35.546294,7.0
2005.0,0.0,2.0,1.0,0.0,0.0,1.0,2.0,2.0,4.0,3.0,1.0,73.0,2024.0,0.0,,"Der Studiengang Pulver ist sehr gut vernetzt und veranstaltet sehr viele Veranstaltungen und Möglichkeiten, neue Leute kennen zu lernen.",7y2_422119,-999,2025-10-28T14:41:12.734Z,11,9,9,9,7,5,1,5,1.0,1.0,4,3,5,4,4,4,3,1.0,2.0,4.0,3.0,5.0,9.0,10.0,7,7,0,0,2,1,1,0,8,0,0,0,11,11,0,1,0,2,2,0,8.0,,,,,,,1.0,1.0,,1.0,1.0,1.0,1.0,7.0,3.0,3.0,0.0,2.0,1.0,7.0,0.0,4.0,1.0,3.0,6.0,4.0,5.0,6.0,4.0,3.0,5.0,4.0,5.0,6.0,1.0,1.0,10.0,3.0,7y2,2025-10-28 14:23:35.833741,3.0
2005.0,1.0,1.0,1.0,1.0,1.0,1.0,2.0,3.0,3.0,3.0,1.0,79.0,2023.0,0.0,,Viele neue Leute in der Ersti-Woche kennengelernt ,qlq_244769,-999,2025-10-28T14:45:57.658Z,11,4,7,7,5,3,1,4,1.0,1.0,0,3,4,3,3,4,3,1.0,3.0,8.0,8.0,6.0,10.0,10.0,9,5,2,6,4,1,1,1,10,3,6,9,9,10,6,1,6,5,4,6,9.0,,,,,,,,1.0,,1.0,1.0,1.0,1.0,7.0,3.0,3.0,0.0,2.0,2.0,7.0,3.0,5.0,1.0,3.0,3.0,4.0,3.0,6.0,3.0,3.0,5.0,4.0,6.0,5.0,1.0,1.0,,1.0,qlq,2025-10-28 14:23:36.137246,4.0
2006.0,1.0,2.0,1.0,2.0,1.0,1.0,3.0,2.0,3.0,2.0,2.0,67.0,2025.0,0.0,,Die Erstihöfe und die Erstiwoche haben das Kennenlernen neuer Menschen sehr erleichtert.,mjb_451239,-999,2025-10-28T14:45:16.025Z,10,5,7,8,8,5,2,6,1.0,1.0,4,4,4,3,4,4,3,1.0,1.0,3.0,2.0,4.0,7.0,8.0,6,5,1,8,3,1,2,1,5,2,0,8,9,8,7,1,9,4,3,5,7.0,,1.0,1.0,,,,,1.0,,1.0,1.0,1.0,1.0,7.0,2.0,3.0,0.0,1.0,1.0,7.0,0.0,2.0,1.0,2.7,5.0,3.0,2.0,4.0,3.0,5.0,2.0,6.0,6.0,6.0,1.0,1.0,2.0,2.0,mjb,2025-10-28 14:23:36.145040,3.0
2005.0,1.0,1.0,1.0,1.0,1.0,1.0,2.0,2.0,3.0,2.0,1.0,73.0,2024.0,0.0,,Die Veranstaltungen der Studiengänge waren hierbei sehr hilfreich. Einige Ersti Gruppen auf Whatsapp/Instagram haben ebenfalls die Möglichkeit gegeben sozial zu netzwerken. ,fno_231408,-999,2025-10-28T14:40:13.248Z,11,7,8,8,8,3,1,4,1.0,1.0,4,3,4,4,4,4,2,1.0,3.0,4.0,4.0,3.0,7.0,10.0,5,0,1,0,2,2,1,1,5,1,0,9,11,6,0,1,0,4,2,6,7.0,,,,,,1.0,,1.0,,1.0,1.0,1.0,1.0,6.0,3.0,2.0,0.0,5.0,3.0,4.0,1.0,3.0,1.0,2.0,4.0,6.0,5.0,7.0,5.0,5.0,5.0,6.0,4.0,6.0,1.0,1.0,4.0,6.0,fno,2025-10-28 14:23:37.228295,3.0
2004.0,1.0,1.0,1.0,1.0,1.0,1.0,2.0,3.0,3.0,4.0,2.0,78.0,2023.0,10.0,,"Die meisten Bekanntschaften sind bei mir durch Teilnahmen an Seminaren entstanden, wo ich viele Leute kennengelernt hae und zu einigen davon immer noch täglich Kontakt habe",215_996427,-999,2025-10-28T14:45:57.092Z,9,0,7,8,6,3,2,4,2.0,1.0,5,2,4,5,5,4,3,10.0,0.0,9.0,0.0,4.0,4.0,2.0,7,3,10,0,6,1,2,1,0,8,6,4,2,3,0,11,0,5,5,0,6.0,,,,,,,,1.0,,1.0,,1.0,,4.0,5.0,3.0,0.0,1.0,1.0,7.0,1.0,5.0,0.0,1.7,6.0,6.0,6.0,2.0,4.0,1.0,3.0,5.0,2.0,7.0,1.0,2.0,9.0,1.0,215,2025-10-28 14:23:38.812757,9.0
2005.0,2.0,0.0,2.0,0.0,2.0,0.0,2.0,3.0,3.0,4.0,2.0,78.0,2023.0,17.0,,In den Vorlesungen,o2r_765569,-999,2025-10-28T14:41:39.080Z,10,6,5,5,5,2,1,1,1.0,1.0,4,3,4,5,5,4,3,1.0,6.0,3.0,3.0,6.0,5.0,2.0,9,6,0,0,4,1,1,6,9,0,0,6,1,5,0,4,0,5,11,7,6.0,,1.0,,,,,,1.0,,1.0,,1.0,,9.0,5.0,3.0,0.0,1.0,1.0,5.0,2.0,5.0,0.0,1.0,2.0,6.0,5.0,6.0,4.0,4.0,6.0,1.0,6.0,7.0,1.0,1.0,4.0,0.0,o2r,2025-10-28 14:23:38.973189,6.0
2004.0,1.0,2.0,0.0,0.0,0.0,0.0,3.0,3.0,2.0,3.0,1.0,0.0,2022.0,20.0,Good survey.,I met a lot of people during the oripro week for exchange students and during seminars because they are composed of a little number of irons so we can talk together.,mec_976400,-999,2025-10-28T14:42:44.651Z,11,5,5,5,8,2,1,2,1.0,1.0,4,0,4,4,4,0,0,1.0,0.0,1.0,1.0,0.0,10.0,10.0,0,0,0,0,0,1,1,1,4,1,3,0,7,0,0,0,0,0,0,0,0.0,,,,,,,1.0,1.0,,1.0,1.0,1.0,1.0,9.0,3.0,3.0,1.0,2.0,1.0,7.0,2.0,5.0,0.0,0.0,5.0,7.0,1.0,7.0,3.0,7.0,7.0,7.0,1.0,7.0,1.0,1.0,4.0,5.0,mec,2025-10-28 14:23:40.049620,2.0
2004.0,1.0,2.0,1.0,1.0,1.0,1.0,4.0,4.0,4.0,4.0,2.0,67.0,2024.0,0.0,,"Der Erstihof, die Erstiwoche sowie Fachschaft und Hochschulgruppen sind tolle Möglichkeiten andere Menschen kennenzulernen. Viele haben ähnliche Interessen wie man selbst, was gemeinsamen Austausch fördert.",39j_249202,-999,2025-10-28T14:44:05.599Z,11,8,11,11,9,5,3,7,1.0,1.0,4,3,5,4,3,5,3,1.0,1.0,2.0,2.0,2.0,9.0,11.0,9,6,1,11,1,1,1,1,8,1,8,9,10,11,10,1,0,1,1,1,7.0,,,1.0,,,,,1.0,1.0,1.0,1.0,1.0,,6.0,3.0,3.0,0.0,3.0,2.0,3.0,1.0,3.0,1.0,2.7,2.0,1.0,5.0,5.0,6.0,4.0,5.0,5.0,5.0,5.0,1.0,1.0,5.0,4.0,39j,2025-10-28 14:23:40.124584,2.0
2006.0,2.0,2.0,2.0,2.0,2.0,2.0,3.0,4.0,4.0,4.0,1.0,77.0,2025.0,0.0,,"Die meisten Leute habe ich in der Ersti-Woche oder in den ersten Vorlesungen kennengelernt, aber auch innerhalb des Studentenwohnheims.",joy_968044,-999,2025-10-28T14:40:52.549Z,11,10,8,7,3,6,1,5,1.0,1.0,4,4,4,4,4,3,4,1.0,1.0,5.0,6.0,4.0,6.0,8.0,9,6,1,7,6,1,3,3,9,5,9,5,2,3,6,1,8,9,6,7,7.0,,,,,,,,1.0,,,1.0,1.0,,6.0,3.0,3.0,0.0,2.0,2.0,4.0,1.0,5.0,1.0,1.7,7.0,5.0,4.0,7.0,5.0,4.0,5.0,4.0,5.0,6.0,1.0,1.0,4.0,3.0,joy,2025-10-28 14:23:40.801381,4.0
2005.0,2.0,2.0,1.0,2.0,1.0,2.0,4.0,4.0,4.0,3.0,1.0,81.0,2023.0,0.0,,Viele Leute bei ersti Hof kennengelernt,yc4_487681,-999,2025-10-28T14:43:37.811Z,11,0,8,8,6,3,1,5,1.0,1.0,4,4,2,5,5,3,3,1.0,1.0,3.0,3.0,3.0,11.0,11.0,6,0,0,0,2,1,1,0,2,0,0,0,11,10,0,1,0,0,3,0,6.0,,,,,,,,1.0,,1.0,1.0,1.0,1.0,0.0,3.0,3.0,0.0,2.0,2.0,2.0,0.0,4.0,1.0,3.0,5.0,7.0,2.0,0.0,6.0,2.0,4.0,3.0,5.0,7.0,1.0,1.0,6.0,6.0,yc4,2025-10-28 14:23:42.344173,1.0
2006.0,2.0,2.0,2.0,2.0,2.0,2.0,4.0,4.0,5.0,4.0,1.0,78.0,2024.0,0.0,,,hxt_444137,-999,2025-10-28T14:38:33.875Z,11,9,10,10,3,2,1,4,1.0,1.0,4,4,4,4,4,3,2,1.0,2.0,2.0,2.0,3.0,10.0,10.0,10,3,3,0,3,1,1,1,8,2,0,10,0,10,9,1,0,3,3,3,9.0,,,,,,,,1.0,,1.0,,1.0,1.0,3.0,3.0,3.0,0.0,2.0,2.0,6.0,0.0,5.0,1.0,0.0,4.0,5.0,5.0,6.0,6.0,3.0,6.0,2.0,5.0,6.0,1.0,1.0,5.0,2.0,hxt,2025-10-28 14:23:43.450255,3.0
2005.0,2.0,2.0,2.0,0.0,2.0,1.0,4.0,4.0,3.0,3.0,1.0,68.0,2024.0,0.0,,,l7r_173166,-999,2025-10-28T14:51:54.853Z,11,6,8,9,7,4,1,4,1.0,1.0,4,0,4,4,3,4,0,1.0,1.0,3.0,2.0,5.0,9.0,10.0,0,0,0,0,1,1,1,1,0,0,0,0,11,0,0,1,0,0,1,0,6.0,,,,,,,,1.0,,1.0,1.0,1.0,1.0,6.0,3.0,2.0,0.0,5.0,3.0,6.0,0.0,3.0,1.0,3.7,4.0,5.0,2.0,4.0,4.0,4.0,5.0,5.0,6.0,5.0,1.0,1.0,4.0,1.0,l7r,2025-10-28 14:23:43.489612,3.0
2007.0,2.0,2.0,0.0,0.0,0.0,0.0,4.0,3.0,5.0,4.0,1.0,76.0,2025.0,0.0,,in der erstiwoche aber dann auch über Ecken andere tolle Menschen ,wv9_168039,-999,2025-10-28T14:41:51.540Z,11,5,6,7,5,3,1,4,2.0,1.0,4,3,4,3,4,5,4,1.0,6.0,7.0,5.0,7.0,10.0,8.0,7,7,1,0,7,1,1,1,8,4,0,0,11,8,0,1,0,0,3,0,8.0,,,,1.0,,,,1.0,,1.0,1.0,1.0,1.0,7.0,3.0,3.0,0.0,2.0,1.0,7.0,3.0,5.0,1.0,2.3,5.0,5.0,6.0,7.0,4.0,2.0,7.0,4.0,6.0,7.0,1.0,1.0,4.0,1.0,wv9,2025-10-28 14:23:44.914005,3.0
2002.0,1.0,1.0,1.0,1.0,1.0,1.0,2.0,2.0,2.0,4.0,1.0,0.0,2021.0,8.0,,I meet people in one of the activities from Erstie Woche. My opinion of the people I meet so far is that they are very open-minded.,2k4_549007,-999,2025-10-28T14:42:29.094Z,11,0,0,0,0,0,0,0,2.0,1.0,5,1,2,5,2,2,1,3.0,0.0,0.0,0.0,0.0,0.0,0.0,0,0,0,0,1,1,1,1,0,0,0,0,10,0,0,1,0,0,0,0,0.0,1.0,,,,,,,1.0,,,,1.0,1.0,11.0,3.0,3.0,1.0,2.0,1.0,7.0,1.0,5.0,1.0,2.0,7.0,0.0,5.0,7.0,6.0,2.0,3.0,3.0,6.0,6.0,1.0,1.0,2.0,4.0,2k4,2025-10-28 14:23:46.189544,6.0
2004.0,2.0,0.0,2.0,0.0,2.0,0.0,3.0,2.0,2.0,3.0,2.0,73.0,2023.0,10.0,Translation needs some adjustments.,I learned some people playing soccer.,rcd_158024,-999,2025-10-28T14:40:10.825Z,10,5,7,8,8,3,1,4,2.0,1.0,0,2,4,2,2,3,2,3.0,6.0,9.0,9.0,7.0,4.0,2.0,6,6,5,6,5,4,8,7,6,7,6,0,3,6,0,5,6,6,10,6,8.0,,1.0,,,,1.0,,1.0,,1.0,,1.0,,1.0,3.0,2.0,0.0,5.0,2.0,6.0,3.0,5.0,0.0,2.0,7.0,6.0,7.0,7.0,6.0,4.0,5.0,4.0,3.0,5.0,5.0,1.0,3.0,4.0,rcd,2025-10-28 14:23:46.380543,6.0
2005.0,2.0,2.0,2.0,1.0,2.0,1.0,3.0,3.0,4.0,4.0,1.0,79.0,2024.0,0.0,,,ty0_888019,-999,2025-10-28T14:46:08.805Z,10,8,8,8,8,5,4,6,1.0,1.0,4,2,5,4,4,5,2,1.0,2.0,2.0,2.0,2.0,8.0,9.0,8,6,1,10,2,1,1,1,7,2,2,9,11,10,10,1,8,2,2,6,5.0,1.0,,,1.0,,,,1.0,,1.0,1.0,1.0,1.0,6.0,3.0,3.0,0.0,2.0,2.0,6.0,1.0,2.0,1.0,2.7,6.0,4.0,6.0,5.0,6.0,4.0,5.0,3.0,6.0,5.0,1.0,1.0,2.0,5.0,ty0,2025-10-28 14:23:46.609906,3.0
2005.0,1.0,1.0,1.0,1.0,1.0,1.0,3.0,3.0,4.0,4.0,2.0,78.0,2023.0,12.0,,,ren_583822,-999,2025-10-28T14:38:59.136Z,10,6,8,9,9,3,2,5,1.0,2.0,5,2,5,5,5,5,2,1.0,2.0,3.0,2.0,4.0,10.0,8.0,5,5,2,0,3,1,1,1,7,1,3,7,7,11,0,1,0,2,3,0,7.0,,1.0,1.0,1.0,,,,1.0,1.0,1.0,1.0,1.0,1.0,7.0,4.0,2.0,0.0,4.0,2.0,3.0,1.0,5.0,1.0,2.0,5.0,4.0,4.0,7.0,6.0,5.0,5.0,5.0,5.0,7.0,1.0,2.0,2.0,0.0,ren,2025-10-28 14:23:47.145448,4.0
2002.0,2.0,1.0,1.0,1.0,1.0,1.0,3.0,2.0,3.0,3.0,1.0,55.0,2023.0,0.0,Danke für die Möglichkeit!,"In der Vorlesung, im Seminar, über andere Studis, über die Lehramtshütte",ump_709943,-999,2025-10-28T14:43:10.782Z,10,5,7,8,6,3,1,4,1.0,1.0,3,2,4,3,2,4,3,1.0,4.0,5.0,5.0,9.0,6.0,3.0,8,0,2,4,2,1,5,4,7,0,0,6,6,6,0,3,6,6,6,0,6.0,1.0,1.0,,,,1.0,1.0,1.0,1.0,1.0,,1.0,,5.0,3.0,3.0,0.0,2.0,2.0,7.0,1.0,5.0,0.0,2.0,4.0,6.0,3.0,7.0,5.0,3.0,6.0,7.0,7.0,7.0,3.0,2.0,4.0,6.0,ump,2025-10-28 14:23:47.500255,6.0
2005.0,2.0,2.0,1.0,2.0,1.0,1.0,4.0,4.0,4.0,4.0,1.0,72.0,2024.0,0.0,,Beim Ersti-Hof und der Ersti-Woche ,iy3_541552,-999,2025-10-28T14:42:29.377Z,11,4,7,8,7,3,2,5,1.0,1.0,4,2,3,4,4,3,3,1.0,3.0,4.0,3.0,4.0,9.0,9.0,6,6,0,0,3,1,1,1,4,3,0,0,0,8,7,1,0,0,3,7,8.0,1.0,,,,,,1.0,1.0,,1.0,1.0,1.0,,7.0,3.0,3.0,0.0,2.0,2.0,2.0,1.0,2.0,1.0,3.0,2.0,2.0,5.0,5.0,5.0,4.0,6.0,5.0,7.0,6.0,1.0,1.0,2.0,3.0,iy3,2025-10-28 14:23:48.388688,3.0
1993.0,2.0,1.0,1.0,1.0,1.0,1.0,2.0,2.0,1.0,2.0,2.0,0.0,2014.0,,lieber zu hause ausfüllen ,,xlt_483347,-999,2025-10-28T14:45:25.255Z,9,6,6,7,5,3,2,4,2.0,1.0,4,4,4,4,4,4,2,9.0,7.0,9.0,9.0,5.0,4.0,6.0,5,4,8,0,6,8,8,5,5,5,3,4,3,3,0,6,5,5,8,0,6.0,,1.0,1.0,,,1.0,,1.0,,1.0,,1.0,,1.0,3.0,3.0,0.0,2.0,1.0,5.0,1.0,5.0,0.0,3.0,4.0,4.0,2.0,5.0,6.0,6.0,7.0,5.0,2.0,4.0,1.0,1.0,0.0,0.0,xlt,2025-10-28 14:23:49.105172,8.0
2006.0,2.0,2.0,1.0,0.0,0.0,0.0,3.0,2.0,3.0,3.0,1.0,98.0,2024.0,0.0,-,"Erstiwoche, Speed Friending, Wohnheim",j0g_566027,-999,2025-10-28T14:48:23.378Z,11,10,7,7,7,3,1,6,1.0,1.0,5,3,4,4,4,4,3,1.0,1.0,4.0,4.0,6.0,8.0,7.0,9,6,6,6,4,1,1,6,5,4,6,8,0,9,6,1,6,6,4,8,5.0,,1.0,,,,,1.0,1.0,1.0,1.0,1.0,1.0,,7.0,3.0,3.0,0.0,2.0,2.0,4.0,1.0,1.0,1.0,2.3,3.0,4.0,6.0,7.0,6.0,5.0,6.0,6.0,4.0,6.0,1.0,1.0,6.0,3.0,j0g,2025-10-28 14:23:50.057284,4.0
2005.0,2.0,2.0,1.0,1.0,0.0,1.0,3.0,3.0,4.0,4.0,1.0,38.0,2024.0,,,,8ql_222964,-999,2025-10-28T14:45:26.318Z,11,6,7,7,8,3,1,5,1.0,1.0,4,2,4,4,4,3,4,1.0,2.0,2.0,2.0,2.0,10.0,11.0,9,0,0,0,2,1,1,1,10,1,9,11,11,0,11,1,11,0,4,0,2.0,,,,,,,1.0,1.0,1.0,1.0,1.0,1.0,1.0,7.0,3.0,3.0,0.0,2.0,2.0,5.0,1.0,5.0,1.0,2.0,6.0,6.0,6.0,6.0,6.0,4.0,7.0,4.0,6.0,7.0,1.0,2.0,7.0,2.0,8ql,2025-10-28 14:23:53.176304,2.0
2002.0,2.0,2.0,1.0,1.0,2.0,1.0,3.0,3.0,4.0,3.0,1.0,60.0,2020.0,15.0,some pretty personal questions. Privacy would be nice ,"I feel it might be easier if you came directly from highschool, since it tends to be a similar Group behaviour, as it was in high school. At least for the first couple weeks. I am hoping groups become more open and more inclusive during the semester",ph3_434869,-999,2025-10-28T14:45:41.991Z,11,7,9,10,7,5,2,6,1.0,1.0,4,3,4,4,4,0,2,1.0,1.0,1.0,1.0,2.0,8.0,11.0,5,5,1,9,1,1,1,1,3,1,0,4,10,9,6,1,9,4,1,2,7.0,,,,,,,,1.0,,,,1.0,1.0,6.0,3.0,3.0,1.0,1.0,1.0,7.0,3.0,5.0,1.0,3.0,4.0,3.0,1.0,5.0,6.0,5.0,6.0,5.0,5.0,5.0,1.0,1.0,2.0,4.0,ph3,2025-10-28 14:23:54.035568,2.0
2006.0,1.0,1.0,2.0,0.0,2.0,0.0,3.0,3.0,2.0,3.0,1.0,72.0,2024.0,0.0,,"Ersti Hof und Ersti Woche, soziale Events der StuVe",pr2_956420,-999,2025-10-28T14:47:47.073Z,11,1,9,10,8,4,1,5,1.0,1.0,4,4,4,4,4,2,3,1.0,1.0,3.0,3.0,1.0,8.0,9.0,8,6,1,0,4,1,1,1,0,3,0,6,0,6,0,1,0,0,2,0,10.0,,,,,,,,1.0,,1.0,,1.0,,3.0,5.0,3.0,0.0,1.0,1.0,6.0,1.0,1.0,1.0,2.3,6.0,6.0,4.0,6.0,4.0,3.0,7.0,6.0,4.0,7.0,1.0,1.0,10.0,4.0,pr2,2025-10-28 14:23:54.128704,5.0
2001.0,1.0,1.0,1.0,1.0,1.0,1.0,2.0,3.0,4.0,4.0,1.0,72.0,2019.0,10.0,,student organisations such as UNA,ier_955087,-999,2025-10-28T14:37:30.104Z,11,6,8,9,7,3,2,5,2.0,1.0,5,4,5,5,5,5,4,1.0,1.0,4.0,3.0,5.0,8.0,5.0,8,0,1,0,4,5,1,1,6,3,0,6,11,6,6,1,0,0,3,0,8.0,,,,,,,,1.0,,1.0,1.0,1.0,1.0,3.0,3.0,3.0,1.0,2.0,1.0,6.0,1.0,5.0,0.0,2.0,5.0,4.0,6.0,7.0,6.0,5.0,6.0,6.0,6.0,6.0,3.0,1.0,20.0,6.0,ier,2025-10-28 14:23:55.238602,5.0
2006.0,2.0,2.0,1.0,2.0,2.0,0.0,3.0,2.0,4.0,4.0,1.0,81.0,2024.0,0.0,,,g52_892167,-999,2025-10-28T14:48:12.257Z,11,1,7,7,7,4,1,6,1.0,1.0,4,3,4,4,5,5,3,1.0,1.0,5.0,5.0,4.0,9.0,3.0,5,0,0,0,4,1,1,6,7,3,0,0,9,4,0,1,0,0,3,5,5.0,,,,,,,,1.0,,1.0,1.0,1.0,1.0,7.0,5.0,3.0,0.0,1.0,1.0,2.0,1.0,5.0,1.0,2.7,2.0,4.0,5.0,7.0,6.0,6.0,6.0,5.0,6.0,6.0,1.0,1.0,6.0,6.0,g52,2025-10-28 14:23:55.359538,5.0
2002.0,2.0,2.0,2.0,2.0,2.0,1.0,5.0,5.0,4.0,4.0,2.0,93.0,2021.0,0.0,Die Vorlesung auf Deutsch ,"Ich habe personen in der ersti woche, bei sportveranstaltungen, bei seminaren und durch andere Freunde kennengelernt. vor allem durch andere Freunde würde ich sagen. ",t6m_410984,-999,2025-10-28T14:43:41.198Z,11,8,7,8,8,3,1,4,1.0,1.0,4,4,4,4,4,4,3,1.0,1.0,5.0,5.0,4.0,10.0,10.0,0,6,0,0,3,1,1,0,9,0,0,0,10,11,0,1,0,0,4,0,8.0,,,1.0,,,,,1.0,,1.0,1.0,1.0,,7.0,3.0,3.0,0.0,1.0,1.0,6.0,1.0,5.0,0.0,3.3,4.0,3.0,4.0,5.0,6.0,5.0,6.0,6.0,5.0,6.0,3.0,2.0,3.0,6.0,t6m,2025-10-28 14:23:55.522567,3.0
2006.0,2.0,2.0,1.0,2.0,2.0,1.0,4.0,3.0,5.0,5.0,2.0,11.0,2024.0,0.0,,,,-999,-999,11,5,11,11,8,4,1,3,2.0,1.0,5,3,5,4,5,5,4,1.0,5.0,7.0,7.0,7.0,9.0,9.0,7,6,6,6,7,1,1,1,5,4,5,6,6,6,4,1,5,7,4,6,10.0,1.0,,,,,,1.0,1.0,,1.0,1.0,1.0,,3.0,3.0,3.0,0.0,1.0,1.0,4.0,1.0,5.0,1.0,1.7,6.0,6.0,5.0,6.0,7.0,6.0,4.0,7.0,7.0,6.0,1.0,1.0,3.0,1.0,1k3,2025-10-28 14:23:58.141773,4.0
2005.0,1.0,2.0,1.0,0.0,1.0,0.0,4.0,3.0,4.0,4.0,2.0,88.0,2024.0,0.0,,,snv_288477,-999,2025-10-28T14:38:13.369Z,11,9,9,10,8,3,2,6,2.0,1.0,4,3,4,4,4,4,3,1.0,3.0,3.0,2.0,3.0,10.0,11.0,7,6,1,9,3,1,1,1,9,1,0,4,10,11,8,1,0,5,3,0,6.0,,,1.0,,,,,1.0,,1.0,1.0,1.0,1.0,6.0,3.0,3.0,1.0,2.0,2.0,4.0,0.0,5.0,0.0,3.3,3.0,3.0,1.0,5.0,6.0,4.0,5.0,2.0,2.0,6.0,1.0,1.0,3.0,0.0,snv,2025-10-28 14:23:58.979799,2.0
2006.0,2.0,1.0,2.0,1.0,2.0,1.0,3.0,3.0,4.0,4.0,2.0,88.0,2025.0,4.0,,Über Bartours habe ich neue Leute kennengelernt,cwn_825431,-999,2025-10-28T14:39:46.694Z,11,10,8,9,7,4,2,5,1.0,1.0,4,2,4,4,5,5,1,1.0,1.0,2.0,2.0,4.0,8.0,10.0,7,2,1,10,1,1,1,1,3,1,1,6,11,9,4,1,1,1,1,1,6.0,,,1.0,,,,,1.0,1.0,1.0,1.0,1.0,1.0,6.0,2.0,3.0,0.0,3.0,2.0,4.0,1.0,5.0,1.0,2.0,2.0,2.0,0.0,6.0,7.0,4.0,6.0,6.0,4.0,6.0,1.0,2.0,3.0,0.0,cwn,2025-10-28 14:24:04.236309,1.0
2006.0,2.0,2.0,0.0,2.0,2.0,1.0,4.0,3.0,3.0,4.0,1.0,12.0,2024.0,6.0,,erstihof ,hjk_132503,-999,2025-10-28T14:46:11.935Z,11,0,7,8,7,3,1,5,2.0,1.0,5,4,2,5,5,2,3,1.0,1.0,3.0,2.0,2.0,9.0,8.0,8,7,1,0,3,1,1,1,9,6,0,0,8,9,0,1,0,0,2,0,8.0,,,,,,,,1.0,1.0,1.0,,1.0,,6.0,3.0,2.0,0.0,4.0,2.0,6.0,1.0,4.0,1.0,2.3,4.0,4.0,6.0,7.0,5.0,5.0,6.0,7.0,6.0,6.0,1.0,1.0,4.0,6.0,hjk,2025-10-28 14:24:05.667003,4.0
2005.0,1.0,2.0,1.0,1.0,1.0,1.0,4.0,5.0,4.0,4.0,1.0,72.0,2024.0,5.0,,,e42_706779,-999,2025-10-28T14:38:12.646Z,11,6,8,9,7,5,1,6,1.0,1.0,4,4,4,4,4,2,4,1.0,4.0,10.0,8.0,8.0,9.0,9.0,7,8,1,0,8,2,2,3,6,5,0,8,10,8,0,2,0,7,5,8,9.0,,,,,,,,1.0,,1.0,,1.0,,1.0,3.0,2.0,0.0,5.0,3.0,7.0,1.0,3.0,1.0,2.7,7.0,6.0,6.0,7.0,7.0,6.0,5.0,5.0,6.0,7.0,1.0,1.0,5.0,1.0,e42,2025-10-28 14:24:07.549326,7.0
2007.0,1.0,2.0,1.0,1.0,1.0,1.0,3.0,4.0,4.0,4.0,1.0,76.0,2025.0,0.0,,Ersti Woche ,n4r_450384,-999,2025-10-28T14:37:40.130Z,11,0,7,9,5,3,1,5,1.0,2.0,4,3,4,4,5,4,3,1.0,2.0,4.0,3.0,6.0,10.0,5.0,9,7,1,0,3,1,1,6,6,1,0,8,7,10,0,1,0,0,2,6,9.0,,,,,,,1.0,1.0,,1.0,1.0,1.0,1.0,7.0,3.0,3.0,0.0,2.0,2.0,5.0,1.0,5.0,1.0,2.7,3.0,2.0,3.0,6.0,6.0,4.0,6.0,6.0,6.0,6.0,1.0,1.0,3.0,1.0,n4r,2025-10-28 14:24:08.132438,4.0
2004.0,2.0,2.0,1.0,2.0,2.0,2.0,3.0,3.0,5.0,5.0,2.0,78.0,2022.0,8.0,,Ich habe die meisten Personen bei dem ersti Hof oder der erste Woche kennengelernt. ,xfz_887190,-999,2025-10-28T14:41:49.591Z,10,8,7,8,9,3,2,4,2.0,1.0,5,3,5,4,4,5,4,1.0,1.0,4.0,2.0,2.0,10.0,3.0,11,8,1,5,4,1,1,1,9,6,8,8,6,10,6,2,3,2,2,7,9.0,,,1.0,1.0,,,,1.0,,1.0,,1.0,,7.0,3.0,2.0,0.0,4.0,2.0,6.0,,1.0,1.0,2.0,4.0,3.0,6.0,6.0,7.0,3.0,5.0,3.0,4.0,4.0,1.0,1.0,3.0,3.0,xfz,2025-10-28 14:24:09.098345,3.0
2005.0,2.0,2.0,1.0,1.0,2.0,2.0,,,,,2.0,73.0,2024.0,0.0,,,qoh_350216,-999,2025-10-28T14:45:36.855Z,11,9,8,9,7,4,2,5,2.0,1.0,5,4,5,5,5,5,4,1.0,1.0,10.0,5.0,7.0,5.0,1.0,10,7,1,1,10,1,2,2,5,8,6,7,2,9,6,1,2,6,2,1,6.0,,,,,,,,1.0,1.0,1.0,1.0,1.0,,1.0,3.0,3.0,0.0,2.0,2.0,3.0,1.0,2.0,0.0,2.7,7.0,4.0,7.0,7.0,5.0,3.0,7.0,1.0,6.0,7.0,1.0,1.0,4.0,4.0,qoh,2025-10-28 14:24:10.916526,7.0
2002.0,2.0,2.0,1.0,2.0,1.0,1.0,4.0,3.0,3.0,4.0,2.0,78.0,2023.0,10.0,,Ersti woche,k05_888051,-999,2025-10-28T14:39:16.260Z,11,2,7,8,6,4,1,5,1.0,1.0,4,3,5,4,4,5,4,1.0,1.0,9.0,1.0,7.0,10.0,8.0,6,0,5,7,9,6,3,2,6,0,5,6,1,8,7,1,6,6,4,6,9.0,,1.0,,,,1.0,,1.0,,1.0,1.0,1.0,1.0,1.0,5.0,3.0,0.0,1.0,1.0,4.0,2.0,5.0,1.0,2.0,6.0,6.0,4.0,6.0,7.0,6.0,6.0,7.0,6.0,4.0,3.0,1.0,3.0,6.0,k05,2025-10-28 14:24:11.252868,
2002.0,2.0,2.0,0.0,0.0,0.0,0.0,3.0,3.0,1.0,2.0,1.0,79.0,2022.0,8.0,,Erstihof und erstiwoche   ,99v_862046,-999,2025-10-28T14:44:52.465Z,11,11,8,9,9,6,2,6,1.0,1.0,5,2,0,4,5,3,0,1.0,,1.0,1.0,1.0,3.0,11.0,0,0,0,0,1,1,1,1,0,0,0,0,11,11,0,1,0,1,1,0,2.0,,,,,,,,1.0,1.0,1.0,1.0,1.0,1.0,6.0,3.0,3.0,0.0,2.0,2.0,4.0,1.0,4.0,1.0,2.0,4.0,3.0,5.0,4.0,3.0,4.0,3.0,5.0,5.0,3.0,1.0,1.0,2.0,6.0,99v,2025-10-28 14:24:11.349815,2.0
2006.0,2.0,2.0,0.0,0.0,0.0,0.0,3.0,2.0,4.0,4.0,1.0,79.0,2024.0,0.0,,"Da ich nicht auf einem Ersti-Hof war, habe ich die meisten Leute erst in der Ersti-Woche oder den Vorlesungen kennengelernt",dq4_766784,-999,2025-10-28T14:42:16.608Z,11,6,8,7,5,4,1,4,1.0,1.0,2,0,4,4,5,4,2,1.0,6.0,3.0,3.0,7.0,9.0,10.0,9,9,1,0,1,1,1,1,8,2,0,0,11,10,0,1,0,9,3,0,8.0,,,,,,,,1.0,,1.0,1.0,1.0,1.0,3.0,3.0,3.0,0.0,2.0,2.0,6.0,1.0,5.0,1.0,3.0,6.0,6.0,2.0,7.0,6.0,4.0,7.0,3.0,5.0,7.0,1.0,1.0,,3.0,dq4,2025-10-28 14:24:11.636597,2.0
2003.0,2.0,2.0,2.0,1.0,0.0,1.0,3.0,3.0,4.0,4.0,2.0,85.0,2021.0,0.0,,,bf1_178728,-999,2025-10-28T14:38:37.504Z,10,8,8,9,7,5,3,6,1.0,1.0,4,2,4,4,3,4,2,1.0,3.0,2.0,2.0,1.0,6.0,8.0,3,5,1,11,2,1,1,1,4,1,5,5,8,7,6,1,0,2,1,2,5.0,,,1.0,,,,,,1.0,1.0,,1.0,,6.0,2.0,3.0,0.0,1.0,1.0,4.0,1.0,4.0,1.0,1.7,6.0,4.0,7.0,5.0,6.0,5.0,4.0,0.0,5.0,4.0,1.0,1.0,2.0,6.0,bf1,2025-10-28 14:24:18.221073,4.0
1999.0,2.0,1.0,0.0,0.0,0.0,0.0,3.0,2.0,4.0,4.0,2.0,73.0,2018.0,15.0,,"Über Ersti-Woche. Insgesamt kann man sich gut vernetzen, allerdings trifft man eher auf Menschen mit einer links-grünen Einstellung. Im Grunde nicht schlecht, aber die Vielfalt und der Diskurs leidet",wu1_642873,-999,2025-10-29T10:04:15.526Z,11,10,9,10,8,3,1,5,2.0,1.0,3,5,4,3,4,5,4,1.0,2.0,3.0,2.0,2.0,9.0,5.0,9,7,2,0,5,1,1,1,9,6,6,10,6,8,9,3,0,8,2,4,10.0,,1.0,,,,,,1.0,,1.0,1.0,1.0,1.0,3.0,3.0,3.0,0.0,1.0,2.0,7.0,3.0,5.0,1.0,2.7,3.0,5.0,2.0,5.0,6.0,5.0,7.0,2.0,7.0,7.0,1.0,3.0,6.0,4.0,wu1,2025-10-28 14:24:21.434486,4.0
2005.0,2.0,2.0,0.0,0.0,0.0,0.0,4.0,4.0,3.0,4.0,2.0,72.0,2024.0,10.0,,,fw2_679986,-999,2025-10-28T14:37:26.984Z,10,6,8,9,6,4,3,5,1.0,1.0,4,4,4,4,4,4,4,1.0,4.0,3.0,2.0,6.0,8.0,10.0,6,6,5,6,5,3,3,2,5,4,6,6,8,7,6,5,6,5,4,6,8.0,,,,,,,,1.0,,1.0,,1.0,,6.0,3.0,3.0,0.0,2.0,1.0,6.0,1.0,5.0,0.0,3.0,4.0,6.0,6.0,4.0,4.0,4.0,5.0,4.0,4.0,4.0,3.0,1.0,5.0,0.0,fw2,2025-10-28 14:24:21.916806,0.0
2007.0,2.0,1.0,2.0,2.0,2.0,0.0,3.0,2.0,3.0,4.0,2.0,89.0,2025.0,25.0,,,cve_100671,-999,2025-10-28T14:42:29.888Z,11,5,7,7,6,3,1,4,2.0,1.0,5,2,4,4,5,3,2,10.0,10.0,9.0,9.0,,1.0,1.0,6,6,6,6,5,7,5,1,6,6,0,6,6,4,6,5,6,6,5,6,3.0,,1.0,1.0,1.0,,1.0,,1.0,,1.0,1.0,1.0,1.0,8.0,3.0,3.0,0.0,1.0,1.0,6.0,1.0,5.0,0.0,3.0,4.0,6.0,5.0,7.0,4.0,4.0,7.0,7.0,3.0,6.0,1.0,1.0,4.0,0.0,cve,2025-10-28 14:24:23.739953,
2006.0,2.0,2.0,,1.0,1.0,1.0,2.0,2.0,3.0,3.0,1.0,74.0,2024.0,,,Ersti Woche,upq_776033,-999,2025-10-28T14:44:13.771Z,11,10,8,9,7,4,2,6,1.0,1.0,5,3,4,4,4,4,3,1.0,1.0,2.0,1.0,2.0,9.0,10.0,7,8,6,6,1,1,1,1,8,2,6,8,10,6,6,1,0,4,1,3,7.0,,,,,,,,1.0,,1.0,1.0,1.0,1.0,6.0,3.0,3.0,0.0,2.0,2.0,7.0,1.0,5.0,1.0,0.0,3.0,4.0,3.0,6.0,5.0,4.0,6.0,5.0,7.0,6.0,1.0,2.0,1.0,4.0,upq,2025-10-28 14:24:24.506001,3.0
2001.0,2.0,1.0,1.0,1.0,2.0,1.0,3.0,3.0,4.0,4.0,1.0,96.0,2025.0,10.0,,In der Vorlesung,i1l_773075,-999,2025-10-28T14:39:26.634Z,11,7,3,4,5,4,3,4,2.0,1.0,4,3,4,4,4,4,3,1.0,1.0,9.0,8.0,7.0,4.0,9.0,5,0,0,0,1,9,1,0,0,5,0,6,8,4,0,4,0,0,2,0,10.0,,1.0,,1.0,,,,1.0,,1.0,1.0,1.0,1.0,2.0,3.0,3.0,0.0,2.0,2.0,4.0,0.0,5.0,0.0,1.3,6.0,5.0,4.0,6.0,6.0,5.0,5.0,5.0,4.0,6.0,1.0,1.0,,1.0,i1l,2025-10-28 14:24:26.941148,0.0
2006.0,2.0,1.0,1.0,1.0,2.0,1.0,3.0,3.0,3.0,2.0,1.0,74.0,2024.0,0.0,,,oev_777080,-999,2025-10-28T14:44:06.144Z,10,7,8,9,5,4,1,4,1.0,1.0,4,2,4,4,4,4,2,,4.0,3.0,2.0,4.0,8.0,10.0,8,8,1,0,2,1,1,1,8,6,0,6,9,7,6,2,0,3,3,6,9.0,,,1.0,,,,,1.0,1.0,1.0,1.0,1.0,1.0,6.0,3.0,3.0,0.0,2.0,2.0,6.0,,5.0,1.0,0.0,6.0,6.0,5.0,6.0,5.0,6.0,6.0,6.0,6.0,7.0,,,1.0,4.0,oev,2025-10-28 14:24:30.971013,2.0
2000.0,2.0,2.0,0.0,1.0,0.0,1.0,2.0,2.0,3.0,3.0,2.0,79.0,2018.0,16.0,"Das mit den Codes ist sehr verwirrend. Bitte klarer machen, wann welcher Code benötigt wird und Liste online",,1n8_942736,-999,2025-10-28T14:43:36.441Z,11,0,7,8,5,3,1,3,2.0,0.0,4,2,4,4,4,3,2,1.0,2.0,9.0,6.0,10.0,6.0,1.0,8,3,1,0,7,0,0,0,0,0,0,0,3,0,0,1,0,0,5,0,4.0,,,,,,,,,,1.0,1.0,1.0,,0.0,3.0,3.0,0.0,2.0,2.0,3.0,1.0,5.0,0.0,3.0,2.0,2.0,1.0,6.0,1.0,2.0,1.0,4.0,2.0,4.0,1.0,3.0,6.0,5.0,1n8,2025-10-28 14:24:36.609080,6.0
2006.0,2.0,2.0,1.0,1.0,1.0,1.0,4.0,3.0,4.0,2.0,2.0,58.0,2025.0,0.0,"Es ist meiner Meinung nach schwierig über die politische Meinung einer Person zu urteilen, obwohl ich diese noch nicht gut kenne ",Die Mensa ist ein guter Ort um sich zu unterhalten und dazu noch eine gute Mahlzeit zu essen ,kq7_384855,-999,2025-10-28T14:44:58.972Z,11,7,8,8,5,3,1,4,2.0,1.0,5,3,4,4,4,4,2,1.0,2.0,3.0,3.0,7.0,11.0,9.0,9,8,0,0,4,1,1,3,9,4,0,9,10,11,0,1,0,9,3,0,8.0,,,,,,,,1.0,,1.0,1.0,1.0,,7.0,3.0,3.0,0.0,2.0,2.0,6.0,1.0,2.0,1.0,1.7,6.0,5.0,6.0,7.0,6.0,6.0,7.0,3.0,5.0,7.0,1.0,1.0,,6.0,kq7,2025-10-28 14:25:00.192278,4.0
2006.0,2.0,2.0,1.0,1.0,1.0,1.0,4.0,4.0,3.0,3.0,2.0,89.0,2024.0,0.0,,,ka0_101241,-999,2025-10-28T14:42:57.565Z,11,1,8,9,7,3,1,5,1.0,1.0,4,3,5,4,4,5,3,1.0,1.0,5.0,3.0,4.0,9.0,2.0,9,5,1,0,4,1,1,1,8,2,7,6,3,9,0,1,2,1,1,1,6.0,,,1.0,,,,,,1.0,1.0,,1.0,,7.0,3.0,2.0,0.0,4.0,2.0,2.0,1.0,5.0,1.0,2.7,1.0,2.0,2.0,5.0,3.0,2.0,2.0,5.0,6.0,6.0,1.0,1.0,2.0,5.0,ka0,2025-10-28 14:25:02.432271,4.0
2004.0,2.0,2.0,1.0,1.0,1.0,1.0,3.0,3.0,4.0,3.0,1.0,14.0,2023.0,0.0,,Vor allem die Ersti_ Woche hat viele Möglichkeiten geliefert   ,hyf_363221,-999,2025-10-28T14:45:27.415Z,11,4,7,8,6,4,2,5,1.0,1.0,4,3,4,3,4,4,2,1.0,1.0,2.0,2.0,3.0,10.0,11.0,6,6,1,8,2,1,1,1,6,3,0,0,9,9,8,3,10,0,3,9,7.0,1.0,,1.0,,,,,1.0,,1.0,1.0,1.0,1.0,6.0,3.0,3.0,0.0,2.0,1.0,7.0,0.0,5.0,1.0,0.0,2.0,5.0,3.0,7.0,7.0,5.0,6.0,3.0,7.0,7.0,1.0,1.0,,2.0,hyf,2025-10-28 14:25:07.622895,2.0
2005.0,1.0,0.0,,1.0,0.0,1.0,4.0,3.0,4.0,3.0,1.0,79.0,2024.0,0.0,,In der Ersti Woche ,vug_349099,-999,2025-10-28T14:45:34.347Z,11,0,8,8,7,4,1,6,2.0,1.0,5,2,4,4,4,0,2,1.0,1.0,1.0,1.0,4.0,9.0,11.0,0,0,0,0,2,1,1,0,0,0,0,9,9,8,0,1,0,0,2,0,8.0,,1.0,,,,,,1.0,1.0,,,1.0,,6.0,3.0,3.0,0.0,2.0,2.0,6.0,0.0,5.0,1.0,0.0,3.0,0.0,1.0,6.0,6.0,6.0,7.0,4.0,7.0,7.0,1.0,1.0,3.0,2.0,vug,2025-10-28 14:25:45.080313,2.0
2006.0,2.0,2.0,2.0,2.0,1.0,2.0,4.0,4.0,3.0,0.0,1.0,0.0,2024.0,0.0,,,li1_259062,-999,2025-10-28T14:40:56.448Z,9,0,6,0,0,3,2,5,1.0,1.0,3,1,4,3,3,3,0,1.0,0.0,6.0,6.0,0.0,8.0,8.0,0,0,0,0,0,1,1,1,5,0,4,0,8,0,0,0,0,0,0,0,6.0,,,,,,,1.0,1.0,,1.0,,1.0,,11.0,3.0,2.0,1.0,5.0,3.0,7.0,1.0,1.0,1.0,0.0,6.0,5.0,6.0,6.0,5.0,5.0,7.0,2.0,4.0,5.0,3.0,1.0,4.0,0.0,li1,2025-10-28 14:25:50.153101,4.0
2006.0,1.0,1.0,1.0,1.0,1.0,1.0,4.0,4.0,4.0,4.0,2.0,76.0,2024.0,0.0,,"Bei Erstihütten hat man viele kennengelernt.  Sehr viele Gruppen an der Uni, die gerne neue Menschen aufnehmen",gd8_862413,-999,2025-10-28T14:43:27.753Z,11,0,7,8,6,4,2,5,2.0,1.0,4,2,5,3,4,4,3,1.0,1.0,3.0,2.0,6.0,9.0,9.0,9,8,1,8,2,1,1,1,3,1,4,10,7,10,0,1,8,2,1,2,9.0,,,,,,,,,1.0,1.0,,1.0,,3.0,3.0,3.0,0.0,2.0,2.0,5.0,1.0,1.0,1.0,2.7,7.0,5.0,6.0,6.0,5.0,3.0,5.0,6.0,6.0,6.0,1.0,1.0,3.0,5.0,gd8,2025-10-28 14:27:45.054938,3.0
2004.0,2.0,2.0,1.0,1.0,0.0,1.0,4.0,3.0,5.0,4.0,2.0,73.0,2024.0,0.0,,"Ersti Woche, Bar Tours",oi6_591942,-999,2025-10-28T14:49:06.902Z,11,9,8,9,8,5,2,6,1.0,1.0,4,2,5,3,4,5,4,1.0,1.0,3.0,2.0,3.0,6.0,11.0,5,4,1,0,1,1,1,1,2,1,0,1,11,6,0,1,0,2,2,4,5.0,,,,1.0,,,,1.0,,1.0,,1.0,,6.0,3.0,3.0,0.0,2.0,2.0,5.0,1.0,5.0,1.0,2.7,6.0,2.0,5.0,3.0,6.0,4.0,6.0,2.0,7.0,6.0,1.0,1.0,5.0,0.0,oi6,2025-10-28 14:28:09.845863,
2005.0,1.0,2.0,1.0,1.0,1.0,1.0,3.0,2.0,3.0,4.0,1.0,21.0,2025.0,0.0,,,,-999,-999,10,6,8,9,7,4,3,5,1.0,1.0,3,1,4,3,2,4,1,1.0,2.0,1.0,1.0,1.0,3.0,9.0,10,6,1,0,2,3,1,0,0,0,0,0,6,8,0,1,0,2,1,0,4.0,,,,,,,,1.0,1.0,1.0,,1.0,1.0,6.0,3.0,2.0,0.0,5.0,3.0,7.0,1.0,5.0,1.0,2.7,2.0,2.0,6.0,7.0,5.0,5.0,6.0,1.0,2.0,6.0,1.0,1.0,1.0,6.0,k3y,2025-10-28 14:33:11.888437,1.0
2006.0,2.0,2.0,2.0,0.0,2.0,2.0,3.0,3.0,3.0,4.0,,66.0,2024.0,0.0,,Durch die Ersti-Woche habe ich die Leute kennen gelernt mit denen ich micht jetzt gut verstehe. Mein enger besteht aus fünf Personen würde ich sagen ,1ds_437440,-999,2025-10-28T15:23:25.985Z,11,0,8,9,8,4,1,5,1.0,1.0,4,2,4,4,4,4,3,1.0,0.0,2.0,1.0,1.0,7.0,10.0,6,6,1,0,1,1,1,1,4,3,0,0,7,9,0,1,0,1,1,0,6.0,,,,,,,,1.0,1.0,,1.0,1.0,,6.0,3.0,3.0,0.0,2.0,2.0,6.0,1.0,5.0,1.0,3.3,4.0,5.0,2.0,7.0,6.0,4.0,3.0,4.0,6.0,6.0,1.0,1.0,5.0,4.0,1ds,2025-10-28 14:59:34.111819,2.0
2005.0,2.0,2.0,0.0,0.0,0.0,0.0,3.0,3.0,4.0,3.0,1.0,34.0,2025.0,0.0,,,,-999,-999,11,5,8,8,6,4,3,5,2.0,2.0,4,1,4,4,4,3,2,1.0,3.0,5.0,5.0,6.0,7.0,6.0,9,7,1,7,5,1,1,3,10,7,9,6,11,9,7,1,7,5,6,7,7.0,,,,,,,,1.0,,1.0,1.0,1.0,,3.0,3.0,2.0,0.0,5.0,3.0,3.0,1.0,5.0,1.0,2.7,6.0,5.0,4.0,5.0,6.0,4.0,6.0,4.0,6.0,6.0,1.0,1.0,10.0,3.0,yws,2025-10-28 19:59:04.901495,5.0
