participant.id_in_session,participant.code,participant.label,participant._is_bot,participant._index_in_pages,participant._max_page_index,participant._current_app_name,participant._current_page_name,participant.time_started_utc,participant.visited,participant.mturk_worker_id,participant.mturk_assignment_id,participant.payoff,participant.is_returning_participant,session.code,session.label,session.mturk_HITId,session.mturk_HITGroupId,session.comment,session.is_demo,session.config.real_world_currency_per_point,session.config.participation_fee,session.config.name,app_start.1.player.id_in_group,app_start.1.player.role,app_start.1.player.payoff,app_start.1.player.device_type,app_start.1.player.operating_system,app_start.1.player.browser,app_start.1.player.time,app_start.1.player.lang,app_start.1.player.use_of_device,app_start.1.group.id_in_subsession,app_start.1.subsession.round_number,app_demographic.1.player.id_in_group,app_demographic.1.player.role,app_demographic.1.player.payoff,app_demographic.1.player.age,app_demographic.1.player.gender,app_demographic.1.player.postcode,app_demographic.1.player.secondary_year,app_demographic.1.player.edu_family_1gen_m,app_demographic.1.player.edu_family_1gen_f,app_demographic.1.player.edu_family_2gen_m1,app_demographic.1.player.edu_family_2gen_f1,app_demographic.1.player.edu_family_2gen_m2,app_demographic.1.player.edu_family_2gen_f2,app_demographic.1.player.financial_situation_personal_current,app_demographic.1.player.financial_situation_general_current,app_demographic.1.player.financial_situation_personal_future,app_demographic.1.player.financial_situation_general_future,app_demographic.1.player.time_work,app_demographic.1.player.time_age,app_demographic.1.player.time_postcode,app_demographic.1.group.id_in_subsession,app_demographic.1.subsession.round_number,app_network.1.player.id_in_group,app_network.1.player.role,app_network.1.player.payoff,app_network.1.player.person_1,app_network.1.player.person_2,app_network.1.player.person_3,app_network.1.player.person_4,app_network.1.player.person_5,app_network.1.player.person_6,app_network.1.player.person_7,app_network.1.player.person_8,app_network.1.player.person_9,app_network.1.player.person_10,app_network.1.player.person_11,app_network.1.player.person_12,app_network.1.player.person_13,app_network.1.player.person_14,app_network.1.player.person_15,app_network.1.player.person_16,app_network.1.player.person_17,app_network.1.player.person_18,app_network.1.player.person_19,app_network.1.player.person_20,app_network.1.player.person_21,app_network.1.player.person_22,app_network.1.player.person_23,app_network.1.player.person_24,app_network.1.player.person_25,app_network.1.player.person_26,app_network.1.player.person_27,app_network.1.player.person_28,app_network.1.player.person_29,app_network.1.player.person_30,app_network.1.player.person_31,app_network.1.player.person_32,app_network.1.player.person_33,app_network.1.player.person_34,app_network.1.player.person_35,app_network.1.player.person_36,app_network.1.player.person_37,app_network.1.player.person_38,app_network.1.player.person_39,app_network.1.player.person_40,app_network.1.player.person_41,app_network.1.player.person_42,app_network.1.player.person_43,app_network.1.player.person_44,app_network.1.player.person_45,app_network.1.player.person_46,app_network.1.player.person_47,app_network.1.player.person_48,app_network.1.player.person_49,app_network.1.player.person_50,app_network.1.player.friend_1,app_network.1.player.old_1,app_network.1.player.politics_1,app_network.1.player.study_1,app_network.1.player.support_1,app_network.1.player.friend_2,app_network.1.player.old_2,app_network.1.player.politics_2,app_network.1.player.study_2,app_network.1.player.support_2,app_network.1.player.friend_3,app_network.1.player.old_3,app_network.1.player.politics_3,app_network.1.player.study_3,app_network.1.player.support_3,app_network.1.player.friend_4,app_network.1.player.old_4,app_network.1.player.politics_4,app_network.1.player.study_4,app_network.1.player.support_4,app_network.1.player.friend_5,app_network.1.player.old_5,app_network.1.player.politics_5,app_network.1.player.study_5,app_network.1.player.support_5,app_network.1.player.friend_6,app_network.1.player.old_6,app_network.1.player.politics_6,app_network.1.player.study_6,app_network.1.player.support_6,app_network.1.player.friend_7,app_network.1.player.old_7,app_network.1.player.politics_7,app_network.1.player.study_7,app_network.1.player.support_7,app_network.1.player.friend_8,app_network.1.player.old_8,app_network.1.player.politics_8,app_network.1.player.study_8,app_network.1.player.support_8,app_network.1.player.friend_9,app_network.1.player.old_9,app_network.1.player.politics_9,app_network.1.player.study_9,app_network.1.player.support_9,app_network.1.player.friend_10,app_network.1.player.old_10,app_network.1.player.politics_10,app_network.1.player.study_10,app_network.1.player.support_10,app_network.1.player.friend_11,app_network.1.player.old_11,app_network.1.player.politics_11,app_network.1.player.study_11,app_network.1.player.support_11,app_network.1.player.friend_12,app_network.1.player.old_12,app_network.1.player.politics_12,app_network.1.player.study_12,app_network.1.player.support_12,app_network.1.player.friend_13,app_network.1.player.old_13,app_network.1.player.politics_13,app_network.1.player.study_13,app_network.1.player.support_13,app_network.1.player.friend_14,app_network.1.player.old_14,app_network.1.player.politics_14,app_network.1.player.study_14,app_network.1.player.support_14,app_network.1.player.friend_15,app_network.1.player.old_15,app_network.1.player.politics_15,app_network.1.player.study_15,app_network.1.player.support_15,app_network.1.player.friend_16,app_network.1.player.old_16,app_network.1.player.politics_16,app_network.1.player.study_16,app_network.1.player.support_16,app_network.1.player.friend_17,app_network.1.player.old_17,app_network.1.player.politics_17,app_network.1.player.study_17,app_network.1.player.support_17,app_network.1.player.friend_18,app_network.1.player.old_18,app_network.1.player.politics_18,app_network.1.player.study_18,app_network.1.player.support_18,app_network.1.player.friend_19,app_network.1.player.old_19,app_network.1.player.politics_19,app_network.1.player.study_19,app_network.1.player.support_19,app_network.1.player.friend_20,app_network.1.player.old_20,app_network.1.player.politics_20,app_network.1.player.study_20,app_network.1.player.support_20,app_network.1.player.friend_21,app_network.1.player.old_21,app_network.1.player.politics_21,app_network.1.player.study_21,app_network.1.player.support_21,app_network.1.player.friend_22,app_network.1.player.old_22,app_network.1.player.politics_22,app_network.1.player.study_22,app_network.1.player.support_22,app_network.1.player.friend_23,app_network.1.player.old_23,app_network.1.player.politics_23,app_network.1.player.study_23,app_network.1.player.support_23,app_network.1.player.friend_24,app_network.1.player.old_24,app_network.1.player.politics_24,app_network.1.player.study_24,app_network.1.player.support_24,app_network.1.player.friend_25,app_network.1.player.old_25,app_network.1.player.politics_25,app_network.1.player.study_25,app_network.1.player.support_25,app_network.1.player.friend_26,app_network.1.player.old_26,app_network.1.player.politics_26,app_network.1.player.study_26,app_network.1.player.support_26,app_network.1.player.friend_27,app_network.1.player.old_27,app_network.1.player.politics_27,app_network.1.player.study_27,app_network.1.player.support_27,app_network.1.player.friend_28,app_network.1.player.old_28,app_network.1.player.politics_28,app_network.1.player.study_28,app_network.1.player.support_28,app_network.1.player.friend_29,app_network.1.player.old_29,app_network.1.player.politics_29,app_network.1.player.study_29,app_network.1.player.support_29,app_network.1.player.friend_30,app_network.1.player.old_30,app_network.1.player.politics_30,app_network.1.player.study_30,app_network.1.player.support_30,app_network.1.player.friend_31,app_network.1.player.old_31,app_network.1.player.politics_31,app_network.1.player.study_31,app_network.1.player.support_31,app_network.1.player.friend_32,app_network.1.player.old_32,app_network.1.player.politics_32,app_network.1.player.study_32,app_network.1.player.support_32,app_network.1.player.friend_33,app_network.1.player.old_33,app_network.1.player.politics_33,app_network.1.player.study_33,app_network.1.player.support_33,app_network.1.player.friend_34,app_network.1.player.old_34,app_network.1.player.politics_34,app_network.1.player.study_34,app_network.1.player.support_34,app_network.1.player.friend_35,app_network.1.player.old_35,app_network.1.player.politics_35,app_network.1.player.study_35,app_network.1.player.support_35,app_network.1.player.friend_36,app_network.1.player.old_36,app_network.1.player.politics_36,app_network.1.player.study_36,app_network.1.player.support_36,app_network.1.player.friend_37,app_network.1.player.old_37,app_network.1.player.politics_37,app_network.1.player.study_37,app_network.1.player.support_37,app_network.1.player.friend_38,app_network.1.player.old_38,app_network.1.player.politics_38,app_network.1.player.study_38,app_network.1.player.support_38,app_network.1.player.friend_39,app_network.1.player.old_39,app_network.1.player.politics_39,app_network.1.player.study_39,app_network.1.player.support_39,app_network.1.player.friend_40,app_network.1.player.old_40,app_network.1.player.politics_40,app_network.1.player.study_40,app_network.1.player.support_40,app_network.1.player.friend_41,app_network.1.player.old_41,app_network.1.player.politics_41,app_network.1.player.study_41,app_network.1.player.support_41,app_network.1.player.friend_42,app_network.1.player.old_42,app_network.1.player.politics_42,app_network.1.player.study_42,app_network.1.player.support_42,app_network.1.player.friend_43,app_network.1.player.old_43,app_network.1.player.politics_43,app_network.1.player.study_43,app_network.1.player.support_43,app_network.1.player.friend_44,app_network.1.player.old_44,app_network.1.player.politics_44,app_network.1.player.study_44,app_network.1.player.support_44,app_network.1.player.friend_45,app_network.1.player.old_45,app_network.1.player.politics_45,app_network.1.player.study_45,app_network.1.player.support_45,app_network.1.player.friend_46,app_network.1.player.old_46,app_network.1.player.politics_46,app_network.1.player.study_46,app_network.1.player.support_46,app_network.1.player.friend_47,app_network.1.player.old_47,app_network.1.player.politics_47,app_network.1.player.study_47,app_network.1.player.support_47,app_network.1.player.friend_48,app_network.1.player.old_48,app_network.1.player.politics_48,app_network.1.player.study_48,app_network.1.player.support_48,app_network.1.player.friend_49,app_network.1.player.old_49,app_network.1.player.politics_49,app_network.1.player.study_49,app_network.1.player.support_49,app_network.1.player.friend_50,app_network.1.player.old_50,app_network.1.player.politics_50,app_network.1.player.study_50,app_network.1.player.support_50,app_network.1.player.group_1,app_network.1.player.group_2,app_network.1.player.group_3,app_network.1.player.group_4,app_network.1.player.group_5,app_network.1.player.group_6,app_network.1.player.group_7,app_network.1.player.group_8,app_network.1.player.group_9,app_network.1.player.group_10,app_network.1.player.group_11,app_network.1.player.group_12,app_network.1.player.group_13,app_network.1.player.group_14,app_network.1.player.group_15,app_network.1.player.group_16,app_network.1.player.group_17,app_network.1.player.group_18,app_network.1.player.group_19,app_network.1.player.group_20,app_network.1.player.group_21,app_network.1.player.group_22,app_network.1.player.group_23,app_network.1.player.group_24,app_network.1.player.group_25,app_network.1.player.group_26,app_network.1.player.group_27,app_network.1.player.group_28,app_network.1.player.group_29,app_network.1.player.group_30,app_network.1.player.group_31,app_network.1.player.group_32,app_network.1.player.group_33,app_network.1.player.group_34,app_network.1.player.group_35,app_network.1.player.group_36,app_network.1.player.group_37,app_network.1.player.group_38,app_network.1.player.group_39,app_network.1.player.group_40,app_network.1.player.group_41,app_network.1.player.group_42,app_network.1.player.group_43,app_network.1.player.group_44,app_network.1.player.group_45,app_network.1.player.group_46,app_network.1.player.group_47,app_network.1.player.group_48,app_network.1.player.group_49,app_network.1.player.group_50,app_network.1.player.linksrechts_self,app_network.1.player.linksrechts_1,app_network.1.player.linksrechts_2,app_network.1.player.linksrechts_3,app_network.1.player.linksrechts_4,app_network.1.player.linksrechts_5,app_network.1.player.linksrechts_6,app_network.1.player.linksrechts_7,app_network.1.player.linksrechts_8,app_network.1.player.linksrechts_9,app_network.1.player.linksrechts_10,app_network.1.player.linksrechts_11,app_network.1.player.linksrechts_12,app_network.1.player.linksrechts_13,app_network.1.player.linksrechts_14,app_network.1.player.linksrechts_15,app_network.1.player.linksrechts_16,app_network.1.player.linksrechts_17,app_network.1.player.linksrechts_18,app_network.1.player.linksrechts_19,app_network.1.player.linksrechts_20,app_network.1.player.linksrechts_21,app_network.1.player.linksrechts_22,app_network.1.player.linksrechts_23,app_network.1.player.linksrechts_24,app_network.1.player.linksrechts_25,app_network.1.player.linksrechts_26,app_network.1.player.linksrechts_27,app_network.1.player.linksrechts_28,app_network.1.player.linksrechts_29,app_network.1.player.linksrechts_30,app_network.1.player.linksrechts_31,app_network.1.player.linksrechts_32,app_network.1.player.linksrechts_33,app_network.1.player.linksrechts_34,app_network.1.player.linksrechts_35,app_network.1.player.linksrechts_36,app_network.1.player.linksrechts_37,app_network.1.player.linksrechts_38,app_network.1.player.linksrechts_39,app_network.1.player.linksrechts_40,app_network.1.player.linksrechts_41,app_network.1.player.linksrechts_42,app_network.1.player.linksrechts_43,app_network.1.player.linksrechts_44,app_network.1.player.linksrechts_45,app_network.1.player.linksrechts_46,app_network.1.player.linksrechts_47,app_network.1.player.linksrechts_48,app_network.1.player.linksrechts_49,app_network.1.player.linksrechts_50,app_network.1.player.time_networknamedstudents,app_network.1.player.time_leftright_selfassessment,app_network.1.player.time_leftright_assessment,app_network.1.group.id_in_subsession,app_network.1.subsession.round_number,app_studium.1.player.id_in_group,app_studium.1.player.role,app_studium.1.player.payoff,app_studium.1.player.semester_of_study,app_studium.1.player.study_program,app_studium.1.player.consecutive_academic_career,app_studium.1.player.tutorial,app_studium.1.player.grade,app_studium.1.player.time_class,app_studium.1.player.motivation_intrinsic_goal_1,app_studium.1.player.motivation_intrinsic_goal_2,app_studium.1.player.motivation_intrinsic_goal_3,app_studium.1.player.motivation_extrinsic_goal_1,app_studium.1.player.motivation_extrinsic_goal_2,app_studium.1.player.motivation_extrinsic_goal_3,app_studium.1.player.motivation_extrinsic_goal_4,app_studium.1.player.affective_academic_stress,app_studium.1.player.resource_time,app_studium.1.player.resource_peer,app_studium.1.player.resource_help,app_studium.1.player.fresherscamp_student,app_studium.1.player.freshersweek_student,app_studium.1.player.grade_1,app_studium.1.player.grade_2,app_studium.1.player.grade_3,app_studium.1.player.grade_4,app_studium.1.player.grade_5,app_studium.1.player.grade_6,app_studium.1.player.grade_7,app_studium.1.player.grade_8,app_studium.1.player.grade_9,app_studium.1.player.grade_10,app_studium.1.player.grade_11,app_studium.1.player.grade_12,app_studium.1.player.grade_13,app_studium.1.player.grade_14,app_studium.1.player.grade_15,app_studium.1.player.grade_16,app_studium.1.player.grade_17,app_studium.1.player.grade_18,app_studium.1.player.grade_19,app_studium.1.player.grade_20,app_studium.1.player.grade_21,app_studium.1.player.grade_22,app_studium.1.player.grade_23,app_studium.1.player.grade_24,app_studium.1.player.grade_25,app_studium.1.player.grade_26,app_studium.1.player.grade_27,app_studium.1.player.grade_28,app_studium.1.player.grade_29,app_studium.1.player.grade_30,app_studium.1.player.grade_31,app_studium.1.player.grade_32,app_studium.1.player.grade_33,app_studium.1.player.grade_34,app_studium.1.player.grade_35,app_studium.1.player.grade_36,app_studium.1.player.grade_37,app_studium.1.player.grade_38,app_studium.1.player.grade_39,app_studium.1.player.grade_40,app_studium.1.player.grade_41,app_studium.1.player.grade_42,app_studium.1.player.grade_43,app_studium.1.player.grade_44,app_studium.1.player.grade_45,app_studium.1.player.grade_46,app_studium.1.player.grade_47,app_studium.1.player.grade_48,app_studium.1.player.grade_49,app_studium.1.player.grade_50,app_studium.1.player.time_tutorial_expected_grade,app_studium.1.player.time_postcode,app_studium.1.player.time_fresherscamp,app_studium.1.group.id_in_subsession,app_studium.1.subsession.round_number,app_migration.1.player.id_in_group,app_migration.1.player.role,app_migration.1.player.payoff,app_migration.1.player.migration_culture,app_migration.1.player.migration_return,app_migration.1.player.migration_limit,app_migration.1.player.migration_number,app_migration.1.player.migration_social,app_migration.1.player.migration_border,app_migration.1.player.migration_eco,app_migration.1.player.migration_eco_1,app_migration.1.player.migration_eco_2,app_migration.1.player.migration_eco_3,app_migration.1.player.migration_eco_4,app_migration.1.player.migration_eco_5,app_migration.1.player.migration_eco_6,app_migration.1.player.migration_eco_7,app_migration.1.player.migration_eco_8,app_migration.1.player.migration_eco_9,app_migration.1.player.migration_eco_10,app_migration.1.player.migration_eco_11,app_migration.1.player.migration_eco_12,app_migration.1.player.migration_eco_13,app_migration.1.player.migration_eco_14,app_migration.1.player.migration_eco_15,app_migration.1.player.migration_eco_16,app_migration.1.player.migration_eco_17,app_migration.1.player.migration_eco_18,app_migration.1.player.migration_eco_19,app_migration.1.player.migration_eco_20,app_migration.1.player.migration_eco_21,app_migration.1.player.migration_eco_22,app_migration.1.player.migration_eco_23,app_migration.1.player.migration_eco_24,app_migration.1.player.migration_eco_25,app_migration.1.player.migration_eco_26,app_migration.1.player.migration_eco_27,app_migration.1.player.migration_eco_28,app_migration.1.player.migration_eco_29,app_migration.1.player.migration_eco_30,app_migration.1.player.migration_eco_31,app_migration.1.player.migration_eco_32,app_migration.1.player.migration_eco_33,app_migration.1.player.migration_eco_34,app_migration.1.player.migration_eco_35,app_migration.1.player.migration_eco_36,app_migration.1.player.migration_eco_37,app_migration.1.player.migration_eco_38,app_migration.1.player.migration_eco_39,app_migration.1.player.migration_eco_40,app_migration.1.player.migration_eco_41,app_migration.1.player.migration_eco_42,app_migration.1.player.migration_eco_43,app_migration.1.player.migration_eco_44,app_migration.1.player.migration_eco_45,app_migration.1.player.migration_eco_46,app_migration.1.player.migration_eco_47,app_migration.1.player.migration_eco_48,app_migration.1.player.migration_eco_49,app_migration.1.player.migration_eco_50,app_migration.1.player.migration_culture_1,app_migration.1.player.migration_culture_2,app_migration.1.player.migration_culture_3,app_migration.1.player.migration_culture_4,app_migration.1.player.migration_culture_5,app_migration.1.player.migration_culture_6,app_migration.1.player.migration_culture_7,app_migration.1.player.migration_culture_8,app_migration.1.player.migration_culture_9,app_migration.1.player.migration_culture_10,app_migration.1.player.migration_culture_11,app_migration.1.player.migration_culture_12,app_migration.1.player.migration_culture_13,app_migration.1.player.migration_culture_14,app_migration.1.player.migration_culture_15,app_migration.1.player.migration_culture_16,app_migration.1.player.migration_culture_17,app_migration.1.player.migration_culture_18,app_migration.1.player.migration_culture_19,app_migration.1.player.migration_culture_20,app_migration.1.player.migration_culture_21,app_migration.1.player.migration_culture_22,app_migration.1.player.migration_culture_23,app_migration.1.player.migration_culture_24,app_migration.1.player.migration_culture_25,app_migration.1.player.migration_culture_26,app_migration.1.player.migration_culture_27,app_migration.1.player.migration_culture_28,app_migration.1.player.migration_culture_29,app_migration.1.player.migration_culture_30,app_migration.1.player.migration_culture_31,app_migration.1.player.migration_culture_32,app_migration.1.player.migration_culture_33,app_migration.1.player.migration_culture_34,app_migration.1.player.migration_culture_35,app_migration.1.player.migration_culture_36,app_migration.1.player.migration_culture_37,app_migration.1.player.migration_culture_38,app_migration.1.player.migration_culture_39,app_migration.1.player.migration_culture_40,app_migration.1.player.migration_culture_41,app_migration.1.player.migration_culture_42,app_migration.1.player.migration_culture_43,app_migration.1.player.migration_culture_44,app_migration.1.player.migration_culture_45,app_migration.1.player.migration_culture_46,app_migration.1.player.migration_culture_47,app_migration.1.player.migration_culture_48,app_migration.1.player.migration_culture_49,app_migration.1.player.migration_culture_50,app_migration.1.player.time_migration,app_migration.1.group.id_in_subsession,app_migration.1.subsession.round_number,app_political.1.player.id_in_group,app_political.1.player.role,app_political.1.player.payoff,app_political.1.player.sunday_party_vote,app_political.1.player.lr_CDU,app_political.1.player.lr_CSU,app_political.1.player.lr_SPD,app_political.1.player.lr_Gruene,app_political.1.player.lr_FDP,app_political.1.player.lr_Linke,app_political.1.player.lr_AfD,app_political.1.player.lr_BSW,app_political.1.player.scalo_cdu,app_political.1.player.scalo_csu,app_political.1.player.scalo_spd,app_political.1.player.scalo_gruene,app_political.1.player.scalo_fdp,app_political.1.player.scalo_afd,app_political.1.player.scalo_linke,app_political.1.player.scalo_bsw,app_political.1.player.scalo_pep1,app_political.1.player.scalo_pep2,app_political.1.player.scalo_pep3,app_political.1.player.scalo_pep4,app_political.1.player.scalo_pep5,app_political.1.player.scalo_pep6,app_political.1.player.scalo_pep7,app_political.1.player.scalo_pep8,app_political.1.player.scalo_pep9,app_political.1.player.scalo_pep10,app_political.1.player.scalo_pep11,app_political.1.player.scalo_pep12,app_political.1.player.scalo_pep13,app_political.1.player.scalo_pep14,app_political.1.player.scalo_pep15,app_political.1.player.scalo_pep16,app_political.1.player.scalo_pep17,app_political.1.player.scalo_pep18,app_political.1.player.scalo_pep19,app_political.1.player.scalo_pep20,app_political.1.player.scalo_pep21,app_political.1.player.scalo_pep22,app_political.1.player.scalo_pep23,app_political.1.player.scalo_pep24,app_political.1.player.scalo_pep25,app_political.1.player.scalo_pep26,app_political.1.player.politics_question_one,app_political.1.player.politics_question_two,app_political.1.player.politics_question_three,app_political.1.player.politics_question_four,app_political.1.player.politics_question_five,app_political.1.player.politics_question_six,app_political.1.player.politics_question_seven,app_political.1.player.social_networks_1,app_political.1.player.social_networks_2,app_political.1.player.social_networks_3,app_political.1.player.social_networks_4,app_political.1.player.social_networks_5,app_political.1.player.social_networks_6,app_political.1.player.social_networks_7,app_political.1.player.social_networks_8,app_political.1.player.social_networks_9,app_political.1.player.social_networks_10,app_political.1.player.social_networks_11,app_political.1.player.social_networks_12,app_political.1.player.social_networks_13,app_political.1.player.participation_demonstration,app_political.1.player.petition_signatory,app_political.1.player.time_interest_uni,app_political.1.player.time_scaloparty,app_political.1.player.time_scaloperson,app_political.1.player.time_leftright,app_political.1.player.time_sundayquestion,app_political.1.player.time_political_qs,app_political.1.group.id_in_subsession,app_political.1.subsession.round_number,app_end.1.player.id_in_group,app_end.1.player.role,app_end.1.player.payoff,app_end.1.player.group_assignment,app_end.1.player.rnumber,app_end.1.player.rnumbercheck,app_end.1.player.feedback,app_end.1.player.time_firstendpage,app_end.1.player.time_endpage,app_end.1.player.network_narrative,app_end.1.player.time_rnumber,app_end.1.player.link_check,app_end.1.player.randomnumber_vl_1,app_end.1.player.randomnumber_vl_2,app_end.1.player.randomnumber_tut_1,app_end.1.player.randomnumber_tut_2,app_end.1.player.randomnumber_ex_1,app_end.1.player.randomnumber_ex_2,app_end.1.player.randomnumber_q1,app_end.1.player.randomnumber_q2,app_end.1.player.randomnumber_q3,app_end.1.player.randomnumber_q4,app_end.1.player.randomnumber_q5,app_end.1.player.randomnumber_q6,app_end.1.player.randomnumber_q7,app_end.1.player.randomnumber_q8,app_end.1.player.randomnumber_q9,app_end.1.player.randomnumber_q10,app_end.1.player.randomnumber_q11,app_end.1.player.randomnumber_q12,app_end.1.player.randomnumber_q13,app_end.1.player.randomnumber_q14,app_end.1.player.randomnumber_pop_2_2,app_end.1.player.randomnumber_pop_4_2,app_end.1.player.randomnumber_e_1_2,app_end.1.group.id_in_subsession,app_end.1.subsession.round_number
1,lrwkoomh,9sx,0,23,23,app_end,End,2025-11-25 14:58:34.899469,1,,,0.0,1,e5y22b4i,,,,,0,1.0,0.0,SS_WS2526,1,,0.0,3,1,5,2025-11-25T14:58:36.557Z,0,1,1,1,1,,0.0,,,,,,,,,,,2,2,3,3,0,-999,-999,1,1,1,,0.0,x,x,x,x,x,x,x,x,x,x,x,x,x,x,x,x,x,x,x,x,x,x,x,x,x,x,x,x,x,x,x,x,x,x,x,x,x,x,x,x,x,x,x,x,x,x,x,x,x,x,0,0,0,0,0,0,0,0,0,0,0,0,0,0,0,0,0,0,0,0,0,0,0,0,0,0,0,0,0,0,0,0,0,0,0,0,0,0,0,0,0,0,0,0,0,0,0,0,0,0,0,0,0,0,0,0,0,0,0,0,0,0,0,0,0,0,0,0,0,0,0,0,0,0,0,0,0,0,0,0,0,0,0,0,0,0,0,0,0,0,0,0,0,0,0,0,0,0,0,0,0,0,0,0,0,0,0,0,0,0,0,0,0,0,0,0,0,0,0,0,0,0,0,0,0,0,0,0,0,0,0,0,0,0,0,0,0,0,0,0,0,0,0,0,0,0,0,0,0,0,0,0,0,0,0,0,0,0,0,0,0,0,0,0,0,0,0,0,0,0,0,0,0,0,0,0,0,0,0,0,0,0,0,0,0,0,0,0,0,0,0,0,0,0,0,0,0,0,0,0,0,0,0,0,0,0,0,0,0,0,0,0,0,0,0,0,0,0,0,0,0,0,0,0,0,0,0,0,0,0,0,0,0,0,0,0,0,0,0,0,0,0,0,0,0,0,0,0,0,0,,,,,,,,,,,,,,,,,,,,,,,,,,,,,,,,,,,,,,,,,,,,,,,,,,,6,,,,,,,,,,,,,,,,,,,,,,,,,,,,,,,,,,,,,,,,,,,,,,,,,,,-999,-999,-999,1,1,1,,0.0,,,,6,3.3,,5,3,5,6,4,5,6,7,3,2,5,,,,,,,,,,,,,,,,,,,,,,,,,,,,,,,,,,,,,,,,,,,,,,,,,,,,,-999,-999,-999,1,1,1,,0.0,3,7,3,3,6,5,5,,,,,,,,,,,,,,,,,,,,,,,,,,,,,,,,,,,,,,,,,,,,,,,,,,,,,,,,,,,,,,,,,,,,,,,,,,,,,,,,,,,,,,,,,,,,,,,,,,,,,-999,1,1,1,,0.0,0,7,8,5,3,8,1,11,0,5,3,6,6,2,1,1,1,9,7,6,0,1,5,3,2,6,5,1,0,4,1,2,2,7,3,6,3,4,0,0,0,0,0,4,3,4,2,3,4,4,0,0,0,1,0,1,1,1,0,0,1,1,,2,1,-999,-999,-999,-999,-999,-999,1,1,1,,0.0,1,583645,9sx_583645,,2025-11-25T15:15:46.341Z,-999,,-999,,1,3,3,1,1,2,7,3,12,9,5,14,6,10,13,1,4,2,8,11,2,1,2,1,1
2,b4u67hpu,kq7,0,23,23,app_end,End,2025-11-25 15:10:20.957846,1,,,0.0,1,e5y22b4i,,,,,0,1.0,0.0,SS_WS2526,2,,0.0,2,5,3,2025-11-25T15:10:21.085Z,0,3,1,1,2,,0.0,,,,,,,,,,,4,3,4,2,0,-999,-999,1,1,2,,0.0,zrm,mjb,cx9,x,x,x,x,x,x,x,x,x,x,x,x,x,x,x,x,x,x,x,x,x,x,x,x,x,x,x,x,x,x,x,x,x,x,x,x,x,x,x,x,x,x,x,x,x,x,x,1,0,0,0,0,1,0,0,0,0,1,0,0,0,0,0,0,0,0,0,0,0,0,0,0,0,0,0,0,0,0,0,0,0,0,0,0,0,0,0,0,0,0,0,0,0,0,0,0,0,0,0,0,0,0,0,0,0,0,0,0,0,0,0,0,0,0,0,0,0,0,0,0,0,0,0,0,0,0,0,0,0,0,0,0,0,0,0,0,0,0,0,0,0,0,0,0,0,0,0,0,0,0,0,0,0,0,0,0,0,0,0,0,0,0,0,0,0,0,0,0,0,0,0,0,0,0,0,0,0,0,0,0,0,0,0,0,0,0,0,0,0,0,0,0,0,0,0,0,0,0,0,0,0,0,0,0,0,0,0,0,0,0,0,0,0,0,0,0,0,0,0,0,0,0,0,0,0,0,0,0,0,0,0,0,0,0,0,0,0,0,0,0,0,0,0,0,0,0,0,0,0,0,0,0,0,0,0,0,0,0,0,0,0,0,0,0,0,0,0,0,0,0,0,0,0,0,0,0,0,0,0,0,0,0,0,0,0,0,0,0,0,0,0,0,0,0,0,0,0,2,2,2,,,,,,,,,,,,,,,,,,,,,,,,,,,,,,,,,,,,,,,,,,,,,,,,5,4,4,3,,,,,,,,,,,,,,,,,,,,,,,,,,,,,,,,,,,,,,,,,,,,,,,,-999,-999,-999,1,1,2,,0.0,,,,6,2.0,15,5,4,6,4,6,6,6,6,5,7,0,,,5,6,7,,,,,,,,,,,,,,,,,,,,,,,,,,,,,,,,,,,,,,,,,,,,,,,,-999,-999,-999,1,1,2,,0.0,1,5,6,4,5,4,7,6,7,7,,,,,,,,,,,,,,,,,,,,,,,,,,,,,,,,,,,,,,,,,,,,,,,,4,4,4,,,,,,,,,,,,,,,,,,,,,,,,,,,,,,,,,,,,,,,,,,,,,,,,-999,1,1,2,,0.0,7,8,8,5,4,6,1,11,4,4,4,7,10,7,1,8,2,7,0,11,0,1,0,3,3,0,0,0,0,4,1,1,4,9,0,0,9,0,0,0,0,0,0,4,2,4,3,4,4,4,1,0,0,1,0,1,1,1,0,0,0,0,,2,1,-999,-999,-999,-999,-999,-999,1,1,2,,0.0,1,937158,kq7_937158,,2025-11-25T15:21:50.364Z,-999,,-999,,3,2,1,3,1,3,13,9,12,6,1,10,4,14,3,7,8,5,11,2,1,2,1,1,1
3,k1ckejp2,ff5,0,23,23,app_end,End,2025-11-25 15:11:04.744924,1,,,0.0,1,e5y22b4i,,,,,0,1.0,0.0,SS_WS2526,3,,0.0,2,4,3,2025-11-25T15:11:02.480Z,0,3,1,1,3,,0.0,,,,,,,,,,,4,4,4,4,7,-999,-999,1,1,3,,0.0,x,x,x,x,x,x,x,x,x,x,x,x,x,x,x,x,x,x,x,x,x,x,x,x,x,x,x,x,x,x,x,x,x,x,x,x,x,x,x,x,x,x,x,x,x,x,x,x,x,x,0,0,0,0,0,0,0,0,0,0,0,0,0,0,0,0,0,0,0,0,0,0,0,0,0,0,0,0,0,0,0,0,0,0,0,0,0,0,0,0,0,0,0,0,0,0,0,0,0,0,0,0,0,0,0,0,0,0,0,0,0,0,0,0,0,0,0,0,0,0,0,0,0,0,0,0,0,0,0,0,0,0,0,0,0,0,0,0,0,0,0,0,0,0,0,0,0,0,0,0,0,0,0,0,0,0,0,0,0,0,0,0,0,0,0,0,0,0,0,0,0,0,0,0,0,0,0,0,0,0,0,0,0,0,0,0,0,0,0,0,0,0,0,0,0,0,0,0,0,0,0,0,0,0,0,0,0,0,0,0,0,0,0,0,0,0,0,0,0,0,0,0,0,0,0,0,0,0,0,0,0,0,0,0,0,0,0,0,0,0,0,0,0,0,0,0,0,0,0,0,0,0,0,0,0,0,0,0,0,0,0,0,0,0,0,0,0,0,0,0,0,0,0,0,0,0,0,0,0,0,0,0,0,0,0,0,0,0,0,0,0,0,0,0,0,0,0,0,0,0,,,,,,,,,,,,,,,,,,,,,,,,,,,,,,,,,,,,,,,,,,,,,,,,,,,5,,,,,,,,,,,,,,,,,,,,,,,,,,,,,,,,,,,,,,,,,,,,,,,,,,,-999,-999,-999,1,1,3,,0.0,,,,2,2.7,5,1,1,5,3,4,4,6,5,4,1,5,,,,,,,,,,,,,,,,,,,,,,,,,,,,,,,,,,,,,,,,,,,,,,,,,,,,,-999,-999,-999,1,1,3,,0.0,1,7,5,4,4,4,7,,,,,,,,,,,,,,,,,,,,,,,,,,,,,,,,,,,,,,,,,,,,,,,,,,,,,,,,,,,,,,,,,,,,,,,,,,,,,,,,,,,,,,,,,,,,,,,,,,,,,-999,1,1,3,,0.0,3,8,9,5,3,7,2,10,9,4,2,9,9,4,1,3,1,11,7,10,6,1,8,4,2,5,7,1,0,5,1,1,1,10,2,7,8,9,0,0,0,1,0,5,3,5,3,4,4,4,0,0,0,1,0,1,1,1,1,0,0,0,,1,1,-999,-999,-999,-999,-999,-999,1,1,3,,0.0,1,298889,ff5_298889,,2025-11-25T15:21:01.724Z,-999,,-999,,3,2,1,2,3,1,6,2,5,11,9,13,7,1,8,14,12,10,4,3,1,2,1,1,1
4,9fmob2r5,k05,0,23,23,app_end,End,2025-11-25 15:11:44.118716,1,,,0.0,1,e5y22b4i,,,,,0,1.0,0.0,SS_WS2526,4,,0.0,3,2,3,2025-11-25T15:11:44.252Z,0,2,1,1,4,,0.0,,,,,,,,,,,3,4,3,4,0,-999,-999,1,1,4,,0.0,scs,x,x,x,x,x,x,x,x,x,x,x,x,x,x,x,x,x,x,x,x,x,x,x,x,x,x,x,x,x,x,x,x,x,x,x,x,x,x,x,x,x,x,x,x,x,x,x,x,x,1,0,0,0,1,0,0,0,0,0,0,0,0,0,0,0,0,0,0,0,0,0,0,0,0,0,0,0,0,0,0,0,0,0,0,0,0,0,0,0,0,0,0,0,0,0,0,0,0,0,0,0,0,0,0,0,0,0,0,0,0,0,0,0,0,0,0,0,0,0,0,0,0,0,0,0,0,0,0,0,0,0,0,0,0,0,0,0,0,0,0,0,0,0,0,0,0,0,0,0,0,0,0,0,0,0,0,0,0,0,0,0,0,0,0,0,0,0,0,0,0,0,0,0,0,0,0,0,0,0,0,0,0,0,0,0,0,0,0,0,0,0,0,0,0,0,0,0,0,0,0,0,0,0,0,0,0,0,0,0,0,0,0,0,0,0,0,0,0,0,0,0,0,0,0,0,0,0,0,0,0,0,0,0,0,0,0,0,0,0,0,0,0,0,0,0,0,0,0,0,0,0,0,0,0,0,0,0,0,0,0,0,0,0,0,0,0,0,0,0,0,0,0,0,0,0,0,0,0,0,0,0,0,0,0,0,0,0,0,0,0,0,0,0,0,0,0,0,0,0,1,,,,,,,,,,,,,,,,,,,,,,,,,,,,,,,,,,,,,,,,,,,,,,,,,,3,6,,,,,,,,,,,,,,,,,,,,,,,,,,,,,,,,,,,,,,,,,,,,,,,,,,-999,-999,-999,1,1,4,,0.0,,,,6,4.0,3,3,4,5,1,1,1,6,3,5,5,6,,,8,,,,,,,,,,,,,,,,,,,,,,,,,,,,,,,,,,,,,,,,,,,,,,,,,,-999,-999,-999,1,1,4,,0.0,1,1,1,1,1,1,7,5,,,,,,,,,,,,,,,,,,,,,,,,,,,,,,,,,,,,,,,,,,,,,,,,,,2,,,,,,,,,,,,,,,,,,,,,,,,,,,,,,,,,,,,,,,,,,,,,,,,,,-999,1,1,4,,0.0,6,9,10,6,5,7,3,11,8,1,1,7,8,2,1,10,1,5,7,7,0,1,9,1,1,7,7,1,0,1,1,1,1,2,1,0,9,7,0,0,0,0,0,4,2,4,2,4,4,4,0,0,0,1,0,1,1,1,1,0,0,0,,1,1,-999,-999,-999,-999,-999,-999,1,1,4,,0.0,2,854470,k05_854470,,2025-11-25T15:23:01.912Z,-999,,-999,-999,3,1,2,3,1,3,10,9,11,7,2,13,5,3,14,6,8,12,4,1,1,1,2,1,1
5,zj4oefw2,hpc,0,23,23,app_end,End,2025-11-25 15:12:21.756096,1,,,0.0,1,e5y22b4i,,,,,0,1.0,0.0,SS_WS2526,5,,0.0,2,5,3,2025-11-25T15:12:21.832Z,0,3,1,1,5,,0.0,,,,,,,,,,,3,3,1,2,20,-999,-999,1,1,5,,0.0,tz9,ff5,x,x,x,x,x,x,x,x,x,x,x,x,x,x,x,x,x,x,x,x,x,x,x,x,x,x,x,x,x,x,x,x,x,x,x,x,x,x,x,x,x,x,x,x,x,x,x,x,1,0,1,0,0,0,1,0,0,0,0,0,0,0,0,0,0,0,0,0,0,0,0,0,0,0,0,0,0,0,0,0,0,0,0,0,0,0,0,0,0,0,0,0,0,0,0,0,0,0,0,0,0,0,0,0,0,0,0,0,0,0,0,0,0,0,0,0,0,0,0,0,0,0,0,0,0,0,0,0,0,0,0,0,0,0,0,0,0,0,0,0,0,0,0,0,0,0,0,0,0,0,0,0,0,0,0,0,0,0,0,0,0,0,0,0,0,0,0,0,0,0,0,0,0,0,0,0,0,0,0,0,0,0,0,0,0,0,0,0,0,0,0,0,0,0,0,0,0,0,0,0,0,0,0,0,0,0,0,0,0,0,0,0,0,0,0,0,0,0,0,0,0,0,0,0,0,0,0,0,0,0,0,0,0,0,0,0,0,0,0,0,0,0,0,0,0,0,0,0,0,0,0,0,0,0,0,0,0,0,0,0,0,0,0,0,0,0,0,0,0,0,0,0,0,0,0,0,0,0,0,0,0,0,0,0,0,0,0,0,0,0,0,0,0,0,0,0,0,0,1,1,,,,,,,,,,,,,,,,,,,,,,,,,,,,,,,,,,,,,,,,,,,,,,,,,2,,2,,,,,,,,,,,,,,,,,,,,,,,,,,,,,,,,,,,,,,,,,,,,,,,,,-999,-999,-999,1,1,5,,0.0,,,,6,2.7,,5,3,6,3,5,6,3,1,7,2,6,,,,4,,,,,,,,,,,,,,,,,,,,,,,,,,,,,,,,,,,,,,,,,,,,,,,,,-999,-999,-999,1,1,5,,0.0,5,3,1,0,3,0,5,3,4,,,,,,,,,,,,,,,,,,,,,,,,,,,,,,,,,,,,,,,,,,,,,,,,,3,1,,,,,,,,,,,,,,,,,,,,,,,,,,,,,,,,,,,,,,,,,,,,,,,,,-999,1,1,5,,0.0,6,6,0,1,4,0,4,6,5,1,3,4,2,2,2,2,2,1,1,1,2,2,1,3,5,3,3,3,4,3,4,3,3,3,3,3,3,5,3,1,1,1,1,4,4,1,1,1,2,2,0,1,0,1,0,1,1,1,1,0,1,0,,1,1,-999,-999,-999,-999,-999,-999,1,1,5,,0.0,0,995246,hpc_995246,super,2025-11-25T15:18:41.078Z,-999,,-999,-999,1,2,3,2,2,1,13,1,9,2,5,8,7,10,14,12,3,4,6,11,2,1,1,1,1
6,unezyz9g,8st,0,23,23,app_end,End,2025-11-25 15:13:24.636131,1,,,0.0,1,e5y22b4i,,,,,0,1.0,0.0,SS_WS2526,6,,0.0,2,5,3,2025-11-25T15:13:24.745Z,0,3,1,1,6,,0.0,,,,,,,,,,,4,4,4,4,4,-999,-999,1,1,6,,0.0,x,x,x,x,x,x,x,x,x,x,x,x,x,x,x,x,x,x,x,x,x,x,x,x,x,x,x,x,x,x,x,x,x,x,x,x,x,x,x,x,x,x,x,x,x,x,x,x,x,x,0,0,0,0,0,0,0,0,0,0,0,0,0,0,0,0,0,0,0,0,0,0,0,0,0,0,0,0,0,0,0,0,0,0,0,0,0,0,0,0,0,0,0,0,0,0,0,0,0,0,0,0,0,0,0,0,0,0,0,0,0,0,0,0,0,0,0,0,0,0,0,0,0,0,0,0,0,0,0,0,0,0,0,0,0,0,0,0,0,0,0,0,0,0,0,0,0,0,0,0,0,0,0,0,0,0,0,0,0,0,0,0,0,0,0,0,0,0,0,0,0,0,0,0,0,0,0,0,0,0,0,0,0,0,0,0,0,0,0,0,0,0,0,0,0,0,0,0,0,0,0,0,0,0,0,0,0,0,0,0,0,0,0,0,0,0,0,0,0,0,0,0,0,0,0,0,0,0,0,0,0,0,0,0,0,0,0,0,0,0,0,0,0,0,0,0,0,0,0,0,0,0,0,0,0,0,0,0,0,0,0,0,0,0,0,0,0,0,0,0,0,0,0,0,0,0,0,0,0,0,0,0,0,0,0,0,0,0,0,0,0,0,0,0,0,0,0,0,0,0,,,,,,,,,,,,,,,,,,,,,,,,,,,,,,,,,,,,,,,,,,,,,,,,,,,7,,,,,,,,,,,,,,,,,,,,,,,,,,,,,,,,,,,,,,,,,,,,,,,,,,,-999,-999,-999,1,1,6,,0.0,,,,2,3.0,2,4,5,4,3,5,3,5,3,4,5,4,,,,,,,,,,,,,,,,,,,,,,,,,,,,,,,,,,,,,,,,,,,,,,,,,,,,,-999,-999,-999,1,1,6,,0.0,5,7,7,7,6,6,3,,,,,,,,,,,,,,,,,,,,,,,,,,,,,,,,,,,,,,,,,,,,,,,,,,,,,,,,,,,,,,,,,,,,,,,,,,,,,,,,,,,,,,,,,,,,,,,,,,,,,-999,1,1,6,,0.0,1,7,8,4,2,6,1,11,3,11,11,7,1,9,3,1,1,0,3,2,0,2,6,6,10,6,4,7,5,10,1,2,4,9,3,6,1,3,5,6,4,4,4,4,3,4,3,4,4,3,0,0,0,1,0,1,1,1,1,0,0,0,,2,2,-999,-999,-999,-999,-999,-999,1,1,6,,0.0,1,122102,8st_122102,,2025-11-25T15:19:06.573Z,-999,,-999,,3,1,2,1,2,1,11,7,9,14,6,8,10,12,13,2,5,1,3,4,2,2,1,1,1
7,q6cvzakv,tz9,0,23,23,app_end,End,2025-11-25 15:13:51.192665,1,,,0.0,1,e5y22b4i,,,,,0,1.0,0.0,SS_WS2526,7,,0.0,2,4,3,2025-11-25T15:13:49.790Z,0,3,1,1,7,,0.0,,,,,,,,,,,3,3,3,3,12,-999,-999,1,1,7,,0.0,x,x,x,x,x,x,x,x,x,x,x,x,x,x,x,x,x,x,x,x,x,x,x,x,x,x,x,x,x,x,x,x,x,x,x,x,x,x,x,x,x,x,x,x,x,x,x,x,x,x,0,0,0,0,0,0,0,0,0,0,0,0,0,0,0,0,0,0,0,0,0,0,0,0,0,0,0,0,0,0,0,0,0,0,0,0,0,0,0,0,0,0,0,0,0,0,0,0,0,0,0,0,0,0,0,0,0,0,0,0,0,0,0,0,0,0,0,0,0,0,0,0,0,0,0,0,0,0,0,0,0,0,0,0,0,0,0,0,0,0,0,0,0,0,0,0,0,0,0,0,0,0,0,0,0,0,0,0,0,0,0,0,0,0,0,0,0,0,0,0,0,0,0,0,0,0,0,0,0,0,0,0,0,0,0,0,0,0,0,0,0,0,0,0,0,0,0,0,0,0,0,0,0,0,0,0,0,0,0,0,0,0,0,0,0,0,0,0,0,0,0,0,0,0,0,0,0,0,0,0,0,0,0,0,0,0,0,0,0,0,0,0,0,0,0,0,0,0,0,0,0,0,0,0,0,0,0,0,0,0,0,0,0,0,0,0,0,0,0,0,0,0,0,0,0,0,0,0,0,0,0,0,0,0,0,0,0,0,0,0,0,0,0,0,0,0,0,0,0,0,,,,,,,,,,,,,,,,,,,,,,,,,,,,,,,,,,,,,,,,,,,,,,,,,,,,,,,,,,,,,,,,,,,,,,,,,,,,,,,,,,,,,,,,,,,,,,,,,,,,,,-999,-999,-999,1,1,7,,0.0,,,,5,4.0,,3,4,4,4,3,3,6,5,4,4,4,,,,,,,,,,,,,,,,,,,,,,,,,,,,,,,,,,,,,,,,,,,,,,,,,,,,,-999,-999,-999,1,1,7,,0.0,1,3,1,3,3,2,4,,,,,,,,,,,,,,,,,,,,,,,,,,,,,,,,,,,,,,,,,,,,,,,,,,,,,,,,,,,,,,,,,,,,,,,,,,,,,,,,,,,,,,,,,,,,,,,,,,,,,-999,1,1,7,,0.0,6,9,10,6,5,7,2,11,8,2,2,8,7,3,1,10,1,9,8,9,8,1,10,2,2,2,8,1,11,1,1,1,1,5,1,5,5,9,0,5,5,1,0,5,3,4,5,5,4,5,0,0,0,1,0,1,1,1,0,0,0,0,,1,1,-999,-999,-999,-999,-999,-999,1,1,7,,0.0,2,887123,tz9_887123,,2025-11-25T15:25:02.052Z,-999,,-999,-999,3,2,3,1,2,1,11,6,7,10,8,5,14,1,9,4,12,3,2,13,2,2,2,1,1
8,fsdoxy0h,v0p,0,23,23,app_end,End,2025-11-25 15:16:35.940014,1,,,0.0,1,e5y22b4i,,,,,0,1.0,0.0,SS_WS2526,8,,0.0,3,2,3,2025-11-25T15:16:36.237Z,0,2,1,1,8,,0.0,,,,,,,,,,,3,4,5,3,0,-999,-999,1,1,8,,0.0,xlt,xfz,xxy,x,x,x,x,x,x,x,x,x,x,x,x,x,x,x,x,x,x,x,x,x,x,x,x,x,x,x,x,x,x,x,x,x,x,x,x,x,x,x,x,x,x,x,x,x,x,x,0,0,0,1,0,0,0,0,1,0,0,0,0,1,0,0,0,0,0,0,0,0,0,0,0,0,0,0,0,0,0,0,0,0,0,0,0,0,0,0,0,0,0,0,0,0,0,0,0,0,0,0,0,0,0,0,0,0,0,0,0,0,0,0,0,0,0,0,0,0,0,0,0,0,0,0,0,0,0,0,0,0,0,0,0,0,0,0,0,0,0,0,0,0,0,0,0,0,0,0,0,0,0,0,0,0,0,0,0,0,0,0,0,0,0,0,0,0,0,0,0,0,0,0,0,0,0,0,0,0,0,0,0,0,0,0,0,0,0,0,0,0,0,0,0,0,0,0,0,0,0,0,0,0,0,0,0,0,0,0,0,0,0,0,0,0,0,0,0,0,0,0,0,0,0,0,0,0,0,0,0,0,0,0,0,0,0,0,0,0,0,0,0,0,0,0,0,0,0,0,0,0,0,0,0,0,0,0,0,0,0,0,0,0,0,0,0,0,0,0,0,0,0,0,0,0,0,0,0,0,0,0,0,0,0,0,0,0,0,0,0,0,0,0,0,0,0,0,0,0,1,2,3,,,,,,,,,,,,,,,,,,,,,,,,,,,,,,,,,,,,,,,,,,,,,,,,3,5,5,5,,,,,,,,,,,,,,,,,,,,,,,,,,,,,,,,,,,,,,,,,,,,,,,,-999,-999,-999,1,1,8,,0.0,,,,1,4.0,3,6,3,6,3,4,3,4,5,4,5,4,,,0,0,0,,,,,,,,,,,,,,,,,,,,,,,,,,,,,,,,,,,,,,,,,,,,,,,,-999,-999,-999,1,1,8,,0.0,1,2,2,2,1,1,7,0,0,0,,,,,,,,,,,,,,,,,,,,,,,,,,,,,,,,,,,,,,,,,,,,,,,,0,0,0,,,,,,,,,,,,,,,,,,,,,,,,,,,,,,,,,,,,,,,,,,,,,,,,-999,1,1,8,,0.0,6,8,9,5,5,7,2,11,6,2,2,9,7,2,1,9,2,5,8,9,10,1,9,2,2,2,4,1,10,1,1,1,1,6,1,6,9,8,4,9,3,1,6,5,2,5,2,4,5,4,1,1,0,1,0,1,1,1,1,0,0,0,,1,1,-999,-999,-999,-999,-999,-999,1,1,8,,0.0,2,333990,v0p_333990,,2025-11-25T15:25:10.212Z,-999,,-999,-999,2,3,2,3,2,3,9,5,14,3,8,2,1,11,12,7,4,6,13,10,1,2,2,1,1
9,t2huqjxg,2hp,0,23,23,app_end,End,2025-11-25 15:18:09.129559,1,,,0.0,1,e5y22b4i,,,,,0,1.0,0.0,SS_WS2526,9,,0.0,3,2,3,2025-11-25T15:18:09.297Z,0,2,1,1,9,,0.0,,,,,,,,,,,4,4,5,3,,-999,-999,1,1,9,,0.0,x,x,x,x,x,x,x,x,x,x,x,x,x,x,x,x,x,x,x,x,x,x,x,x,x,x,x,x,x,x,x,x,x,x,x,x,x,x,x,x,x,x,x,x,x,x,x,x,x,x,0,0,0,0,0,0,0,0,0,0,0,0,0,0,0,0,0,0,0,0,0,0,0,0,0,0,0,0,0,0,0,0,0,0,0,0,0,0,0,0,0,0,0,0,0,0,0,0,0,0,0,0,0,0,0,0,0,0,0,0,0,0,0,0,0,0,0,0,0,0,0,0,0,0,0,0,0,0,0,0,0,0,0,0,0,0,0,0,0,0,0,0,0,0,0,0,0,0,0,0,0,0,0,0,0,0,0,0,0,0,0,0,0,0,0,0,0,0,0,0,0,0,0,0,0,0,0,0,0,0,0,0,0,0,0,0,0,0,0,0,0,0,0,0,0,0,0,0,0,0,0,0,0,0,0,0,0,0,0,0,0,0,0,0,0,0,0,0,0,0,0,0,0,0,0,0,0,0,0,0,0,0,0,0,0,0,0,0,0,0,0,0,0,0,0,0,0,0,0,0,0,0,0,0,0,0,0,0,0,0,0,0,0,0,0,0,0,0,0,0,0,0,0,0,0,0,0,0,0,0,0,0,0,0,0,0,0,0,0,0,0,0,0,0,0,0,0,0,0,0,,,,,,,,,,,,,,,,,,,,,,,,,,,,,,,,,,,,,,,,,,,,,,,,,,,5,,,,,,,,,,,,,,,,,,,,,,,,,,,,,,,,,,,,,,,,,,,,,,,,,,,-999,-999,-999,1,1,9,,0.0,,,,1,2.3,5,4,6,5,3,1,4,6,6,6,3,5,,,,,,,,,,,,,,,,,,,,,,,,,,,,,,,,,,,,,,,,,,,,,,,,,,,,,-999,-999,-999,1,1,9,,0.0,2,4,1,1,1,1,3,,,,,,,,,,,,,,,,,,,,,,,,,,,,,,,,,,,,,,,,,,,,,,,,,,,,,,,,,,,,,,,,,,,,,,,,,,,,,,,,,,,,,,,,,,,,,,,,,,,,,-999,1,1,9,,0.0,7,7,7,5,4,3,0,10,8,5,4,8,7,3,1,3,1,7,6,10,7,1,6,8,4,6,7,1,4,5,1,1,1,7,3,6,8,8,6,6,6,6,6,5,3,5,3,5,4,5,0,0,0,1,1,1,1,1,1,0,1,0,,1,1,-999,-999,-999,-999,-999,-999,1,1,9,,0.0,0,631739,2hp_631739,,2025-11-25T15:28:11.163Z,-999,,-999,-999,2,1,2,1,1,3,6,11,2,3,10,14,9,1,7,8,5,12,4,13,2,1,2,1,1
10,5xzynp26,j1i,0,23,23,app_end,End,2025-11-25 15:19:07.693195,1,,,0.0,1,e5y22b4i,,,,,0,1.0,0.0,SS_WS2526,10,,0.0,3,2,3,2025-11-25T15:19:08.114Z,0,2,1,1,10,,0.0,,,,,,,,,,,4,4,3,3,0,-999,-999,1,1,10,,0.0,g1x,x,x,x,x,x,x,x,x,x,x,x,x,x,x,x,x,x,x,x,x,x,x,x,x,x,x,x,x,x,x,x,x,x,x,x,x,x,x,x,x,x,x,x,x,x,x,x,x,x,1,1,0,1,1,0,0,0,0,0,0,0,0,0,0,0,0,0,0,0,0,0,0,0,0,0,0,0,0,0,0,0,0,0,0,0,0,0,0,0,0,0,0,0,0,0,0,0,0,0,0,0,0,0,0,0,0,0,0,0,0,0,0,0,0,0,0,0,0,0,0,0,0,0,0,0,0,0,0,0,0,0,0,0,0,0,0,0,0,0,0,0,0,0,0,0,0,0,0,0,0,0,0,0,0,0,0,0,0,0,0,0,0,0,0,0,0,0,0,0,0,0,0,0,0,0,0,0,0,0,0,0,0,0,0,0,0,0,0,0,0,0,0,0,0,0,0,0,0,0,0,0,0,0,0,0,0,0,0,0,0,0,0,0,0,0,0,0,0,0,0,0,0,0,0,0,0,0,0,0,0,0,0,0,0,0,0,0,0,0,0,0,0,0,0,0,0,0,0,0,0,0,0,0,0,0,0,0,0,0,0,0,0,0,0,0,0,0,0,0,0,0,0,0,0,0,0,0,0,0,0,0,0,0,0,0,0,0,0,0,0,0,0,0,0,0,0,0,0,0,1,,,,,,,,,,,,,,,,,,,,,,,,,,,,,,,,,,,,,,,,,,,,,,,,,,2,5,,,,,,,,,,,,,,,,,,,,,,,,,,,,,,,,,,,,,,,,,,,,,,,,,,-999,-999,-999,1,1,10,,0.0,,,,6,3.0,1,3,3,3,5,5,3,7,4,3,3,3,,,4,,,,,,,,,,,,,,,,,,,,,,,,,,,,,,,,,,,,,,,,,,,,,,,,,,-999,-999,-999,1,1,10,,0.0,2,4,4,4,4,4,4,4,,,,,,,,,,,,,,,,,,,,,,,,,,,,,,,,,,,,,,,,,,,,,,,,,,4,,,,,,,,,,,,,,,,,,,,,,,,,,,,,,,,,,,,,,,,,,,,,,,,,,-999,1,1,10,,0.0,6,8,8,5,4,7,2,11,9,2,2,7,8,4,1,10,1,6,5,7,6,1,7,4,2,6,6,1,6,2,2,2,1,3,6,6,10,9,6,6,6,6,6,4,2,3,2,4,4,4,0,1,0,1,0,1,1,1,1,0,0,0,,1,1,-999,-999,-999,-999,-999,-999,1,1,10,,0.0,1,427319,j1i_427319,,2025-11-25T15:27:33.286Z,-999,,-999,,1,2,1,2,2,1,1,3,7,14,13,9,2,5,4,10,12,11,8,6,1,2,1,1,1
11,n8sjples,g1x,0,23,23,app_end,End,2025-11-25 15:19:10.800605,1,,,0.0,1,e5y22b4i,,,,,0,1.0,0.0,SS_WS2526,11,,0.0,3,2,3,2025-11-25T15:19:10.942Z,0,2,1,1,11,,0.0,,,,,,,,,,,3,5,4,4,10,-999,-999,1,1,11,,0.0,j1i,x,x,x,x,x,x,x,x,x,x,x,x,x,x,x,x,x,x,x,x,x,x,x,x,x,x,x,x,x,x,x,x,x,x,x,x,x,x,x,x,x,x,x,x,x,x,x,x,x,1,1,0,1,1,0,0,0,0,0,0,0,0,0,0,0,0,0,0,0,0,0,0,0,0,0,0,0,0,0,0,0,0,0,0,0,0,0,0,0,0,0,0,0,0,0,0,0,0,0,0,0,0,0,0,0,0,0,0,0,0,0,0,0,0,0,0,0,0,0,0,0,0,0,0,0,0,0,0,0,0,0,0,0,0,0,0,0,0,0,0,0,0,0,0,0,0,0,0,0,0,0,0,0,0,0,0,0,0,0,0,0,0,0,0,0,0,0,0,0,0,0,0,0,0,0,0,0,0,0,0,0,0,0,0,0,0,0,0,0,0,0,0,0,0,0,0,0,0,0,0,0,0,0,0,0,0,0,0,0,0,0,0,0,0,0,0,0,0,0,0,0,0,0,0,0,0,0,0,0,0,0,0,0,0,0,0,0,0,0,0,0,0,0,0,0,0,0,0,0,0,0,0,0,0,0,0,0,0,0,0,0,0,0,0,0,0,0,0,0,0,0,0,0,0,0,0,0,0,0,0,0,0,0,0,0,0,0,0,0,0,0,0,0,0,0,0,0,0,0,,,,,,,,,,,,,,,,,,,,,,,,,,,,,,,,,,,,,,,,,,,,,,,,,,,3,3,,,,,,,,,,,,,,,,,,,,,,,,,,,,,,,,,,,,,,,,,,,,,,,,,,-999,-999,-999,1,1,11,,0.0,,,,6,3.0,,6,6,6,6,6,2,7,7,6,4,5,,,7,,,,,,,,,,,,,,,,,,,,,,,,,,,,,,,,,,,,,,,,,,,,,,,,,,-999,-999,-999,1,1,11,,0.0,3,6,6,5,4,6,2,6,,,,,,,,,,,,,,,,,,,,,,,,,,,,,,,,,,,,,,,,,,,,,,,,,,5,,,,,,,,,,,,,,,,,,,,,,,,,,,,,,,,,,,,,,,,,,,,,,,,,,-999,1,1,11,,0.0,0,8,7,3,5,6,1,11,9,3,3,7,6,6,1,3,1,4,5,6,0,1,5,0,2,0,1,1,4,2,1,1,0,9,6,6,6,6,6,6,6,6,6,4,3,4,3,5,5,5,0,0,0,1,0,1,1,1,1,1,0,1,,1,1,-999,-999,-999,-999,-999,-999,1,1,11,,0.0,1,736083,g1x_736083,,2025-11-25T15:27:42.447Z,-999,,-999,,1,2,3,1,2,3,5,8,12,10,3,13,2,11,6,7,1,4,14,9,2,1,1,1,1
12,8p2c23xt,oi6,0,23,23,app_end,End,2025-11-25 15:19:31.172228,1,,,0.0,1,e5y22b4i,,,,,0,1.0,0.0,SS_WS2526,12,,0.0,3,2,3,2025-11-25T15:19:31.292Z,0,2,1,1,12,,0.0,,,,,,,,,,,4,3,3,2,0,-999,-999,1,1,12,,0.0,cwn,ka0,88o,kd6,x,x,x,x,x,x,x,x,x,x,x,x,x,x,x,x,x,x,x,x,x,x,x,x,x,x,x,x,x,x,x,x,x,x,x,x,x,x,x,x,x,x,x,x,x,x,1,0,1,1,0,1,0,0,0,1,1,0,1,0,0,1,0,0,0,0,0,0,0,0,0,0,0,0,0,0,0,0,0,0,0,0,0,0,0,0,0,0,0,0,0,0,0,0,0,0,0,0,0,0,0,0,0,0,0,0,0,0,0,0,0,0,0,0,0,0,0,0,0,0,0,0,0,0,0,0,0,0,0,0,0,0,0,0,0,0,0,0,0,0,0,0,0,0,0,0,0,0,0,0,0,0,0,0,0,0,0,0,0,0,0,0,0,0,0,0,0,0,0,0,0,0,0,0,0,0,0,0,0,0,0,0,0,0,0,0,0,0,0,0,0,0,0,0,0,0,0,0,0,0,0,0,0,0,0,0,0,0,0,0,0,0,0,0,0,0,0,0,0,0,0,0,0,0,0,0,0,0,0,0,0,0,0,0,0,0,0,0,0,0,0,0,0,0,0,0,0,0,0,0,0,0,0,0,0,0,0,0,0,0,0,0,0,0,0,0,0,0,0,0,0,0,0,0,0,0,0,0,0,0,0,0,0,0,0,0,0,0,0,0,0,0,0,0,0,0,1,2,1,2,,,,,,,,,,,,,,,,,,,,,,,,,,,,,,,,,,,,,,,,,,,,,,,1,1,3,2,4,,,,,,,,,,,,,,,,,,,,,,,,,,,,,,,,,,,,,,,,,,,,,,,-999,-999,-999,1,1,12,,0.0,,,,0,3.3,6,6,6,6,5,5,7,6,7,6,7,5,,,6,4,9,3,,,,,,,,,,,,,,,,,,,,,,,,,,,,,,,,,,,,,,,,,,,,,,,-999,-999,-999,1,1,12,,0.0,1,2,1,1,1,1,7,7,6,7,6,,,,,,,,,,,,,,,,,,,,,,,,,,,,,,,,,,,,,,,,,,,,,,,1,2,1,2,,,,,,,,,,,,,,,,,,,,,,,,,,,,,,,,,,,,,,,,,,,,,,,-999,1,1,12,,0.0,6,8,9,6,4,7,2,11,9,2,2,4,6,2,1,10,1,5,6,7,5,1,6,1,3,6,4,1,10,1,1,1,1,5,2,2,0,6,6,0,0,0,0,5,2,5,1,4,4,3,0,0,0,1,0,1,0,1,0,0,1,1,,1,1,-999,-999,-999,-999,-999,-999,1,1,12,,0.0,2,567706,oi6_567706,,2025-11-25T15:36:58.222Z,-999,,-999,-999,3,2,1,3,2,3,2,12,5,4,3,10,14,13,1,9,6,8,11,7,1,2,2,1,1
13,op78fn6t,467,0,23,23,app_end,End,2025-11-25 15:20:32.347753,1,,,0.0,1,e5y22b4i,,,,,0,1.0,0.0,SS_WS2526,13,,0.0,3,2,3,2025-11-25T15:20:32.451Z,0,2,1,1,13,,0.0,,,,,,,,,,,3,3,3,3,5,-999,-999,1,1,13,,0.0,z3j,x,x,x,x,x,x,x,x,x,x,x,x,x,x,x,x,x,x,x,x,x,x,x,x,x,x,x,x,x,x,x,x,x,x,x,x,x,x,x,x,x,x,x,x,x,x,x,x,x,1,0,0,0,0,0,0,0,0,0,0,0,0,0,0,0,0,0,0,0,0,0,0,0,0,0,0,0,0,0,0,0,0,0,0,0,0,0,0,0,0,0,0,0,0,0,0,0,0,0,0,0,0,0,0,0,0,0,0,0,0,0,0,0,0,0,0,0,0,0,0,0,0,0,0,0,0,0,0,0,0,0,0,0,0,0,0,0,0,0,0,0,0,0,0,0,0,0,0,0,0,0,0,0,0,0,0,0,0,0,0,0,0,0,0,0,0,0,0,0,0,0,0,0,0,0,0,0,0,0,0,0,0,0,0,0,0,0,0,0,0,0,0,0,0,0,0,0,0,0,0,0,0,0,0,0,0,0,0,0,0,0,0,0,0,0,0,0,0,0,0,0,0,0,0,0,0,0,0,0,0,0,0,0,0,0,0,0,0,0,0,0,0,0,0,0,0,0,0,0,0,0,0,0,0,0,0,0,0,0,0,0,0,0,0,0,0,0,0,0,0,0,0,0,0,0,0,0,0,0,0,0,0,0,0,0,0,0,0,0,0,0,0,0,0,0,0,0,0,0,1,,,,,,,,,,,,,,,,,,,,,,,,,,,,,,,,,,,,,,,,,,,,,,,,,,3,4,,,,,,,,,,,,,,,,,,,,,,,,,,,,,,,,,,,,,,,,,,,,,,,,,,-999,-999,-999,1,1,13,,0.0,,,,6,3.0,3,3,4,2,4,5,6,7,6,4,5,6,,,5,,,,,,,,,,,,,,,,,,,,,,,,,,,,,,,,,,,,,,,,,,,,,,,,,,-999,-999,-999,1,1,13,,0.0,2,6,2,2,2,3,6,6,,,,,,,,,,,,,,,,,,,,,,,,,,,,,,,,,,,,,,,,,,,,,,,,,,3,,,,,,,,,,,,,,,,,,,,,,,,,,,,,,,,,,,,,,,,,,,,,,,,,,-999,1,1,13,,0.0,6,8,8,4,4,7,1,11,4,1,2,7,8,3,1,10,6,0,0,7,0,1,0,0,2,0,0,0,0,0,1,1,0,6,0,0,0,0,0,0,0,0,0,4,2,4,2,4,4,4,0,0,0,1,0,0,0,1,1,0,0,0,,1,1,-999,-999,-999,-999,-999,-999,1,1,13,,0.0,2,337959,467_337959,,2025-11-25T15:27:40.737Z,-999,,-999,-999,3,1,2,3,1,3,8,5,1,3,4,12,2,14,7,13,10,6,9,11,1,1,1,1,1
14,q875ihe4,cwn,0,23,23,app_end,End,2025-11-25 15:21:10.663529,1,,,0.0,1,e5y22b4i,,,,,0,1.0,0.0,SS_WS2526,14,,0.0,2,4,2,2025-11-25T15:21:11.154Z,0,2,1,1,14,,0.0,,,,,,,,,,,4,3,4,3,,-999,-999,1,1,14,,0.0,88o,oi6,kd6,ka0,x,x,x,x,x,x,x,x,x,x,x,x,x,x,x,x,x,x,x,x,x,x,x,x,x,x,x,x,x,x,x,x,x,x,x,x,x,x,x,x,x,x,x,x,x,x,1,1,1,0,1,1,0,0,0,0,1,0,0,1,0,1,0,0,1,0,0,0,0,0,0,0,0,0,0,0,0,0,0,0,0,0,0,0,0,0,0,0,0,0,0,0,0,0,0,0,0,0,0,0,0,0,0,0,0,0,0,0,0,0,0,0,0,0,0,0,0,0,0,0,0,0,0,0,0,0,0,0,0,0,0,0,0,0,0,0,0,0,0,0,0,0,0,0,0,0,0,0,0,0,0,0,0,0,0,0,0,0,0,0,0,0,0,0,0,0,0,0,0,0,0,0,0,0,0,0,0,0,0,0,0,0,0,0,0,0,0,0,0,0,0,0,0,0,0,0,0,0,0,0,0,0,0,0,0,0,0,0,0,0,0,0,0,0,0,0,0,0,0,0,0,0,0,0,0,0,0,0,0,0,0,0,0,0,0,0,0,0,0,0,0,0,0,0,0,0,0,0,0,0,0,0,0,0,0,0,0,0,0,0,0,0,0,0,0,0,0,0,0,0,0,0,0,0,0,0,0,0,0,0,0,0,0,0,0,0,0,0,0,0,0,0,0,0,0,0,1,1,2,2,,,,,,,,,,,,,,,,,,,,,,,,,,,,,,,,,,,,,,,,,,,,,,,1,1,1,4,4,,,,,,,,,,,,,,,,,,,,,,,,,,,,,,,,,,,,,,,,,,,,,,,-999,-999,-999,1,1,14,,0.0,,,,,3.7,3,7,3,5,5,3,7,6,6,4,6,5,,,8,7,7,7,,,,,,,,,,,,,,,,,,,,,,,,,,,,,,,,,,,,,,,,,,,,,,,-999,-999,-999,1,1,14,,0.0,1,2,2,2,1,2,7,7,7,7,6,,,,,,,,,,,,,,,,,,,,,,,,,,,,,,,,,,,,,,,,,,,,,,,1,1,3,3,,,,,,,,,,,,,,,,,,,,,,,,,,,,,,,,,,,,,,,,,,,,,,,-999,1,1,14,,0.0,6,7,8,6,5,6,2,11,9,2,2,5,8,4,1,10,1,4,3,8,5,1,0,2,2,4,2,1,0,2,1,1,1,5,2,0,10,3,0,0,0,0,0,5,1,5,2,5,5,4,0,0,0,1,1,1,1,1,1,0,1,0,,1,1,-999,-999,-999,-999,-999,-999,1,1,14,,0.0,2,899147,cwn_899147,,2025-11-25T15:37:32.248Z,-999,,-999,-999,1,2,3,1,2,1,14,5,10,7,4,2,8,11,3,6,12,9,13,1,1,1,2,1,1
15,h6l04b0n,ka0,0,23,23,app_end,End,2025-11-25 15:22:53.123803,1,,,0.0,1,e5y22b4i,,,,,0,1.0,0.0,SS_WS2526,15,,0.0,1,4,3,2025-11-25T15:22:53.554Z,0,2,1,1,15,,0.0,,,,,,,,,,,4,4,4,4,0,-999,-999,1,1,15,,0.0,oi6,cwn,kd6,x,x,x,x,x,x,x,x,x,x,x,x,x,x,x,x,x,x,x,x,x,x,x,x,x,x,x,x,x,x,x,x,x,x,x,x,x,x,x,x,x,x,x,x,x,x,x,1,0,0,0,0,0,0,0,1,0,1,0,0,0,0,0,0,0,0,0,0,0,0,0,0,0,0,0,0,0,0,0,0,0,0,0,0,0,0,0,0,0,0,0,0,0,0,0,0,0,0,0,0,0,0,0,0,0,0,0,0,0,0,0,0,0,0,0,0,0,0,0,0,0,0,0,0,0,0,0,0,0,0,0,0,0,0,0,0,0,0,0,0,0,0,0,0,0,0,0,0,0,0,0,0,0,0,0,0,0,0,0,0,0,0,0,0,0,0,0,0,0,0,0,0,0,0,0,0,0,0,0,0,0,0,0,0,0,0,0,0,0,0,0,0,0,0,0,0,0,0,0,0,0,0,0,0,0,0,0,0,0,0,0,0,0,0,0,0,0,0,0,0,0,0,0,0,0,0,0,0,0,0,0,0,0,0,0,0,0,0,0,0,0,0,0,0,0,0,0,0,0,0,0,0,0,0,0,0,0,0,0,0,0,0,0,0,0,0,0,0,0,0,0,0,0,0,0,0,0,0,0,0,0,0,0,0,0,0,0,0,0,0,0,0,0,0,0,0,0,1,2,1,,,,,,,,,,,,,,,,,,,,,,,,,,,,,,,,,,,,,,,,,,,,,,,,4,1,4,7,,,,,,,,,,,,,,,,,,,,,,,,,,,,,,,,,,,,,,,,,,,,,,,,-999,-999,-999,1,1,15,,0.0,,,,0,3.7,4,6,5,5,3,3,2,4,6,5,5,3,,,9,9,9,,,,,,,,,,,,,,,,,,,,,,,,,,,,,,,,,,,,,,,,,,,,,,,,-999,-999,-999,1,1,15,,0.0,2,6,4,4,3,3,7,7,6,5,,,,,,,,,,,,,,,,,,,,,,,,,,,,,,,,,,,,,,,,,,,,,,,,1,2,2,,,,,,,,,,,,,,,,,,,,,,,,,,,,,,,,,,,,,,,,,,,,,,,,-999,1,1,15,,0.0,7,8,9,5,4,7,1,11,1,7,2,7,10,3,1,2,1,10,5,10,0,1,4,3,3,4,6,1,0,5,1,1,1,9,2,10,4,10,8,0,0,0,0,5,3,5,3,4,4,4,0,0,0,0,1,1,0,1,0,0,1,0,,1,1,-999,-999,-999,-999,-999,-999,1,1,15,,0.0,2,100797,ka0_100797,,2025-11-25T15:38:34.616Z,-999,,-999,-999,2,3,1,3,2,3,6,5,14,1,12,11,2,10,8,13,9,7,3,4,1,2,2,1,1
16,omconr6j,kd6,0,23,23,app_end,End,2025-11-25 15:23:07.411685,1,,,0.0,1,e5y22b4i,,,,,0,1.0,0.0,SS_WS2526,16,,0.0,2,5,3,2025-11-25T15:23:07.420Z,0,3,1,1,16,,0.0,,,,,,,,,,,4,2,4,2,0,-999,-999,1,1,16,,0.0,cwn,oi6,x,x,x,x,x,x,x,x,x,x,x,x,x,x,x,x,x,x,x,x,x,x,x,x,x,x,x,x,x,x,x,x,x,x,x,x,x,x,x,x,x,x,x,x,x,x,x,x,0,0,0,0,1,0,0,0,0,1,0,0,0,0,0,0,0,0,0,0,0,0,0,0,0,0,0,0,0,0,0,0,0,0,0,0,0,0,0,0,0,0,0,0,0,0,0,0,0,0,0,0,0,0,0,0,0,0,0,0,0,0,0,0,0,0,0,0,0,0,0,0,0,0,0,0,0,0,0,0,0,0,0,0,0,0,0,0,0,0,0,0,0,0,0,0,0,0,0,0,0,0,0,0,0,0,0,0,0,0,0,0,0,0,0,0,0,0,0,0,0,0,0,0,0,0,0,0,0,0,0,0,0,0,0,0,0,0,0,0,0,0,0,0,0,0,0,0,0,0,0,0,0,0,0,0,0,0,0,0,0,0,0,0,0,0,0,0,0,0,0,0,0,0,0,0,0,0,0,0,0,0,0,0,0,0,0,0,0,0,0,0,0,0,0,0,0,0,0,0,0,0,0,0,0,0,0,0,0,0,0,0,0,0,0,0,0,0,0,0,0,0,0,0,0,0,0,0,0,0,0,0,0,0,0,0,0,0,0,0,0,0,0,0,0,0,0,0,0,0,3,3,,,,,,,,,,,,,,,,,,,,,,,,,,,,,,,,,,,,,,,,,,,,,,,,,6,2,2,,,,,,,,,,,,,,,,,,,,,,,,,,,,,,,,,,,,,,,,,,,,,,,,,-999,-999,-999,1,1,16,,0.0,,,,,3.3,1,1,4,4,4,4,4,4,4,4,4,4,,,8,8,,,,,,,,,,,,,,,,,,,,,,,,,,,,,,,,,,,,,,,,,,,,,,,,,-999,-999,-999,1,1,16,,0.0,4,7,6,6,6,7,6,7,7,,,,,,,,,,,,,,,,,,,,,,,,,,,,,,,,,,,,,,,,,,,,,,,,,1,1,,,,,,,,,,,,,,,,,,,,,,,,,,,,,,,,,,,,,,,,,,,,,,,,,-999,1,1,16,,0.0,9,6,6,4,3,6,1,11,5,7,7,9,1,6,2,2,6,9,0,6,0,5,0,0,9,0,0,1,0,7,1,1,1,7,10,0,0,4,0,0,0,0,0,4,3,5,3,4,3,3,0,0,0,1,1,1,1,1,1,0,1,1,,2,1,-999,-999,-999,-999,-999,-999,1,1,16,,0.0,0,210300,kd6_210300,,2025-11-25T15:34:45.173Z,-999,,-999,-999,1,2,1,3,3,2,6,11,5,3,2,9,4,1,14,12,13,7,8,10,2,2,1,1,1
17,hjnootnf,8fi,0,23,23,app_end,End,2025-11-25 15:23:53.964302,1,,,0.0,1,e5y22b4i,,,,,0,1.0,0.0,SS_WS2526,17,,0.0,2,5,3,2025-11-25T15:23:54.035Z,0,3,1,1,17,,0.0,,,,,,,,,,,4,3,4,3,10,-999,-999,1,1,17,,0.0,msn,iqk,ol7,x,qlq,x,x,x,x,x,x,x,x,x,x,x,x,x,x,x,x,x,x,x,x,x,x,x,x,x,x,x,x,x,x,x,x,x,x,x,x,x,x,x,x,x,x,x,x,x,1,0,0,0,0,1,0,0,0,0,1,0,0,0,0,0,0,0,0,0,1,0,0,0,0,0,0,0,0,0,0,0,0,0,0,0,0,0,0,0,0,0,0,0,0,0,0,0,0,0,0,0,0,0,0,0,0,0,0,0,0,0,0,0,0,0,0,0,0,0,0,0,0,0,0,0,0,0,0,0,0,0,0,0,0,0,0,0,0,0,0,0,0,0,0,0,0,0,0,0,0,0,0,0,0,0,0,0,0,0,0,0,0,0,0,0,0,0,0,0,0,0,0,0,0,0,0,0,0,0,0,0,0,0,0,0,0,0,0,0,0,0,0,0,0,0,0,0,0,0,0,0,0,0,0,0,0,0,0,0,0,0,0,0,0,0,0,0,0,0,0,0,0,0,0,0,0,0,0,0,0,0,0,0,0,0,0,0,0,0,0,0,0,0,0,0,0,0,0,0,0,0,0,0,0,0,0,0,0,0,0,0,0,0,0,0,0,0,0,0,0,0,0,0,0,0,0,0,0,0,0,0,0,0,0,0,0,0,0,0,0,0,0,0,0,0,0,0,0,0,1,1,1,,1,,,,,,,,,,,,,,,,,,,,,,,,,,,,,,,,,,,,,,,,,,,,,,5,4,4,4,,4,,,,,,,,,,,,,,,,,,,,,,,,,,,,,,,,,,,,,,,,,,,,,,-999,-999,-999,1,1,17,,0.0,,,,4,2.0,4,5,3,5,7,6,7,7,3,5,5,3,,,7,5,5,,5,,,,,,,,,,,,,,,,,,,,,,,,,,,,,,,,,,,,,,,,,,,,,,-999,-999,-999,1,1,17,,0.0,1,6,6,6,5,5,6,6,6,6,,6,,,,,,,,,,,,,,,,,,,,,,,,,,,,,,,,,,,,,,,,,,,,,,2,2,2,,2,,,,,,,,,,,,,,,,,,,,,,,,,,,,,,,,,,,,,,,,,,,,,,-999,1,1,17,,0.0,1,7,8,5,4,8,1,11,4,8,8,10,6,7,1,4,6,8,8,6,0,1,7,0,8,0,8,1,0,6,1,1,1,8,1,0,7,8,0,0,0,0,0,4,2,4,2,5,5,4,0,0,0,1,1,1,1,1,1,0,0,1,,1,1,-999,-999,-999,-999,-999,-999,1,1,17,,0.0,2,473946,8fi_473946,,2025-11-25T15:38:57.477Z,-999,,-999,-999,3,1,3,2,1,2,9,12,5,11,2,3,8,10,7,6,4,1,14,13,2,1,2,1,1
18,8pcz69sv,5nw,0,23,23,app_end,End,2025-11-25 15:24:00.483757,1,,,0.0,1,e5y22b4i,,,,,0,1.0,0.0,SS_WS2526,18,,0.0,2,4,3,2025-11-25T15:24:03.775Z,0,3,1,1,18,,0.0,,,,,,,,,,,4,1,5,1,0,-999,-999,1,1,18,,0.0,8yu,8mx,r3x,x,x,x,x,x,x,x,x,x,x,x,x,x,x,x,x,x,x,x,x,x,x,x,x,x,x,x,x,x,x,x,x,x,x,x,x,x,x,x,x,x,x,x,x,x,x,x,1,0,0,0,0,0,0,0,0,0,0,0,0,0,0,0,0,0,0,0,0,0,0,0,0,0,0,0,0,0,0,0,0,0,0,0,0,0,0,0,0,0,0,0,0,0,0,0,0,0,0,0,0,0,0,0,0,0,0,0,0,0,0,0,0,0,0,0,0,0,0,0,0,0,0,0,0,0,0,0,0,0,0,0,0,0,0,0,0,0,0,0,0,0,0,0,0,0,0,0,0,0,0,0,0,0,0,0,0,0,0,0,0,0,0,0,0,0,0,0,0,0,0,0,0,0,0,0,0,0,0,0,0,0,0,0,0,0,0,0,0,0,0,0,0,0,0,0,0,0,0,0,0,0,0,0,0,0,0,0,0,0,0,0,0,0,0,0,0,0,0,0,0,0,0,0,0,0,0,0,0,0,0,0,0,0,0,0,0,0,0,0,0,0,0,0,0,0,0,0,0,0,0,0,0,0,0,0,0,0,0,0,0,0,0,0,0,0,0,0,0,0,0,0,0,0,0,0,0,0,0,0,0,0,0,0,0,0,0,0,0,0,0,0,0,0,0,0,0,0,1,,,,,,,,,,,,,,,,,,,,,,,,,,,,,,,,,,,,,,,,,,,,,,,,,,4,1,,,,,,,,,,,,,,,,,,,,,,,,,,,,,,,,,,,,,,,,,,,,,,,,,,-999,-999,-999,1,1,18,,0.0,,,,1,3.7,,6,1,1,1,7,1,7,7,7,1,3,,,1,,,,,,,,,,,,,,,,,,,,,,,,,,,,,,,,,,,,,,,,,,,,,,,,,,-999,-999,-999,1,1,18,,0.0,7,7,7,7,7,6,7,7,,,,,,,,,,,,,,,,,,,,,,,,,,,,,,,,,,,,,,,,,,,,,,,,,,2,,,,,,,,,,,,,,,,,,,,,,,,,,,,,,,,,,,,,,,,,,,,,,,,,,-999,1,1,18,,0.0,8,8,9,7,5,8,2,10,4,2,1,4,3,3,1,3,11,1,1,2,0,1,0,1,1,1,1,0,0,1,1,1,1,3,1,0,8,0,0,0,0,0,0,4,2,5,1,4,5,4,0,1,0,0,1,1,0,1,0,0,0,1,,1,1,-999,-999,-999,-999,-999,-999,1,1,18,,0.0,2,577881,5nw_577881,,2025-11-25T15:32:14.216Z,-999,,-999,-999,1,3,2,3,1,3,14,3,4,10,8,5,13,9,7,1,12,11,2,6,2,1,1,1,1
19,fs5twojk,5or,0,23,23,app_end,End,2025-11-25 15:24:22.514455,1,,,0.0,1,e5y22b4i,,,,,0,1.0,0.0,SS_WS2526,19,,0.0,2,4,3,2025-11-25T15:24:21.826Z,0,3,1,1,19,,0.0,,,,,,,,,,,2,4,4,4,0,-999,-999,1,1,19,,0.0,x,x,x,x,x,x,x,x,x,x,x,x,x,x,x,x,x,x,x,x,x,x,x,x,x,x,x,x,x,x,x,x,x,x,x,x,x,x,x,x,x,x,x,x,x,x,x,x,x,x,0,0,0,0,0,0,0,0,0,0,0,0,0,0,0,0,0,0,0,0,0,0,0,0,0,0,0,0,0,0,0,0,0,0,0,0,0,0,0,0,0,0,0,0,0,0,0,0,0,0,0,0,0,0,0,0,0,0,0,0,0,0,0,0,0,0,0,0,0,0,0,0,0,0,0,0,0,0,0,0,0,0,0,0,0,0,0,0,0,0,0,0,0,0,0,0,0,0,0,0,0,0,0,0,0,0,0,0,0,0,0,0,0,0,0,0,0,0,0,0,0,0,0,0,0,0,0,0,0,0,0,0,0,0,0,0,0,0,0,0,0,0,0,0,0,0,0,0,0,0,0,0,0,0,0,0,0,0,0,0,0,0,0,0,0,0,0,0,0,0,0,0,0,0,0,0,0,0,0,0,0,0,0,0,0,0,0,0,0,0,0,0,0,0,0,0,0,0,0,0,0,0,0,0,0,0,0,0,0,0,0,0,0,0,0,0,0,0,0,0,0,0,0,0,0,0,0,0,0,0,0,0,0,0,0,0,0,0,0,0,0,0,0,0,0,0,0,0,0,0,,,,,,,,,,,,,,,,,,,,,,,,,,,,,,,,,,,,,,,,,,,,,,,,,,,,,,,,,,,,,,,,,,,,,,,,,,,,,,,,,,,,,,,,,,,,,,,,,,,,,,-999,-999,-999,1,1,19,,0.0,,,,,,,,,,,,,,,,,,,,,,,,,,,,,,,,,,,,,,,,,,,,,,,,,,,,,,,,,,,,,,,,,,,,,,-999,-999,-999,1,1,19,,0.0,,,,,,,,,,,,,,,,,,,,,,,,,,,,,,,,,,,,,,,,,,,,,,,,,,,,,,,,,,,,,,,,,,,,,,,,,,,,,,,,,,,,,,,,,,,,,,,,,,,,,,,,,,,,-999,1,1,19,,0.0,,0,0,0,0,0,0,0,0,,,,,,,,,0,0,0,0,0,0,0,0,0,0,0,0,0,0,0,0,0,0,0,0,0,0,0,0,0,0,0,0,0,0,0,0,0,0,0,0,0,0,0,0,0,0,0,0,0,,,,-999,-999,-999,-999,-999,-999,1,1,19,,0.0,2,873555,5or_873555,,2025-11-25T15:25:59.340Z,-999,,-999,-999,1,2,2,3,3,1,12,13,4,3,14,5,6,7,10,2,1,8,9,11,2,2,1,1,1
20,k2fblyuz,3s1,0,23,23,app_end,End,2025-11-25 15:24:34.924790,1,,,0.0,1,e5y22b4i,,,,,0,1.0,0.0,SS_WS2526,20,,0.0,3,1,5,2025-11-25T15:24:33.547Z,0,1,1,1,20,,0.0,,,,,,,,,,,3,2,3,2,0,-999,-999,1,1,20,,0.0,qdi,cx9,x,x,x,x,x,x,x,x,x,x,x,x,x,x,x,x,x,x,x,x,x,x,x,x,x,x,x,x,x,x,x,x,x,x,x,x,x,x,x,x,x,x,x,x,x,x,x,x,1,0,0,1,1,1,0,0,0,1,0,0,0,0,0,0,0,0,0,0,0,0,0,0,0,0,0,0,0,0,0,0,0,0,0,0,0,0,0,0,0,0,0,0,0,0,0,0,0,0,0,0,0,0,0,0,0,0,0,0,0,0,0,0,0,0,0,0,0,0,0,0,0,0,0,0,0,0,0,0,0,0,0,0,0,0,0,0,0,0,0,0,0,0,0,0,0,0,0,0,0,0,0,0,0,0,0,0,0,0,0,0,0,0,0,0,0,0,0,0,0,0,0,0,0,0,0,0,0,0,0,0,0,0,0,0,0,0,0,0,0,0,0,0,0,0,0,0,0,0,0,0,0,0,0,0,0,0,0,0,0,0,0,0,0,0,0,0,0,0,0,0,0,0,0,0,0,0,0,0,0,0,0,0,0,0,0,0,0,0,0,0,0,0,0,0,0,0,0,0,0,0,0,0,0,0,0,0,0,0,0,0,0,0,0,0,0,0,0,0,0,0,0,0,0,0,0,0,0,0,0,0,0,0,0,0,0,0,0,0,0,0,0,0,0,0,0,0,0,0,1,1,,,,,,,,,,,,,,,,,,,,,,,,,,,,,,,,,,,,,,,,,,,,,,,,,8,8,9,,,,,,,,,,,,,,,,,,,,,,,,,,,,,,,,,,,,,,,,,,,,,,,,,-999,-999,-999,1,1,20,,0.0,,,,3,2.7,3,5,3,3,4,2,4,7,3,6,5,5,,,3,9,,,,,,,,,,,,,,,,,,,,,,,,,,,,,,,,,,,,,,,,,,,,,,,,,-999,-999,-999,1,1,20,,0.0,4,2,3,4,2,3,6,6,6,,,,,,,,,,,,,,,,,,,,,,,,,,,,,,,,,,,,,,,,,,,,,,,,,3,3,,,,,,,,,,,,,,,,,,,,,,,,,,,,,,,,,,,,,,,,,,,,,,,,,-999,1,1,20,,0.0,6,8,9,6,3,10,2,11,0,3,3,6,11,2,1,10,8,5,0,0,0,2,0,0,0,0,0,0,0,3,1,1,0,0,0,0,11,10,0,0,0,0,0,3,2,2,4,5,4,4,0,0,0,0,0,0,0,1,0,0,0,0,,1,1,-999,-999,-999,-999,-999,-999,1,1,20,,0.0,0,394423,3s1_394423,,2025-11-25T15:43:25.533Z,-999,,-999,-999,1,3,3,2,2,1,9,13,1,5,12,14,11,6,4,3,2,7,8,10,1,2,2,1,1
21,72nkl1id,ump,0,23,23,app_end,End,2025-11-25 15:25:26.793778,1,,,0.0,1,e5y22b4i,,,,,0,1.0,0.0,SS_WS2526,21,,0.0,3,2,3,2025-11-25T15:25:27.066Z,0,2,1,1,21,,0.0,,,,,,,,,,,3,3,2,2,0,-999,-999,1,1,21,,0.0,qhg,x,x,x,x,x,x,x,x,x,x,x,x,x,x,x,x,x,x,x,x,x,x,x,x,x,x,x,x,x,x,x,x,x,x,x,x,x,x,x,x,x,x,x,x,x,x,x,x,x,1,0,1,0,1,0,0,0,0,0,0,0,0,0,0,0,0,0,0,0,0,0,0,0,0,0,0,0,0,0,0,0,0,0,0,0,0,0,0,0,0,0,0,0,0,0,0,0,0,0,0,0,0,0,0,0,0,0,0,0,0,0,0,0,0,0,0,0,0,0,0,0,0,0,0,0,0,0,0,0,0,0,0,0,0,0,0,0,0,0,0,0,0,0,0,0,0,0,0,0,0,0,0,0,0,0,0,0,0,0,0,0,0,0,0,0,0,0,0,0,0,0,0,0,0,0,0,0,0,0,0,0,0,0,0,0,0,0,0,0,0,0,0,0,0,0,0,0,0,0,0,0,0,0,0,0,0,0,0,0,0,0,0,0,0,0,0,0,0,0,0,0,0,0,0,0,0,0,0,0,0,0,0,0,0,0,0,0,0,0,0,0,0,0,0,0,0,0,0,0,0,0,0,0,0,0,0,0,0,0,0,0,0,0,0,0,0,0,0,0,0,0,0,0,0,0,0,0,0,0,0,0,0,0,0,0,0,0,0,0,0,0,0,0,0,0,0,0,0,0,1,,,,,,,,,,,,,,,,,,,,,,,,,,,,,,,,,,,,,,,,,,,,,,,,,,6,4,,,,,,,,,,,,,,,,,,,,,,,,,,,,,,,,,,,,,,,,,,,,,,,,,,-999,-999,-999,1,1,21,,0.0,,,,6,1.7,,6,5,4,6,7,4,7,7,5,4,5,,,5,,,,,,,,,,,,,,,,,,,,,,,,,,,,,,,,,,,,,,,,,,,,,,,,,,-999,-999,-999,1,1,21,,0.0,3,5,5,4,4,4,4,5,,,,,,,,,,,,,,,,,,,,,,,,,,,,,,,,,,,,,,,,,,,,,,,,,,2,,,,,,,,,,,,,,,,,,,,,,,,,,,,,,,,,,,,,,,,,,,,,,,,,,-999,1,1,21,,0.0,5,7,8,4,2,6,1,10,8,8,8,7,7,9,1,4,0,7,0,3,0,2,6,7,6,0,6,2,6,5,1,1,4,5,0,0,3,5,0,0,0,0,0,4,4,4,4,2,2,2,1,0,1,1,1,1,0,1,0,1,0,0,,1,1,-999,-999,-999,-999,-999,-999,1,1,21,,0.0,1,273046,ump_273046,Super!,2025-11-25T15:45:06.992Z,-999,,-999,,2,3,3,2,3,1,1,10,9,5,12,3,13,4,14,2,11,6,7,8,1,2,1,1,1
22,azk7domr,l9e,0,23,23,app_end,End,2025-11-25 15:25:31.528904,1,,,0.0,1,e5y22b4i,,,,,0,1.0,0.0,SS_WS2526,22,,0.0,2,5,3,2025-11-25T15:25:31.636Z,0,3,1,1,22,,0.0,,,,,,,,,,,4,3,4,3,0,-999,-999,1,1,22,,0.0,n4r,wv9,x,x,x,x,x,x,x,x,x,x,x,x,x,x,x,x,x,x,x,x,x,x,x,x,x,x,x,x,x,x,x,x,x,x,x,x,x,x,x,x,x,x,x,x,x,x,x,x,1,0,0,0,0,1,0,0,0,0,0,0,0,0,0,0,0,0,0,0,0,0,0,0,0,0,0,0,0,0,0,0,0,0,0,0,0,0,0,0,0,0,0,0,0,0,0,0,0,0,0,0,0,0,0,0,0,0,0,0,0,0,0,0,0,0,0,0,0,0,0,0,0,0,0,0,0,0,0,0,0,0,0,0,0,0,0,0,0,0,0,0,0,0,0,0,0,0,0,0,0,0,0,0,0,0,0,0,0,0,0,0,0,0,0,0,0,0,0,0,0,0,0,0,0,0,0,0,0,0,0,0,0,0,0,0,0,0,0,0,0,0,0,0,0,0,0,0,0,0,0,0,0,0,0,0,0,0,0,0,0,0,0,0,0,0,0,0,0,0,0,0,0,0,0,0,0,0,0,0,0,0,0,0,0,0,0,0,0,0,0,0,0,0,0,0,0,0,0,0,0,0,0,0,0,0,0,0,0,0,0,0,0,0,0,0,0,0,0,0,0,0,0,0,0,0,0,0,0,0,0,0,0,0,0,0,0,0,0,0,0,0,0,0,0,0,0,0,0,0,1,1,,,,,,,,,,,,,,,,,,,,,,,,,,,,,,,,,,,,,,,,,,,,,,,,,3,4,4,,,,,,,,,,,,,,,,,,,,,,,,,,,,,,,,,,,,,,,,,,,,,,,,,-999,-999,-999,1,1,22,,0.0,,,,1,2.7,2,6,6,5,3,6,5,7,6,3,6,6,,,6,6,,,,,,,,,,,,,,,,,,,,,,,,,,,,,,,,,,,,,,,,,,,,,,,,,-999,-999,-999,1,1,22,,0.0,4,4,4,4,5,4,5,5,5,,,,,,,,,,,,,,,,,,,,,,,,,,,,,,,,,,,,,,,,,,,,,,,,,2,2,,,,,,,,,,,,,,,,,,,,,,,,,,,,,,,,,,,,,,,,,,,,,,,,,-999,1,1,22,,0.0,7,6,6,5,3,8,1,11,7,3,2,8,8,6,1,9,1,6,6,6,6,6,6,6,6,6,6,6,6,6,6,6,6,6,6,6,6,6,6,6,6,6,6,0,0,0,0,0,0,0,0,0,0,1,0,1,1,1,1,0,0,0,,2,1,-999,-999,-999,-999,-999,-999,1,1,22,,0.0,2,798123,l9e_798123,,2025-11-25T15:37:26.846Z,-999,,-999,-999,3,1,2,3,2,3,14,3,2,8,9,7,11,6,13,10,12,1,4,5,1,2,1,1,1
23,5wmceapb,zda,0,23,23,app_end,End,2025-11-25 15:25:33.065668,1,,,0.0,1,e5y22b4i,,,,,0,1.0,0.0,SS_WS2526,23,,0.0,2,5,3,2025-11-25T15:25:33.159Z,0,3,1,1,23,,0.0,,,,,,,,,,,3,3,3,2,0,-999,-999,1,1,23,,0.0,pdp,iy3,x,x,x,x,x,x,x,x,x,x,x,x,x,x,x,x,x,x,x,x,x,x,x,x,x,x,x,x,x,x,x,x,x,x,x,x,x,x,x,x,x,x,x,x,x,x,x,x,1,0,0,0,0,1,0,0,0,0,0,0,0,0,0,0,0,0,0,0,0,0,0,0,0,0,0,0,0,0,0,0,0,0,0,0,0,0,0,0,0,0,0,0,0,0,0,0,0,0,0,0,0,0,0,0,0,0,0,0,0,0,0,0,0,0,0,0,0,0,0,0,0,0,0,0,0,0,0,0,0,0,0,0,0,0,0,0,0,0,0,0,0,0,0,0,0,0,0,0,0,0,0,0,0,0,0,0,0,0,0,0,0,0,0,0,0,0,0,0,0,0,0,0,0,0,0,0,0,0,0,0,0,0,0,0,0,0,0,0,0,0,0,0,0,0,0,0,0,0,0,0,0,0,0,0,0,0,0,0,0,0,0,0,0,0,0,0,0,0,0,0,0,0,0,0,0,0,0,0,0,0,0,0,0,0,0,0,0,0,0,0,0,0,0,0,0,0,0,0,0,0,0,0,0,0,0,0,0,0,0,0,0,0,0,0,0,0,0,0,0,0,0,0,0,0,0,0,0,0,0,0,0,0,0,0,0,0,0,0,0,0,0,0,0,0,0,0,0,0,1,1,,,,,,,,,,,,,,,,,,,,,,,,,,,,,,,,,,,,,,,,,,,,,,,,,3,2,3,,,,,,,,,,,,,,,,,,,,,,,,,,,,,,,,,,,,,,,,,,,,,,,,,-999,-999,-999,1,1,23,,0.0,,,,5,3.0,5,4,5,5,3,5,3,7,7,6,4,3,,,4,4,,,,,,,,,,,,,,,,,,,,,,,,,,,,,,,,,,,,,,,,,,,,,,,,,-999,-999,-999,1,1,23,,0.0,4,5,4,6,4,5,5,5,5,,,,,,,,,,,,,,,,,,,,,,,,,,,,,,,,,,,,,,,,,,,,,,,,,3,3,,,,,,,,,,,,,,,,,,,,,,,,,,,,,,,,,,,,,,,,,,,,,,,,,-999,1,1,23,,0.0,6,7,8,6,5,6,3,9,5,5,4,7,7,5,1,8,5,7,5,8,7,2,8,4,4,6,6,2,8,4,2,2,1,6,3,5,10,6,0,6,4,2,0,4,2,3,2,3,2,3,0,1,0,1,0,1,1,1,1,0,1,1,,1,1,-999,-999,-999,-999,-999,-999,1,1,23,,0.0,0,808213,zda_808213,,2025-11-25T15:46:22.496Z,-999,,-999,-999,1,2,2,3,3,1,13,2,1,7,4,5,12,10,3,9,8,6,14,11,1,2,2,1,1
24,oszsqtfk,aq6,0,23,23,app_end,End,2025-11-25 15:32:26.621625,1,,,0.0,1,e5y22b4i,,,,,0,1.0,0.0,SS_WS2526,24,,0.0,3,2,3,2025-11-25T15:32:26.755Z,0,2,1,1,24,,0.0,,,,,,,,,,,2,2,0,3,10,-999,-999,1,1,24,,0.0,qip,cx9,r3x,x,qdi,7w1,x,x,x,x,x,x,x,x,x,x,x,x,x,x,x,x,x,x,x,x,x,x,x,x,x,x,x,x,x,x,x,x,x,x,x,x,x,x,x,x,x,x,x,x,1,0,0,0,0,1,0,0,0,0,1,0,0,0,0,0,0,0,0,0,1,0,0,0,0,1,0,0,0,0,0,0,0,0,0,0,0,0,0,0,0,0,0,0,0,0,0,0,0,0,0,0,0,0,0,0,0,0,0,0,0,0,0,0,0,0,0,0,0,0,0,0,0,0,0,0,0,0,0,0,0,0,0,0,0,0,0,0,0,0,0,0,0,0,0,0,0,0,0,0,0,0,0,0,0,0,0,0,0,0,0,0,0,0,0,0,0,0,0,0,0,0,0,0,0,0,0,0,0,0,0,0,0,0,0,0,0,0,0,0,0,0,0,0,0,0,0,0,0,0,0,0,0,0,0,0,0,0,0,0,0,0,0,0,0,0,0,0,0,0,0,0,0,0,0,0,0,0,0,0,0,0,0,0,0,0,0,0,0,0,0,0,0,0,0,0,0,0,0,0,0,0,0,0,0,0,0,0,0,0,0,0,0,0,0,0,0,0,0,0,0,0,0,0,0,0,0,0,0,0,0,0,0,0,0,0,0,0,0,0,0,0,0,0,0,0,0,0,0,0,1,1,1,,1,1,,,,,,,,,,,,,,,,,,,,,,,,,,,,,,,,,,,,,,,,,,,,,,2,2,2,,2,2,,,,,,,,,,,,,,,,,,,,,,,,,,,,,,,,,,,,,,,,,,,,,-999,-999,-999,1,1,24,,0.0,,,,3,2.3,3,6,6,3,2,2,2,3,3,6,6,6,,,4,5,5,,4,5,,,,,,,,,,,,,,,,,,,,,,,,,,,,,,,,,,,,,,,,,,,,,-999,-999,-999,1,1,24,,0.0,1,2,2,2,4,2,6,0,0,0,,0,0,,,,,,,,,,,,,,,,,,,,,,,,,,,,,,,,,,,,,,,,,,,,,0,0,0,,0,0,,,,,,,,,,,,,,,,,,,,,,,,,,,,,,,,,,,,,,,,,,,,,-999,1,1,24,,0.0,7,9,9,6,4,9,1,11,10,1,1,8,9,1,1,9,1,0,0,0,0,0,0,0,0,0,0,0,0,0,0,0,0,0,0,0,0,0,0,0,0,0,0,4,2,3,3,4,4,4,0,0,0,1,1,1,1,1,1,0,0,0,,1,1,-999,-999,-999,-999,-999,-999,1,1,24,,0.0,0,339503,aq6_339503,,2025-11-25T15:42:16.027Z,-999,,-999,-999,2,3,1,2,1,3,6,2,8,7,13,10,12,5,4,9,1,14,3,11,2,2,2,1,1
25,v8dmsrl4,dq4,0,23,23,app_end,End,2025-11-25 15:33:07.905839,1,,,0.0,1,e5y22b4i,,,,,0,1.0,0.0,SS_WS2526,25,,0.0,3,2,3,2025-11-25T15:33:08.199Z,0,2,1,1,25,,0.0,,,,,,,,,,,3,2,0,0,0,-999,-999,1,1,25,,0.0,fno,7y2,m7x,x,x,x,x,x,x,x,x,x,x,x,x,x,x,x,x,x,x,x,x,x,x,x,x,x,x,x,x,x,x,x,x,x,x,x,x,x,x,x,x,x,x,x,x,x,x,x,1,0,0,0,0,1,0,0,0,0,1,0,0,0,0,0,0,0,0,0,0,0,0,0,0,0,0,0,0,0,0,0,0,0,0,0,0,0,0,0,0,0,0,0,0,0,0,0,0,0,0,0,0,0,0,0,0,0,0,0,0,0,0,0,0,0,0,0,0,0,0,0,0,0,0,0,0,0,0,0,0,0,0,0,0,0,0,0,0,0,0,0,0,0,0,0,0,0,0,0,0,0,0,0,0,0,0,0,0,0,0,0,0,0,0,0,0,0,0,0,0,0,0,0,0,0,0,0,0,0,0,0,0,0,0,0,0,0,0,0,0,0,0,0,0,0,0,0,0,0,0,0,0,0,0,0,0,0,0,0,0,0,0,0,0,0,0,0,0,0,0,0,0,0,0,0,0,0,0,0,0,0,0,0,0,0,0,0,0,0,0,0,0,0,0,0,0,0,0,0,0,0,0,0,0,0,0,0,0,0,0,0,0,0,0,0,0,0,0,0,0,0,0,0,0,0,0,0,0,0,0,0,0,0,0,0,0,0,0,0,0,0,0,0,0,0,0,0,0,0,2,1,1,,,,,,,,,,,,,,,,,,,,,,,,,,,,,,,,,,,,,,,,,,,,,,,,3,,,3,,,,,,,,,,,,,,,,,,,,,,,,,,,,,,,,,,,,,,,,,,,,,,,,-999,-999,-999,1,1,25,,0.0,,,,3,4.0,,6,6,6,4,3,2,7,4,5,5,4,,,4,6,4,,,,,,,,,,,,,,,,,,,,,,,,,,,,,,,,,,,,,,,,,,,,,,,,-999,-999,-999,1,1,25,,0.0,1,5,4,3,2,4,6,6,6,6,,,,,,,,,,,,,,,,,,,,,,,,,,,,,,,,,,,,,,,,,,,,,,,,1,1,1,,,,,,,,,,,,,,,,,,,,,,,,,,,,,,,,,,,,,,,,,,,,,,,,-999,1,1,25,,0.0,3,8,8,4,4,5,1,0,6,3,3,10,9,8,1,10,3,10,0,10,0,1,0,0,2,0,9,1,0,2,1,1,1,5,1,0,11,10,0,0,0,0,0,4,2,4,2,5,5,4,0,0,0,1,0,1,1,1,1,0,0,0,,1,1,-999,-999,-999,-999,-999,-999,1,1,25,,0.0,1,988420,dq4_988420,,2025-11-25T15:42:55.862Z,-999,,-999,,1,3,1,3,3,2,11,12,5,7,13,6,10,3,8,1,14,4,9,2,1,2,1,1,1
26,qoehsmdd,199,0,23,23,app_end,End,2025-11-25 15:33:08.308189,1,,,0.0,1,e5y22b4i,,,,,0,1.0,0.0,SS_WS2526,26,,0.0,3,2,3,2025-11-25T15:33:08.495Z,1,2,1,1,26,,0.0,,,,,,,,,,,3,3,4,3,0,-999,-999,1,1,26,,0.0,467,zfv,7mf,x,x,x,x,x,x,x,x,x,x,x,x,x,x,x,x,x,x,x,x,x,x,x,x,x,x,x,x,x,x,x,x,x,x,x,x,x,x,x,x,x,x,x,x,x,x,x,1,0,0,0,0,0,0,0,0,0,0,0,0,0,1,0,0,0,0,0,0,0,0,0,0,0,0,0,0,0,0,0,0,0,0,0,0,0,0,0,0,0,0,0,0,0,0,0,0,0,0,0,0,0,0,0,0,0,0,0,0,0,0,0,0,0,0,0,0,0,0,0,0,0,0,0,0,0,0,0,0,0,0,0,0,0,0,0,0,0,0,0,0,0,0,0,0,0,0,0,0,0,0,0,0,0,0,0,0,0,0,0,0,0,0,0,0,0,0,0,0,0,0,0,0,0,0,0,0,0,0,0,0,0,0,0,0,0,0,0,0,0,0,0,0,0,0,0,0,0,0,0,0,0,0,0,0,0,0,0,0,0,0,0,0,0,0,0,0,0,0,0,0,0,0,0,0,0,0,0,0,0,0,0,0,0,0,0,0,0,0,0,0,0,0,0,0,0,0,0,0,0,0,0,0,0,0,0,0,0,0,0,0,0,0,0,0,0,0,0,0,0,0,0,0,0,0,0,0,0,0,0,0,0,0,0,0,0,0,0,0,0,0,0,0,0,0,0,0,0,1,2,1,,,,,,,,,,,,,,,,,,,,,,,,,,,,,,,,,,,,,,,,,,,,,,,,1,3,4,7,,,,,,,,,,,,,,,,,,,,,,,,,,,,,,,,,,,,,,,,,,,,,,,,-999,-999,-999,1,1,26,,0.0,,,,3,0,2,5,5,5,5,4,6,7,7,3,5,5,,,4,6,2,,,,,,,,,,,,,,,,,,,,,,,,,,,,,,,,,,,,,,,,,,,,,,,,-999,-999,-999,1,1,26,,0.0,1,2,1,1,3,3,6,5,4,3,,,,,,,,,,,,,,,,,,,,,,,,,,,,,,,,,,,,,,,,,,,,,,,,3,4,5,,,,,,,,,,,,,,,,,,,,,,,,,,,,,,,,,,,,,,,,,,,,,,,,-999,1,1,26,,0.0,6,7,8,6,5,8,2,11,5,2,2,4,7,2,1,11,4,2,2,9,0,1,0,1,1,0,0,1,0,1,1,1,1,9,1,0,11,3,0,0,0,0,0,4,2,4,2,5,2,4,0,0,0,1,0,1,1,1,1,0,0,0,,1,1,-999,-999,-999,-999,-999,-999,1,1,26,,0.0,1,643719,199_643719,,2025-11-25T15:50:28.171Z,-999,,-999,,3,2,2,1,2,1,9,1,10,5,8,11,14,3,12,13,4,7,6,2,1,2,2,1,1
27,346o0eu0,28t,0,23,23,app_end,End,2025-11-25 15:33:09.600663,1,,,0.0,1,e5y22b4i,,,,,0,1.0,0.0,SS_WS2526,27,,0.0,2,5,3,2025-11-25T15:33:09.937Z,0,3,1,1,27,,0.0,,,,,,,,,,,2,3,2,4,5,-999,-999,1,1,27,,0.0,15f,ak1,x,x,x,x,x,x,x,x,x,x,x,x,x,x,x,x,x,x,x,x,x,x,x,x,x,x,x,x,x,x,x,x,x,x,x,x,x,x,x,x,x,x,x,x,x,x,x,x,1,0,0,0,0,1,0,0,0,0,0,0,0,0,0,0,0,0,0,0,0,0,0,0,0,0,0,0,0,0,0,0,0,0,0,0,0,0,0,0,0,0,0,0,0,0,0,0,0,0,0,0,0,0,0,0,0,0,0,0,0,0,0,0,0,0,0,0,0,0,0,0,0,0,0,0,0,0,0,0,0,0,0,0,0,0,0,0,0,0,0,0,0,0,0,0,0,0,0,0,0,0,0,0,0,0,0,0,0,0,0,0,0,0,0,0,0,0,0,0,0,0,0,0,0,0,0,0,0,0,0,0,0,0,0,0,0,0,0,0,0,0,0,0,0,0,0,0,0,0,0,0,0,0,0,0,0,0,0,0,0,0,0,0,0,0,0,0,0,0,0,0,0,0,0,0,0,0,0,0,0,0,0,0,0,0,0,0,0,0,0,0,0,0,0,0,0,0,0,0,0,0,0,0,0,0,0,0,0,0,0,0,0,0,0,0,0,0,0,0,0,0,0,0,0,0,0,0,0,0,0,0,0,0,0,0,0,0,0,0,0,0,0,0,0,0,0,0,0,0,1,2,,,,,,,,,,,,,,,,,,,,,,,,,,,,,,,,,,,,,,,,,,,,,,,,,3,2,3,,,,,,,,,,,,,,,,,,,,,,,,,,,,,,,,,,,,,,,,,,,,,,,,,-999,-999,-999,1,1,27,,0.0,,,,6,1.0,5,7,6,7,5,7,4,6,5,3,7,7,,,1,1,,,,,,,,,,,,,,,,,,,,,,,,,,,,,,,,,,,,,,,,,,,,,,,,,-999,-999,-999,1,1,27,,0.0,2,2,2,2,2,2,6,6,5,,,,,,,,,,,,,,,,,,,,,,,,,,,,,,,,,,,,,,,,,,,,,,,,,1,1,,,,,,,,,,,,,,,,,,,,,,,,,,,,,,,,,,,,,,,,,,,,,,,,,-999,1,1,27,,0.0,6,8,7,6,3,6,1,11,6,1,1,6,8,6,1,10,4,6,0,9,0,1,0,0,4,0,0,0,0,1,1,1,1,11,1,0,11,6,0,0,0,0,0,4,4,4,3,4,4,4,0,0,0,1,1,1,1,1,1,0,0,0,,1,1,-999,-999,-999,-999,-999,-999,1,1,27,,0.0,1,723945,28t_723945,,2025-11-25T15:42:41.283Z,-999,,-999,,1,2,2,3,2,1,2,10,7,6,3,14,8,9,1,12,5,11,13,4,2,1,1,1,1
28,7mx4442r,r3x,0,23,23,app_end,End,2025-11-25 15:33:09.636959,1,,,0.0,1,e5y22b4i,,,,,0,1.0,0.0,SS_WS2526,28,,0.0,2,5,3,2025-11-25T15:33:10.065Z,0,3,1,1,28,,0.0,,,,,,,,,,,5,2,5,3,10,-999,-999,1,1,28,,0.0,1cb,aq6,qip,44p,wto,jed,x,x,x,x,x,x,x,x,x,x,x,x,x,x,x,x,x,x,x,x,x,x,x,x,x,x,x,x,x,x,x,x,x,x,x,x,x,x,x,x,x,x,x,x,1,0,0,0,0,1,0,0,0,0,1,0,0,0,0,1,0,0,0,0,1,0,0,0,0,1,1,0,0,0,0,0,0,0,0,0,0,0,0,0,0,0,0,0,0,0,0,0,0,0,0,0,0,0,0,0,0,0,0,0,0,0,0,0,0,0,0,0,0,0,0,0,0,0,0,0,0,0,0,0,0,0,0,0,0,0,0,0,0,0,0,0,0,0,0,0,0,0,0,0,0,0,0,0,0,0,0,0,0,0,0,0,0,0,0,0,0,0,0,0,0,0,0,0,0,0,0,0,0,0,0,0,0,0,0,0,0,0,0,0,0,0,0,0,0,0,0,0,0,0,0,0,0,0,0,0,0,0,0,0,0,0,0,0,0,0,0,0,0,0,0,0,0,0,0,0,0,0,0,0,0,0,0,0,0,0,0,0,0,0,0,0,0,0,0,0,0,0,0,0,0,0,0,0,0,0,0,0,0,0,0,0,0,0,0,0,0,0,0,0,0,0,0,0,0,0,0,0,0,0,0,0,0,0,0,0,0,0,0,0,0,0,0,0,0,0,0,0,0,0,2,2,2,2,2,1,,,,,,,,,,,,,,,,,,,,,,,,,,,,,,,,,,,,,,,,,,,,,3,2,2,2,2,2,4,,,,,,,,,,,,,,,,,,,,,,,,,,,,,,,,,,,,,,,,,,,,,-999,-999,-999,1,1,28,,0.0,,,,3,2.7,3,4,2,4,4,5,4,6,6,2,4,6,,,6,6,6,6,6,6,,,,,,,,,,,,,,,,,,,,,,,,,,,,,,,,,,,,,,,,,,,,,-999,-999,-999,1,1,28,,0.0,1,1,1,1,1,2,7,7,7,7,7,7,7,,,,,,,,,,,,,,,,,,,,,,,,,,,,,,,,,,,,,,,,,,,,,1,1,1,1,1,1,,,,,,,,,,,,,,,,,,,,,,,,,,,,,,,,,,,,,,,,,,,,,-999,1,1,28,,0.0,3,6,8,5,4,7,1,11,9,3,1,8,8,2,1,9,1,0,0,0,0,0,0,0,0,0,0,0,0,0,0,0,0,0,0,0,0,0,0,0,0,0,0,0,0,0,0,0,0,0,0,0,0,1,1,1,1,1,1,0,0,0,,1,1,-999,-999,-999,-999,-999,-999,1,1,28,,0.0,1,566692,r3x_566692,,2025-11-25T15:51:31.728Z,-999,,-999,,2,3,1,2,2,1,6,14,10,13,5,12,9,2,11,4,1,3,8,7,2,2,2,1,1
29,1yafer85,jne,0,23,23,app_end,End,2025-11-25 15:33:10.642189,1,,,0.0,1,e5y22b4i,,,,,0,1.0,0.0,SS_WS2526,29,,0.0,2,5,3,2025-11-25T15:33:10.790Z,0,3,1,1,29,,0.0,,,,,,,,,,,4,3,3,2,5,-999,-999,1,1,29,,0.0,x,x,x,x,x,x,x,x,x,x,x,x,x,x,x,x,x,x,x,x,x,x,x,x,x,x,x,x,x,x,x,x,x,x,x,x,x,x,x,x,x,x,x,x,x,x,x,x,x,x,0,0,0,0,0,0,0,0,0,0,0,0,0,0,0,0,0,0,0,0,0,0,0,0,0,0,0,0,0,0,0,0,0,0,0,0,0,0,0,0,0,0,0,0,0,0,0,0,0,0,0,0,0,0,0,0,0,0,0,0,0,0,0,0,0,0,0,0,0,0,0,0,0,0,0,0,0,0,0,0,0,0,0,0,0,0,0,0,0,0,0,0,0,0,0,0,0,0,0,0,0,0,0,0,0,0,0,0,0,0,0,0,0,0,0,0,0,0,0,0,0,0,0,0,0,0,0,0,0,0,0,0,0,0,0,0,0,0,0,0,0,0,0,0,0,0,0,0,0,0,0,0,0,0,0,0,0,0,0,0,0,0,0,0,0,0,0,0,0,0,0,0,0,0,0,0,0,0,0,0,0,0,0,0,0,0,0,0,0,0,0,0,0,0,0,0,0,0,0,0,0,0,0,0,0,0,0,0,0,0,0,0,0,0,0,0,0,0,0,0,0,0,0,0,0,0,0,0,0,0,0,0,0,0,0,0,0,0,0,0,0,0,0,0,0,0,0,0,0,0,,,,,,,,,,,,,,,,,,,,,,,,,,,,,,,,,,,,,,,,,,,,,,,,,,,4,,,,,,,,,,,,,,,,,,,,,,,,,,,,,,,,,,,,,,,,,,,,,,,,,,,-999,-999,-999,1,1,29,,0.0,,,,1,2.7,3,4,6,5,7,6,6,7,7,7,7,7,,,,,,,,,,,,,,,,,,,,,,,,,,,,,,,,,,,,,,,,,,,,,,,,,,,,,-999,-999,-999,1,1,29,,0.0,2,6,4,6,4,3,7,,,,,,,,,,,,,,,,,,,,,,,,,,,,,,,,,,,,,,,,,,,,,,,,,,,,,,,,,,,,,,,,,,,,,,,,,,,,,,,,,,,,,,,,,,,,,,,,,,,,,-999,1,1,29,,0.0,6,9,6,5,5,5,1,11,5,2,4,8,6,6,1,9,7,6,5,5,0,1,6,0,6,6,6,6,6,6,1,1,5,2,6,0,10,0,0,0,0,0,0,4,2,4,2,4,4,4,0,0,0,1,0,1,1,1,1,0,0,0,,2,1,-999,-999,-999,-999,-999,-999,1,1,29,,0.0,1,302636,jne_302636,👍🏼,2025-11-25T15:41:37.422Z,-999,,-999,,1,3,2,1,3,1,1,14,3,8,5,7,13,4,10,9,12,11,2,6,1,1,1,1,1
30,rkcrv0gq,upq,0,23,23,app_end,End,2025-11-25 15:33:11.001361,1,,,0.0,1,e5y22b4i,,,,,0,1.0,0.0,SS_WS2526,30,,0.0,3,2,3,2025-11-25T15:33:11.110Z,0,2,1,1,30,,0.0,,,,,,,,,,,2,3,2,2,,-999,-999,1,1,30,,0.0,hyf,oev,vug,nre,n64,6z8,x,x,x,x,x,x,x,x,x,x,x,x,x,x,x,x,x,x,x,x,x,x,x,x,x,x,x,x,x,x,x,x,x,x,x,x,x,x,x,x,x,x,x,x,1,0,0,0,1,0,1,1,1,1,1,0,1,1,1,1,0,1,0,1,1,0,1,0,0,0,0,1,0,0,0,0,0,0,0,0,0,0,0,0,0,0,0,0,0,0,0,0,0,0,0,0,0,0,0,0,0,0,0,0,0,0,0,0,0,0,0,0,0,0,0,0,0,0,0,0,0,0,0,0,0,0,0,0,0,0,0,0,0,0,0,0,0,0,0,0,0,0,0,0,0,0,0,0,0,0,0,0,0,0,0,0,0,0,0,0,0,0,0,0,0,0,0,0,0,0,0,0,0,0,0,0,0,0,0,0,0,0,0,0,0,0,0,0,0,0,0,0,0,0,0,0,0,0,0,0,0,0,0,0,0,0,0,0,0,0,0,0,0,0,0,0,0,0,0,0,0,0,0,0,0,0,0,0,0,0,0,0,0,0,0,0,0,0,0,0,0,0,0,0,0,0,0,0,0,0,0,0,0,0,0,0,0,0,0,0,0,0,0,0,0,0,0,0,0,0,0,0,0,0,0,0,0,0,0,0,0,0,0,0,0,0,0,0,0,0,0,0,0,0,1,2,1,1,1,1,,,,,,,,,,,,,,,,,,,,,,,,,,,,,,,,,,,,,,,,,,,,,3,2,2,2,2,2,2,,,,,,,,,,,,,,,,,,,,,,,,,,,,,,,,,,,,,,,,,,,,,-999,-999,-999,1,1,30,,0.0,,,,6,4.0,6,7,5,6,4,5,3,5,7,5,6,6,,,0,0,0,0,0,0,,,,,,,,,,,,,,,,,,,,,,,,,,,,,,,,,,,,,,,,,,,,,-999,-999,-999,1,1,30,,0.0,2,5,2,3,2,3,7,6,6,6,6,6,6,,,,,,,,,,,,,,,,,,,,,,,,,,,,,,,,,,,,,,,,,,,,,2,2,2,2,2,2,,,,,,,,,,,,,,,,,,,,,,,,,,,,,,,,,,,,,,,,,,,,,-999,1,1,30,,0.0,6,8,0,5,4,7,1,11,10,0,0,0,0,0,0,0,0,0,0,0,0,0,0,0,0,0,0,0,0,0,0,0,0,0,0,0,0,0,0,0,0,0,0,4,3,4,0,5,4,4,0,0,0,1,0,1,1,1,1,0,0,0,,1,1,-999,-999,-999,-999,-999,-999,1,1,30,,0.0,0,874032,upq_874032,,2025-11-25T15:46:46.320Z,-999,,-999,-999,3,2,2,3,1,2,10,5,1,2,8,12,7,9,4,11,6,13,3,14,1,1,1,1,1
31,znhlbef9,98q,0,23,23,app_end,End,2025-11-25 15:33:11.370576,1,,,0.0,1,e5y22b4i,,,,,0,1.0,0.0,SS_WS2526,31,,0.0,2,5,3,2025-11-25T15:33:12.070Z,0,3,1,1,31,,0.0,,,,,,,,,,,2,3,3,3,4,-999,-999,1,1,31,,0.0,nre,6z8,x,x,x,x,x,x,x,x,x,x,x,x,x,x,x,x,x,x,x,x,x,x,x,x,x,x,x,x,x,x,x,x,x,x,x,x,x,x,x,x,x,x,x,x,x,x,x,x,1,0,0,0,0,1,0,0,0,0,0,0,0,0,0,0,0,0,0,0,0,0,0,0,0,0,0,0,0,0,0,0,0,0,0,0,0,0,0,0,0,0,0,0,0,0,0,0,0,0,0,0,0,0,0,0,0,0,0,0,0,0,0,0,0,0,0,0,0,0,0,0,0,0,0,0,0,0,0,0,0,0,0,0,0,0,0,0,0,0,0,0,0,0,0,0,0,0,0,0,0,0,0,0,0,0,0,0,0,0,0,0,0,0,0,0,0,0,0,0,0,0,0,0,0,0,0,0,0,0,0,0,0,0,0,0,0,0,0,0,0,0,0,0,0,0,0,0,0,0,0,0,0,0,0,0,0,0,0,0,0,0,0,0,0,0,0,0,0,0,0,0,0,0,0,0,0,0,0,0,0,0,0,0,0,0,0,0,0,0,0,0,0,0,0,0,0,0,0,0,0,0,0,0,0,0,0,0,0,0,0,0,0,0,0,0,0,0,0,0,0,0,0,0,0,0,0,0,0,0,0,0,0,0,0,0,0,0,0,0,0,0,0,0,0,0,0,0,0,0,1,1,,,,,,,,,,,,,,,,,,,,,,,,,,,,,,,,,,,,,,,,,,,,,,,,,3,3,2,,,,,,,,,,,,,,,,,,,,,,,,,,,,,,,,,,,,,,,,,,,,,,,,,-999,-999,-999,1,1,31,,0.0,,,,6,2.0,3,6,6,7,6,6,7,7,7,7,7,6,,,4,4,,,,,,,,,,,,,,,,,,,,,,,,,,,,,,,,,,,,,,,,,,,,,,,,,-999,-999,-999,1,1,31,,0.0,1,2,1,2,2,3,6,6,6,,,,,,,,,,,,,,,,,,,,,,,,,,,,,,,,,,,,,,,,,,,,,,,,,1,1,,,,,,,,,,,,,,,,,,,,,,,,,,,,,,,,,,,,,,,,,,,,,,,,,-999,1,1,31,,0.0,3,7,8,4,3,6,2,11,9,1,1,8,8,7,1,8,1,6,5,8,0,1,0,0,3,0,0,1,0,2,1,1,0,3,0,0,7,0,0,0,0,0,0,4,3,4,4,4,4,4,0,0,0,0,0,0,0,1,0,0,0,0,,1,1,-999,-999,-999,-999,-999,-999,1,1,31,,0.0,2,113141,98q_113141,,2025-11-25T15:41:46.692Z,-999,,-999,-999,1,2,2,1,3,2,5,13,2,4,11,1,6,7,10,3,12,8,9,14,2,1,2,1,1
32,ipatuopb,afp,0,23,23,app_end,End,2025-11-25 15:33:11.839698,1,,,0.0,1,e5y22b4i,,,,,0,1.0,0.0,SS_WS2526,32,,0.0,2,5,3,2025-11-25T15:33:12.422Z,0,3,1,1,32,,0.0,,,,,,,,,,,4,4,4,0,0,-999,-999,1,1,32,,0.0,un5,843,x,x,x,x,x,x,x,x,x,x,x,x,x,x,x,x,x,x,x,x,x,x,x,x,x,x,x,x,x,x,x,x,x,x,x,x,x,x,x,x,x,x,x,x,x,x,x,x,1,0,0,0,0,1,0,0,0,0,0,0,0,0,0,0,0,0,0,0,0,0,0,0,0,0,0,0,0,0,0,0,0,0,0,0,0,0,0,0,0,0,0,0,0,0,0,0,0,0,0,0,0,0,0,0,0,0,0,0,0,0,0,0,0,0,0,0,0,0,0,0,0,0,0,0,0,0,0,0,0,0,0,0,0,0,0,0,0,0,0,0,0,0,0,0,0,0,0,0,0,0,0,0,0,0,0,0,0,0,0,0,0,0,0,0,0,0,0,0,0,0,0,0,0,0,0,0,0,0,0,0,0,0,0,0,0,0,0,0,0,0,0,0,0,0,0,0,0,0,0,0,0,0,0,0,0,0,0,0,0,0,0,0,0,0,0,0,0,0,0,0,0,0,0,0,0,0,0,0,0,0,0,0,0,0,0,0,0,0,0,0,0,0,0,0,0,0,0,0,0,0,0,0,0,0,0,0,0,0,0,0,0,0,0,0,0,0,0,0,0,0,0,0,0,0,0,0,0,0,0,0,0,0,0,0,0,0,0,0,0,0,0,0,0,0,0,0,0,0,1,1,,,,,,,,,,,,,,,,,,,,,,,,,,,,,,,,,,,,,,,,,,,,,,,,,3,8,5,,,,,,,,,,,,,,,,,,,,,,,,,,,,,,,,,,,,,,,,,,,,,,,,,-999,-999,-999,1,1,32,,0.0,,,,3,1.7,4,5,3,5,6,6,6,6,6,5,6,7,,,3,5,,,,,,,,,,,,,,,,,,,,,,,,,,,,,,,,,,,,,,,,,,,,,,,,,-999,-999,-999,1,1,32,,0.0,1,4,2,3,3,2,6,3,5,,,,,,,,,,,,,,,,,,,,,,,,,,,,,,,,,,,,,,,,,,,,,,,,,5,3,,,,,,,,,,,,,,,,,,,,,,,,,,,,,,,,,,,,,,,,,,,,,,,,,-999,1,1,32,,0.0,6,7,8,5,4,7,2,10,7,3,2,8,5,2,1,9,3,8,0,4,0,2,0,0,3,6,9,1,0,4,1,1,1,4,1,3,9,5,0,0,0,0,0,3,2,4,2,4,3,4,0,1,0,1,0,1,0,1,0,0,1,1,,1,1,-999,-999,-999,-999,-999,-999,1,1,32,,0.0,2,624371,afp_624371,,2025-11-25T15:51:34.281Z,-999,,-999,-999,2,3,3,2,3,1,12,10,6,5,8,1,4,2,3,11,9,14,7,13,1,1,2,1,1
33,d7q08ejs,joy,0,23,23,app_end,End,2025-11-25 15:33:12.048521,1,,,0.0,1,e5y22b4i,,,,,0,1.0,0.0,SS_WS2526,33,,0.0,3,2,3,2025-11-25T15:33:12.518Z,0,2,1,1,33,,0.0,,,,,,,,,,,4,3,4,4,0,-999,-999,1,1,33,,0.0,6t0,w9x,g52,j0g,x,x,x,x,x,x,x,x,x,x,x,x,x,x,x,x,x,x,x,x,x,x,x,x,x,x,x,x,x,x,x,x,x,x,x,x,x,x,x,x,x,x,x,x,x,x,1,0,0,1,1,1,0,0,1,1,1,0,0,1,1,1,0,0,1,1,0,0,0,0,0,0,0,0,0,0,0,0,0,0,0,0,0,0,0,0,0,0,0,0,0,0,0,0,0,0,0,0,0,0,0,0,0,0,0,0,0,0,0,0,0,0,0,0,0,0,0,0,0,0,0,0,0,0,0,0,0,0,0,0,0,0,0,0,0,0,0,0,0,0,0,0,0,0,0,0,0,0,0,0,0,0,0,0,0,0,0,0,0,0,0,0,0,0,0,0,0,0,0,0,0,0,0,0,0,0,0,0,0,0,0,0,0,0,0,0,0,0,0,0,0,0,0,0,0,0,0,0,0,0,0,0,0,0,0,0,0,0,0,0,0,0,0,0,0,0,0,0,0,0,0,0,0,0,0,0,0,0,0,0,0,0,0,0,0,0,0,0,0,0,0,0,0,0,0,0,0,0,0,0,0,0,0,0,0,0,0,0,0,0,0,0,0,0,0,0,0,0,0,0,0,0,0,0,0,0,0,0,0,0,0,0,0,0,0,0,0,0,0,0,0,0,0,0,0,0,1,1,1,1,,,,,,,,,,,,,,,,,,,,,,,,,,,,,,,,,,,,,,,,,,,,,,,5,5,6,6,5,,,,,,,,,,,,,,,,,,,,,,,,,,,,,,,,,,,,,,,,,,,,,,,-999,-999,-999,1,1,33,,0.0,,,,3,1.3,3,5,5,6,6,6,6,7,3,7,5,4,,,4,5,3,4,,,,,,,,,,,,,,,,,,,,,,,,,,,,,,,,,,,,,,,,,,,,,,,-999,-999,-999,1,1,33,,0.0,4,5,4,5,4,3,6,6,7,6,7,,,,,,,,,,,,,,,,,,,,,,,,,,,,,,,,,,,,,,,,,,,,,,,3,2,1,2,,,,,,,,,,,,,,,,,,,,,,,,,,,,,,,,,,,,,,,,,,,,,,,-999,1,1,33,,0.0,6,7,7,6,7,4,2,11,9,8,6,7,7,4,1,10,1,10,6,7,8,1,6,9,7,6,8,1,6,6,1,2,2,9,4,9,4,6,6,7,5,6,7,4,3,2,3,4,4,5,0,0,0,1,0,0,0,1,0,0,0,0,,1,1,-999,-999,-999,-999,-999,-999,1,1,33,,0.0,0,170559,joy_170559,,2025-11-25T15:42:11.464Z,-999,,-999,-999,3,2,3,2,2,1,11,5,6,2,3,9,10,4,12,7,13,14,1,8,2,2,1,1,1
34,mfaoav4s,4aw,0,23,23,app_end,End,2025-11-25 15:33:12.182954,1,,,0.0,1,e5y22b4i,,,,,0,1.0,0.0,SS_WS2526,34,,0.0,3,2,3,2025-11-25T15:33:20.289Z,0,2,1,1,34,,0.0,,,,,,,,,,,4,3,4,3,0,-999,-999,1,1,34,,0.0,x,x,x,x,x,x,x,x,x,x,x,x,x,x,x,x,x,x,x,x,x,x,x,x,x,x,x,x,x,x,x,x,x,x,x,x,x,x,x,x,x,x,x,x,x,x,x,x,x,x,0,0,0,0,0,0,0,0,0,0,0,0,0,0,0,0,0,0,0,0,0,0,0,0,0,0,0,0,0,0,0,0,0,0,0,0,0,0,0,0,0,0,0,0,0,0,0,0,0,0,0,0,0,0,0,0,0,0,0,0,0,0,0,0,0,0,0,0,0,0,0,0,0,0,0,0,0,0,0,0,0,0,0,0,0,0,0,0,0,0,0,0,0,0,0,0,0,0,0,0,0,0,0,0,0,0,0,0,0,0,0,0,0,0,0,0,0,0,0,0,0,0,0,0,0,0,0,0,0,0,0,0,0,0,0,0,0,0,0,0,0,0,0,0,0,0,0,0,0,0,0,0,0,0,0,0,0,0,0,0,0,0,0,0,0,0,0,0,0,0,0,0,0,0,0,0,0,0,0,0,0,0,0,0,0,0,0,0,0,0,0,0,0,0,0,0,0,0,0,0,0,0,0,0,0,0,0,0,0,0,0,0,0,0,0,0,0,0,0,0,0,0,0,0,0,0,0,0,0,0,0,0,0,0,0,0,0,0,0,0,0,0,0,0,0,0,0,0,0,0,,,,,,,,,,,,,,,,,,,,,,,,,,,,,,,,,,,,,,,,,,,,,,,,,,,6,,,,,,,,,,,,,,,,,,,,,,,,,,,,,,,,,,,,,,,,,,,,,,,,,,,-999,-999,-999,1,1,34,,0.0,,,,2,2.7,6,5,4,7,7,6,6,7,7,7,4,3,,,,,,,,,,,,,,,,,,,,,,,,,,,,,,,,,,,,,,,,,,,,,,,,,,,,,-999,-999,-999,1,1,34,,0.0,4,4,5,5,4,3,5,,,,,,,,,,,,,,,,,,,,,,,,,,,,,,,,,,,,,,,,,,,,,,,,,,,,,,,,,,,,,,,,,,,,,,,,,,,,,,,,,,,,,,,,,,,,,,,,,,,,,-999,1,1,34,,0.0,5,7,8,4,3,7,2,11,1,9,9,7,8,9,1,2,1,10,8,8,0,1,0,9,10,0,9,1,0,10,1,4,3,8,6,10,6,11,0,0,0,0,0,4,3,4,3,4,4,4,0,0,1,1,1,1,1,1,0,0,0,0,,2,2,-999,-999,-999,-999,-999,-999,1,1,34,,0.0,1,589643,4aw_589643,Spannend,2025-11-25T15:47:28.675Z,-999,,-999,,3,1,1,2,2,1,11,14,12,1,9,3,13,5,4,10,2,6,8,7,2,2,1,1,1
35,hp9h4isk,4z1,0,23,23,app_end,End,2025-11-25 15:33:12.865376,1,,,0.0,1,e5y22b4i,,,,,0,1.0,0.0,SS_WS2526,35,,0.0,3,2,3,2025-11-25T15:33:13.669Z,0,2,1,1,35,,0.0,,,,,,,,,,,3,3,3,4,0,-999,-999,1,1,35,,0.0,x,x,x,x,x,x,x,x,x,x,x,x,x,x,x,x,x,x,x,x,x,x,x,x,x,x,x,x,x,x,x,x,x,x,x,x,x,x,x,x,x,x,x,x,x,x,x,x,x,x,0,0,0,0,0,0,0,0,0,0,0,0,0,0,0,0,0,0,0,0,0,0,0,0,0,0,0,0,0,0,0,0,0,0,0,0,0,0,0,0,0,0,0,0,0,0,0,0,0,0,0,0,0,0,0,0,0,0,0,0,0,0,0,0,0,0,0,0,0,0,0,0,0,0,0,0,0,0,0,0,0,0,0,0,0,0,0,0,0,0,0,0,0,0,0,0,0,0,0,0,0,0,0,0,0,0,0,0,0,0,0,0,0,0,0,0,0,0,0,0,0,0,0,0,0,0,0,0,0,0,0,0,0,0,0,0,0,0,0,0,0,0,0,0,0,0,0,0,0,0,0,0,0,0,0,0,0,0,0,0,0,0,0,0,0,0,0,0,0,0,0,0,0,0,0,0,0,0,0,0,0,0,0,0,0,0,0,0,0,0,0,0,0,0,0,0,0,0,0,0,0,0,0,0,0,0,0,0,0,0,0,0,0,0,0,0,0,0,0,0,0,0,0,0,0,0,0,0,0,0,0,0,0,0,0,0,0,0,0,0,0,0,0,0,0,0,0,0,0,0,,,,,,,,,,,,,,,,,,,,,,,,,,,,,,,,,,,,,,,,,,,,,,,,,,,5,,,,,,,,,,,,,,,,,,,,,,,,,,,,,,,,,,,,,,,,,,,,,,,,,,,-999,-999,-999,1,1,35,,0.0,,,,6,2.7,5,7,6,7,7,7,6,7,7,6,3,6,,,,,,,,,,,,,,,,,,,,,,,,,,,,,,,,,,,,,,,,,,,,,,,,,,,,,-999,-999,-999,1,1,35,,0.0,1,3,4,4,2,,5,,,,,,,,,,,,,,,,,,,,,,,,,,,,,,,,,,,,,,,,,,,,,,,,,,,,,,,,,,,,,,,,,,,,,,,,,,,,,,,,,,,,,,,,,,,,,,,,,,,,,-999,1,1,35,,0.0,7,8,9,6,5,7,1,11,6,1,1,6,7,1,1,1,,9,0,10,0,1,0,1,1,1,4,1,0,1,1,1,1,7,1,0,6,11,0,0,0,0,0,4,2,4,2,4,5,4,0,0,0,1,0,1,1,1,0,0,0,1,,1,2,-999,-999,-999,-999,-999,-999,1,1,35,,0.0,2,336219,4z1_336219,Sehr offene Fragen ,2025-11-25T16:50:07.045Z,-999,,-999,-999,3,2,2,3,3,1,4,12,7,9,5,8,2,13,14,3,1,10,6,11,1,2,2,1,1
36,yzcb5ma7,tuf,0,22,23,app_end,FirstEndPage,2025-11-25 15:33:13.461621,1,,,0.0,1,e5y22b4i,,,,,0,1.0,0.0,SS_WS2526,36,,0.0,3,2,3,2025-11-25T15:33:15.290Z,0,2,1,1,36,,0.0,,,,,,,,,,,3,4,4,4,0,-999,-999,1,1,36,,0.0,pr2,6b9,fle,8ke,cx9,x,x,x,x,x,x,x,x,x,x,x,x,x,x,x,x,x,x,x,x,x,x,x,x,x,x,x,x,x,x,x,x,x,x,x,x,x,x,x,x,x,x,x,x,x,1,0,0,0,1,1,0,0,0,1,0,0,0,0,0,0,0,0,0,1,0,0,0,0,1,0,0,0,0,0,0,0,0,0,0,0,0,0,0,0,0,0,0,0,0,0,0,0,0,0,0,0,0,0,0,0,0,0,0,0,0,0,0,0,0,0,0,0,0,0,0,0,0,0,0,0,0,0,0,0,0,0,0,0,0,0,0,0,0,0,0,0,0,0,0,0,0,0,0,0,0,0,0,0,0,0,0,0,0,0,0,0,0,0,0,0,0,0,0,0,0,0,0,0,0,0,0,0,0,0,0,0,0,0,0,0,0,0,0,0,0,0,0,0,0,0,0,0,0,0,0,0,0,0,0,0,0,0,0,0,0,0,0,0,0,0,0,0,0,0,0,0,0,0,0,0,0,0,0,0,0,0,0,0,0,0,0,0,0,0,0,0,0,0,0,0,0,0,0,0,0,0,0,0,0,0,0,0,0,0,0,0,0,0,0,0,0,0,0,0,0,0,0,0,0,0,0,0,0,0,0,0,0,0,0,0,0,0,0,0,0,0,0,0,0,0,0,0,0,0,1,1,2,3,4,,,,,,,,,,,,,,,,,,,,,,,,,,,,,,,,,,,,,,,,,,,,,,2,2,2,2,2,2,,,,,,,,,,,,,,,,,,,,,,,,,,,,,,,,,,,,,,,,,,,,,,-999,-999,-999,1,1,36,,0.0,,,,1,3.3,3,6,6,5,3,2,2,6,6,5,6,5,,,5,5,0,0,0,,,,,,,,,,,,,,,,,,,,,,,,,,,,,,,,,,,,,,,,,,,,,,-999,-999,-999,1,1,36,,0.0,2,3,2,2,3,2,6,6,6,6,6,6,,,,,,,,,,,,,,,,,,,,,,,,,,,,,,,,,,,,,,,,,,,,,,2,2,2,2,2,,,,,,,,,,,,,,,,,,,,,,,,,,,,,,,,,,,,,,,,,,,,,,-999,1,1,36,,0.0,3,8,8,5,3,0,1,11,10,3,3,9,9,3,1,9,1,7,8,9,9,1,0,8,2,0,8,1,0,3,1,1,1,6,1,0,9,10,0,0,0,0,0,4,4,2,2,4,4,3,0,0,0,1,1,1,1,1,1,0,0,0,,1,1,-999,-999,-999,-999,-999,-999,1,1,36,,0.0,2,996979,tuf_996979,,-999,-999,,-999,-999,2,3,2,1,3,1,12,9,2,1,4,8,5,14,10,13,6,11,7,3,1,2,2,1,1
37,eca1dszc,00v,0,23,23,app_end,End,2025-11-25 15:33:13.476185,1,,,0.0,1,e5y22b4i,,,,,0,1.0,0.0,SS_WS2526,37,,0.0,2,5,3,2025-11-25T15:33:14.375Z,0,3,1,1,37,,0.0,,,,,,,,,,,4,2,4,2,2,-999,-999,1,1,37,,0.0,obm,n3q,x,x,x,x,x,x,x,x,x,x,x,x,x,x,x,x,x,x,x,x,x,x,x,x,x,x,x,x,x,x,x,x,x,x,x,x,x,x,x,x,x,x,x,x,x,x,x,x,1,0,0,0,1,1,0,0,0,1,0,0,0,0,0,0,0,0,0,0,0,0,0,0,0,0,0,0,0,0,0,0,0,0,0,0,0,0,0,0,0,0,0,0,0,0,0,0,0,0,0,0,0,0,0,0,0,0,0,0,0,0,0,0,0,0,0,0,0,0,0,0,0,0,0,0,0,0,0,0,0,0,0,0,0,0,0,0,0,0,0,0,0,0,0,0,0,0,0,0,0,0,0,0,0,0,0,0,0,0,0,0,0,0,0,0,0,0,0,0,0,0,0,0,0,0,0,0,0,0,0,0,0,0,0,0,0,0,0,0,0,0,0,0,0,0,0,0,0,0,0,0,0,0,0,0,0,0,0,0,0,0,0,0,0,0,0,0,0,0,0,0,0,0,0,0,0,0,0,0,0,0,0,0,0,0,0,0,0,0,0,0,0,0,0,0,0,0,0,0,0,0,0,0,0,0,0,0,0,0,0,0,0,0,0,0,0,0,0,0,0,0,0,0,0,0,0,0,0,0,0,0,0,0,0,0,0,0,0,0,0,0,0,0,0,0,0,0,0,0,1,1,,,,,,,,,,,,,,,,,,,,,,,,,,,,,,,,,,,,,,,,,,,,,,,,,7,4,3,,,,,,,,,,,,,,,,,,,,,,,,,,,,,,,,,,,,,,,,,,,,,,,,,-999,-999,-999,1,1,37,,0.0,,,,,,10,4,6,3,7,6,7,7,5,2,1,4,,,,,,,,,,,,,,,,,,,,,,,,,,,,,,,,,,,,,,,,,,,,,,,,,,,,,-999,-999,-999,1,1,37,,0.0,5,7,7,6,7,6,4,5,5,,,,,,,,,,,,,,,,,,,,,,,,,,,,,,,,,,,,,,,,,,,,,,,,,2,2,,,,,,,,,,,,,,,,,,,,,,,,,,,,,,,,,,,,,,,,,,,,,,,,,-999,1,1,37,,0.0,0,6,6,5,6,7,1,2,1,6,6,4,5,7,2,6,2,9,0,5,0,2,0,0,4,0,6,2,0,4,1,1,1,3,8,1,1,4,0,0,0,0,0,3,2,4,2,4,1,5,0,1,0,1,0,1,0,1,0,0,1,0,,2,1,-999,-999,-999,-999,-999,-999,1,1,37,,0.0,1,369029,00v_369029,,2025-11-25T15:45:03.052Z,-999,,-999,,3,2,2,1,3,1,5,3,6,9,12,8,7,11,14,13,2,1,10,4,1,1,1,1,1
38,64crnw62,zme,0,23,23,app_end,End,2025-11-25 15:33:13.922531,1,,,0.0,1,e5y22b4i,,,,,0,1.0,0.0,SS_WS2526,38,,0.0,2,5,3,2025-11-25T15:33:15.449Z,0,3,1,1,38,,0.0,,,,,,,,,,,4,3,4,3,0,-999,-999,1,1,38,,0.0,oae,x,x,x,x,x,x,x,x,x,x,x,x,x,x,x,x,x,x,x,x,x,x,x,x,x,x,x,x,x,x,x,x,x,x,x,x,x,x,x,x,x,x,x,x,x,x,x,x,x,1,0,0,0,0,0,0,0,0,0,0,0,0,0,0,0,0,0,0,0,0,0,0,0,0,0,0,0,0,0,0,0,0,0,0,0,0,0,0,0,0,0,0,0,0,0,0,0,0,0,0,0,0,0,0,0,0,0,0,0,0,0,0,0,0,0,0,0,0,0,0,0,0,0,0,0,0,0,0,0,0,0,0,0,0,0,0,0,0,0,0,0,0,0,0,0,0,0,0,0,0,0,0,0,0,0,0,0,0,0,0,0,0,0,0,0,0,0,0,0,0,0,0,0,0,0,0,0,0,0,0,0,0,0,0,0,0,0,0,0,0,0,0,0,0,0,0,0,0,0,0,0,0,0,0,0,0,0,0,0,0,0,0,0,0,0,0,0,0,0,0,0,0,0,0,0,0,0,0,0,0,0,0,0,0,0,0,0,0,0,0,0,0,0,0,0,0,0,0,0,0,0,0,0,0,0,0,0,0,0,0,0,0,0,0,0,0,0,0,0,0,0,0,0,0,0,0,0,0,0,0,0,0,0,0,0,0,0,0,0,0,0,0,0,0,0,0,0,0,0,1,,,,,,,,,,,,,,,,,,,,,,,,,,,,,,,,,,,,,,,,,,,,,,,,,,6,5,,,,,,,,,,,,,,,,,,,,,,,,,,,,,,,,,,,,,,,,,,,,,,,,,,-999,-999,-999,1,1,38,,0.0,,,,1,4.0,0,5,6,4,4,3,3,7,3,3,4,5,,,6,,,,,,,,,,,,,,,,,,,,,,,,,,,,,,,,,,,,,,,,,,,,,,,,,,-999,-999,-999,1,1,38,,0.0,6,,6,5,7,6,5,7,,,,,,,,,,,,,,,,,,,,,,,,,,,,,,,,,,,,,,,,,,,,,,,,,,1,,,,,,,,,,,,,,,,,,,,,,,,,,,,,,,,,,,,,,,,,,,,,,,,,,-999,1,1,38,,0.0,2,5,5,5,5,5,1,10,10,6,6,6,6,6,1,1,1,6,6,6,6,6,6,6,6,6,6,6,6,6,6,6,6,6,6,6,6,6,6,6,6,6,6,2,3,1,3,1,4,1,0,0,0,1,1,1,0,1,1,0,0,0,,2,2,-999,-999,-999,-999,-999,-999,1,1,38,,0.0,1,113077,zme_113077,,2025-11-25T15:41:52.533Z,-999,,-999,,2,3,2,3,3,2,13,1,14,11,12,7,3,5,8,10,4,9,6,2,1,1,1,1,1
39,do6ovu5w,zit,0,23,23,app_end,End,2025-11-25 15:33:14.906432,1,,,0.0,1,e5y22b4i,,,,,0,1.0,0.0,SS_WS2526,39,,0.0,3,2,3,2025-11-25T15:33:15.796Z,0,2,1,1,39,,0.0,,,,,,,,,,,3,4,3,3,15,-999,-999,1,1,39,,0.0,fle,gd8,xfz,w9x,j0g,2g7,x,x,x,x,x,x,x,x,x,x,x,x,x,x,x,x,x,x,x,x,x,x,x,x,x,x,x,x,x,x,x,x,x,x,x,x,x,x,x,x,x,x,x,x,1,0,0,0,0,1,0,0,0,0,1,0,0,0,1,1,0,0,0,0,1,0,0,0,1,1,0,0,0,0,0,0,0,0,0,0,0,0,0,0,0,0,0,0,0,0,0,0,0,0,0,0,0,0,0,0,0,0,0,0,0,0,0,0,0,0,0,0,0,0,0,0,0,0,0,0,0,0,0,0,0,0,0,0,0,0,0,0,0,0,0,0,0,0,0,0,0,0,0,0,0,0,0,0,0,0,0,0,0,0,0,0,0,0,0,0,0,0,0,0,0,0,0,0,0,0,0,0,0,0,0,0,0,0,0,0,0,0,0,0,0,0,0,0,0,0,0,0,0,0,0,0,0,0,0,0,0,0,0,0,0,0,0,0,0,0,0,0,0,0,0,0,0,0,0,0,0,0,0,0,0,0,0,0,0,0,0,0,0,0,0,0,0,0,0,0,0,0,0,0,0,0,0,0,0,0,0,0,0,0,0,0,0,0,0,0,0,0,0,0,0,0,0,0,0,0,0,0,0,0,0,0,0,0,0,0,0,0,0,0,0,0,0,0,0,0,0,0,0,0,1,1,1,1,1,1,,,,,,,,,,,,,,,,,,,,,,,,,,,,,,,,,,,,,,,,,,,,,4,5,4,4,5,4,0,,,,,,,,,,,,,,,,,,,,,,,,,,,,,,,,,,,,,,,,,,,,,-999,-999,-999,1,1,39,,0.0,,,,1,2.0,25,5,4,6,4,0,4,5,3,4,5,5,,,4,4,4,4,4,4,,,,,,,,,,,,,,,,,,,,,,,,,,,,,,,,,,,,,,,,,,,,,-999,-999,-999,1,1,39,,0.0,3,3,3,2,2,3,6,6,6,6,6,6,6,,,,,,,,,,,,,,,,,,,,,,,,,,,,,,,,,,,,,,,,,,,,,2,2,2,2,2,2,,,,,,,,,,,,,,,,,,,,,,,,,,,,,,,,,,,,,,,,,,,,,-999,1,1,39,,0.0,7,8,9,5,4,7,2,11,0,3,2,7,8,5,1,8,0,6,6,9,0,1,0,4,3,0,0,4,0,4,1,2,4,6,5,0,9,7,0,0,0,0,0,4,2,4,3,4,4,4,0,0,0,1,0,1,1,1,1,0,0,0,,1,1,-999,-999,-999,-999,-999,-999,1,1,39,,0.0,2,158991,zit_158991,,2025-11-25T15:47:07.900Z,-999,,-999,-999,2,3,3,1,1,2,8,9,11,13,6,1,14,5,7,10,2,4,3,12,2,2,2,1,1
40,1kibmy66,qhg,0,23,23,app_end,End,2025-11-25 15:33:14.917128,1,,,0.0,1,e5y22b4i,,,,,0,1.0,0.0,SS_WS2526,40,,0.0,3,2,3,2025-11-25T15:33:15.950Z,0,2,1,1,40,,0.0,,,,,,,,,,,5,4,5,4,,-999,-999,1,1,40,,0.0,ump,r75,8st,x,x,x,x,x,x,x,x,x,x,x,x,x,x,x,x,x,x,x,x,x,x,x,x,x,x,x,x,x,x,x,x,x,x,x,x,x,x,x,x,x,x,x,x,x,x,x,1,0,0,0,0,0,0,0,0,1,1,0,0,0,0,0,0,0,0,0,0,0,0,0,0,0,0,0,0,0,0,0,0,0,0,0,0,0,0,0,0,0,0,0,0,0,0,0,0,0,0,0,0,0,0,0,0,0,0,0,0,0,0,0,0,0,0,0,0,0,0,0,0,0,0,0,0,0,0,0,0,0,0,0,0,0,0,0,0,0,0,0,0,0,0,0,0,0,0,0,0,0,0,0,0,0,0,0,0,0,0,0,0,0,0,0,0,0,0,0,0,0,0,0,0,0,0,0,0,0,0,0,0,0,0,0,0,0,0,0,0,0,0,0,0,0,0,0,0,0,0,0,0,0,0,0,0,0,0,0,0,0,0,0,0,0,0,0,0,0,0,0,0,0,0,0,0,0,0,0,0,0,0,0,0,0,0,0,0,0,0,0,0,0,0,0,0,0,0,0,0,0,0,0,0,0,0,0,0,0,0,0,0,0,0,0,0,0,0,0,0,0,0,0,0,0,0,0,0,0,0,0,0,0,0,0,0,0,0,0,0,0,0,0,0,0,0,0,0,0,1,2,3,,,,,,,,,,,,,,,,,,,,,,,,,,,,,,,,,,,,,,,,,,,,,,,,6,4,3,7,,,,,,,,,,,,,,,,,,,,,,,,,,,,,,,,,,,,,,,,,,,,,,,,-999,-999,-999,1,1,40,,0.0,,,,4,3.0,,6,3,7,7,5,7,7,7,7,6,7,,,3,6,8,,,,,,,,,,,,,,,,,,,,,,,,,,,,,,,,,,,,,,,,,,,,,,,,-999,-999,-999,1,1,40,,0.0,1,5,4,3,4,6,5,6,6,2,,,,,,,,,,,,,,,,,,,,,,,,,,,,,,,,,,,,,,,,,,,,,,,,2,2,6,,,,,,,,,,,,,,,,,,,,,,,,,,,,,,,,,,,,,,,,,,,,,,,,-999,1,1,40,,0.0,3,7,8,4,3,6,2,9,6,4,4,8,10,7,1,3,1,10,0,10,0,1,1,3,3,3,10,1,0,5,1,1,1,11,6,10,9,11,0,0,0,1,0,4,4,4,5,5,5,5,0,0,0,1,0,1,1,1,0,0,1,1,,1,1,-999,-999,-999,-999,-999,-999,1,1,40,,0.0,2,460667,qhg_460667,,2025-11-25T15:44:53.391Z,-999,,-999,-999,1,3,3,2,1,2,2,4,12,10,13,14,9,3,1,6,8,5,11,7,2,2,2,1,1
41,owr39nh7,q9a,0,23,23,app_end,End,2025-11-25 15:33:15.311419,1,,,0.0,1,e5y22b4i,,,,,0,1.0,0.0,SS_WS2526,41,,0.0,2,5,3,2025-11-25T15:33:15.979Z,0,3,1,1,41,,0.0,,,,,,,,,,,4,4,4,4,10,-999,-999,1,1,41,,0.0,8ql,jed,dky,x,x,x,x,x,x,x,x,x,x,x,x,x,x,x,x,x,x,x,x,x,x,x,x,x,x,x,x,x,x,x,x,x,x,x,x,x,x,x,x,x,x,x,x,x,x,x,1,0,0,0,0,1,0,1,0,0,1,0,0,0,0,0,0,0,0,0,0,0,0,0,0,0,0,0,0,0,0,0,0,0,0,0,0,0,0,0,0,0,0,0,0,0,0,0,0,0,0,0,0,0,0,0,0,0,0,0,0,0,0,0,0,0,0,0,0,0,0,0,0,0,0,0,0,0,0,0,0,0,0,0,0,0,0,0,0,0,0,0,0,0,0,0,0,0,0,0,0,0,0,0,0,0,0,0,0,0,0,0,0,0,0,0,0,0,0,0,0,0,0,0,0,0,0,0,0,0,0,0,0,0,0,0,0,0,0,0,0,0,0,0,0,0,0,0,0,0,0,0,0,0,0,0,0,0,0,0,0,0,0,0,0,0,0,0,0,0,0,0,0,0,0,0,0,0,0,0,0,0,0,0,0,0,0,0,0,0,0,0,0,0,0,0,0,0,0,0,0,0,0,0,0,0,0,0,0,0,0,0,0,0,0,0,0,0,0,0,0,0,0,0,0,0,0,0,0,0,0,0,0,0,0,0,0,0,0,0,0,0,0,0,0,0,0,0,0,0,1,1,1,,,,,,,,,,,,,,,,,,,,,,,,,,,,,,,,,,,,,,,,,,,,,,,,4,3,3,3,,,,,,,,,,,,,,,,,,,,,,,,,,,,,,,,,,,,,,,,,,,,,,,,-999,-999,-999,1,1,41,,0.0,,,,3,2.0,6,7,3,5,4,7,6,7,5,7,4,5,,,5,3,,,,,,,,,,,,,,,,,,,,,,,,,,,,,,,,,,,,,,,,,,,,,,,,,-999,-999,-999,1,1,41,,0.0,1,4,3,2,1,4,7,6,6,6,,,,,,,,,,,,,,,,,,,,,,,,,,,,,,,,,,,,,,,,,,,,,,,,2,2,2,,,,,,,,,,,,,,,,,,,,,,,,,,,,,,,,,,,,,,,,,,,,,,,,-999,1,1,41,,0.0,3,8,9,5,4,8,2,11,2,6,5,10,7,5,1,5,1,8,10,10,0,1,0,4,3,0,11,1,0,6,1,1,1,8,1,7,6,8,0,0,0,1,0,4,4,4,4,4,4,4,0,0,1,1,0,1,0,1,0,0,0,0,,2,1,-999,-999,-999,-999,-999,-999,1,1,41,,0.0,1,859961,q9a_859961,,2025-11-25T15:46:32.873Z,-999,,-999,,1,3,1,3,3,2,6,10,9,14,12,11,2,4,1,7,13,8,3,5,1,1,2,1,1
42,kza944nq,15f,0,23,23,app_end,End,2025-11-25 15:33:16.408559,1,,,0.0,1,e5y22b4i,,,,,0,1.0,0.0,SS_WS2526,42,,0.0,2,5,3,2025-11-25T15:33:17.576Z,0,3,1,1,42,,0.0,,,,,,,,,,,1,2,2,2,20,-999,-999,1,1,42,,0.0,28t,x,x,x,x,x,x,x,x,x,x,x,x,x,x,x,x,x,x,x,x,x,x,x,x,x,x,x,x,x,x,x,x,x,x,x,x,x,x,x,x,x,x,x,x,x,x,x,x,x,1,0,0,1,0,0,0,0,0,0,0,0,0,0,0,0,0,0,0,0,0,0,0,0,0,0,0,0,0,0,0,0,0,0,0,0,0,0,0,0,0,0,0,0,0,0,0,0,0,0,0,0,0,0,0,0,0,0,0,0,0,0,0,0,0,0,0,0,0,0,0,0,0,0,0,0,0,0,0,0,0,0,0,0,0,0,0,0,0,0,0,0,0,0,0,0,0,0,0,0,0,0,0,0,0,0,0,0,0,0,0,0,0,0,0,0,0,0,0,0,0,0,0,0,0,0,0,0,0,0,0,0,0,0,0,0,0,0,0,0,0,0,0,0,0,0,0,0,0,0,0,0,0,0,0,0,0,0,0,0,0,0,0,0,0,0,0,0,0,0,0,0,0,0,0,0,0,0,0,0,0,0,0,0,0,0,0,0,0,0,0,0,0,0,0,0,0,0,0,0,0,0,0,0,0,0,0,0,0,0,0,0,0,0,0,0,0,0,0,0,0,0,0,0,0,0,0,0,0,0,0,0,0,0,0,0,0,0,0,0,0,0,0,0,0,0,0,0,0,0,1,,,,,,,,,,,,,,,,,,,,,,,,,,,,,,,,,,,,,,,,,,,,,,,,,,2,4,,,,,,,,,,,,,,,,,,,,,,,,,,,,,,,,,,,,,,,,,,,,,,,,,,-999,-999,-999,1,1,42,,0.0,,,,0,2.7,15,6,5,6,7,6,3,6,6,6,6,6,,,1,,,,,,,,,,,,,,,,,,,,,,,,,,,,,,,,,,,,,,,,,,,,,,,,,,-999,-999,-999,1,1,42,,0.0,1,1,1,1,6,1,7,7,,,,,,,,,,,,,,,,,,,,,,,,,,,,,,,,,,,,,,,,,,,,,,,,,,1,,,,,,,,,,,,,,,,,,,,,,,,,,,,,,,,,,,,,,,,,,,,,,,,,,-999,1,1,42,,0.0,6,8,8,6,6,8,5,10,7,1,1,6,6,1,1,8,6,1,8,4,0,1,0,0,1,0,0,1,0,1,1,1,1,1,1,1,11,6,0,0,0,0,0,4,1,4,1,4,3,4,0,1,0,0,0,1,1,1,0,0,0,0,,1,2,-999,-999,-999,-999,-999,-999,1,1,42,,0.0,1,446949,15f_446949,,2025-11-25T15:46:33.542Z,-999,,-999,,1,2,2,1,2,1,6,8,12,10,3,14,13,9,7,5,4,1,11,2,1,2,1,1,1
43,glrxczgr,58c,0,22,23,app_end,FirstEndPage,2025-11-25 15:33:16.535974,1,,,0.0,1,e5y22b4i,,,,,0,1.0,0.0,SS_WS2526,43,,0.0,3,2,3,2025-11-25T15:33:17.748Z,0,2,1,1,43,,0.0,,,,,,,,,,,5,4,5,4,,-999,-999,1,1,43,,0.0,xfz,x27,x,x,x,x,x,x,x,x,x,x,x,x,x,x,x,x,x,x,x,x,x,x,x,x,x,x,x,x,x,x,x,x,x,x,x,x,x,x,x,x,x,x,x,x,x,x,x,x,1,0,1,1,1,1,0,0,1,0,0,0,0,0,0,0,0,0,0,0,0,0,0,0,0,0,0,0,0,0,0,0,0,0,0,0,0,0,0,0,0,0,0,0,0,0,0,0,0,0,0,0,0,0,0,0,0,0,0,0,0,0,0,0,0,0,0,0,0,0,0,0,0,0,0,0,0,0,0,0,0,0,0,0,0,0,0,0,0,0,0,0,0,0,0,0,0,0,0,0,0,0,0,0,0,0,0,0,0,0,0,0,0,0,0,0,0,0,0,0,0,0,0,0,0,0,0,0,0,0,0,0,0,0,0,0,0,0,0,0,0,0,0,0,0,0,0,0,0,0,0,0,0,0,0,0,0,0,0,0,0,0,0,0,0,0,0,0,0,0,0,0,0,0,0,0,0,0,0,0,0,0,0,0,0,0,0,0,0,0,0,0,0,0,0,0,0,0,0,0,0,0,0,0,0,0,0,0,0,0,0,0,0,0,0,0,0,0,0,0,0,0,0,0,0,0,0,0,0,0,0,0,0,0,0,0,0,0,0,0,0,0,0,0,0,0,0,0,0,0,1,1,,,,,,,,,,,,,,,,,,,,,,,,,,,,,,,,,,,,,,,,,,,,,,,,,4,4,0,,,,,,,,,,,,,,,,,,,,,,,,,,,,,,,,,,,,,,,,,,,,,,,,,-999,-999,-999,1,1,43,,0.0,,,,4,3.0,,3,3,3,3,4,5,5,5,5,5,6,,,7,7,,,,,,,,,,,,,,,,,,,,,,,,,,,,,,,,,,,,,,,,,,,,,,,,,-999,-999,-999,1,1,43,,0.0,3,3,3,3,3,4,6,6,0,,,,,,,,,,,,,,,,,,,,,,,,,,,,,,,,,,,,,,,,,,,,,,,,,6,0,,,,,,,,,,,,,,,,,,,,,,,,,,,,,,,,,,,,,,,,,,,,,,,,,-999,1,1,43,,0.0,3,8,9,5,4,6,3,11,9,5,4,10,8,6,1,7,2,10,8,9,6,2,5,4,11,6,8,1,7,5,1,2,2,7,4,6,6,9,6,7,6,7,5,4,4,5,3,4,4,4,0,0,1,1,1,1,1,1,0,0,1,1,,1,1,-999,-999,-999,-999,-999,-999,1,1,43,,0.0,0,569019,58c_569019,,-999,-999,,-999,-999,2,1,1,2,2,3,7,8,9,13,1,4,5,3,10,14,11,12,6,2,2,2,2,1,1
44,8jzzqxtq,li1,0,22,23,app_end,FirstEndPage,2025-11-25 15:33:16.812195,1,,,0.0,1,e5y22b4i,,,,,0,1.0,0.0,SS_WS2526,44,,0.0,2,5,3,2025-11-25T15:33:17.847Z,1,3,1,1,44,,0.0,,,,,,,,,,,3,4,3,0,0,-999,-999,1,1,44,,0.0,cuz,2fc,x,x,x,x,x,x,x,x,x,x,x,x,x,x,x,x,x,x,x,x,x,x,x,x,x,x,x,x,x,x,x,x,x,x,x,x,x,x,x,x,x,x,x,x,x,x,x,x,1,0,0,1,1,1,0,0,1,1,0,0,0,0,0,0,0,0,0,0,0,0,0,0,0,0,0,0,0,0,0,0,0,0,0,0,0,0,0,0,0,0,0,0,0,0,0,0,0,0,0,0,0,0,0,0,0,0,0,0,0,0,0,0,0,0,0,0,0,0,0,0,0,0,0,0,0,0,0,0,0,0,0,0,0,0,0,0,0,0,0,0,0,0,0,0,0,0,0,0,0,0,0,0,0,0,0,0,0,0,0,0,0,0,0,0,0,0,0,0,0,0,0,0,0,0,0,0,0,0,0,0,0,0,0,0,0,0,0,0,0,0,0,0,0,0,0,0,0,0,0,0,0,0,0,0,0,0,0,0,0,0,0,0,0,0,0,0,0,0,0,0,0,0,0,0,0,0,0,0,0,0,0,0,0,0,0,0,0,0,0,0,0,0,0,0,0,0,0,0,0,0,0,0,0,0,0,0,0,0,0,0,0,0,0,0,0,0,0,0,0,0,0,0,0,0,0,0,0,0,0,0,0,0,0,0,0,0,0,0,0,0,0,0,0,0,0,0,0,0,1,1,,,,,,,,,,,,,,,,,,,,,,,,,,,,,,,,,,,,,,,,,,,,,,,,,4,5,0,,,,,,,,,,,,,,,,,,,,,,,,,,,,,,,,,,,,,,,,,,,,,,,,,-999,-999,-999,1,1,44,,0.0,,,,4,2.3,8,3,5,6,5,6,6,6,7,2,7,5,,,4,2,,,,,,,,,,,,,,,,,,,,,,,,,,,,,,,,,,,,,,,,,,,,,,,,,-999,-999,-999,1,1,44,,0.0,1,0,0,0,1,4,6,0,0,,,,,,,,,,,,,,,,,,,,,,,,,,,,,,,,,,,,,,,,,,,,,,,,,0,0,,,,,,,,,,,,,,,,,,,,,,,,,,,,,,,,,,,,,,,,,,,,,,,,,-999,1,1,44,,0.0,6,0,0,0,3,0,2,9,0,0,0,0,8,0,1,8,0,0,0,0,0,0,0,0,0,0,0,0,0,6,1,1,1,5,0,4,8,0,0,0,0,0,0,0,0,2,2,4,4,4,0,0,1,1,0,1,0,1,0,0,1,0,,1,1,-999,-999,-999,-999,-999,-999,1,1,44,,0.0,2,315352,li1_315352,,-999,-999,,-999,-999,1,2,1,3,1,3,5,6,3,1,4,7,12,11,14,8,2,13,9,10,2,1,2,1,1
45,aiq20amr,rcd,0,23,23,app_end,End,2025-11-25 15:33:16.798914,1,,,0.0,1,e5y22b4i,,,,,0,1.0,0.0,SS_WS2526,45,,0.0,2,5,3,2025-11-25T15:33:17.948Z,0,3,1,1,45,,0.0,,,,,,,,,,,2,2,3,2,10,-999,-999,1,1,45,,0.0,hcw,8dw,6hy,ier,x,x,x,x,x,x,x,x,x,x,x,x,x,x,x,x,x,x,x,x,x,x,x,x,x,x,x,x,x,x,x,x,x,x,x,x,x,x,x,x,x,x,x,x,x,x,0,0,0,0,1,0,0,0,0,1,0,0,0,0,1,0,0,0,0,1,0,0,0,0,0,0,0,0,0,0,0,0,0,0,0,0,0,0,0,0,0,0,0,0,0,0,0,0,0,0,0,0,0,0,0,0,0,0,0,0,0,0,0,0,0,0,0,0,0,0,0,0,0,0,0,0,0,0,0,0,0,0,0,0,0,0,0,0,0,0,0,0,0,0,0,0,0,0,0,0,0,0,0,0,0,0,0,0,0,0,0,0,0,0,0,0,0,0,0,0,0,0,0,0,0,0,0,0,0,0,0,0,0,0,0,0,0,0,0,0,0,0,0,0,0,0,0,0,0,0,0,0,0,0,0,0,0,0,0,0,0,0,0,0,0,0,0,0,0,0,0,0,0,0,0,0,0,0,0,0,0,0,0,0,0,0,0,0,0,0,0,0,0,0,0,0,0,0,0,0,0,0,0,0,0,0,0,0,0,0,0,0,0,0,0,0,0,0,0,0,0,0,0,0,0,0,0,0,0,0,0,0,0,0,0,0,0,0,0,0,0,0,0,0,0,0,0,0,0,0,1,2,3,4,,,,,,,,,,,,,,,,,,,,,,,,,,,,,,,,,,,,,,,,,,,,,,,6,4,4,4,4,,,,,,,,,,,,,,,,,,,,,,,,,,,,,,,,,,,,,,,,,,,,,,,-999,-999,-999,1,1,45,,0.0,,,,4,2.0,7,3,5,5,6,7,7,7,7,4,3,3,,,4,4,4,4,,,,,,,,,,,,,,,,,,,,,,,,,,,,,,,,,,,,,,,,,,,,,,,-999,-999,-999,1,1,45,,0.0,5,7,7,6,5,6,4,5,5,5,5,,,,,,,,,,,,,,,,,,,,,,,,,,,,,,,,,,,,,,,,,,,,,,,3,3,3,3,,,,,,,,,,,,,,,,,,,,,,,,,,,,,,,,,,,,,,,,,,,,,,,-999,1,1,45,,0.0,1,6,7,4,3,8,1,10,4,8,8,5,4,7,1,1,0,0,0,5,0,3,0,0,9,0,0,5,0,4,4,4,4,4,4,0,3,4,0,0,0,0,0,4,2,2,2,2,3,3,0,1,0,1,0,1,0,1,0,0,0,0,,1,1,-999,-999,-999,-999,-999,-999,1,1,45,,0.0,2,814124,rcd_814124,,2025-11-25T15:45:02.444Z,-999,,-999,-999,3,1,1,3,2,1,13,10,6,8,9,11,2,7,1,5,14,12,4,3,2,1,1,1,1
46,9ddna83i,un5,0,23,23,app_end,End,2025-11-25 15:33:17.082243,1,,,0.0,0,e5y22b4i,,,,,0,1.0,0.0,SS_WS2526,46,,0.0,2,5,3,2025-11-25T15:33:18.399Z,0,3,1,1,46,,0.0,2005,2,76,2024,1,2,2,1,1,0,2,3,3,4,0,-999,-999,1,1,46,,0.0,afp,843,x,x,x,x,x,x,x,x,x,x,x,x,x,x,x,x,x,x,x,x,x,x,x,x,x,x,x,x,x,x,x,x,x,x,x,x,x,x,x,x,x,x,x,x,x,x,x,x,1,0,0,0,0,1,0,0,0,0,0,0,0,0,0,0,0,0,0,0,0,0,0,0,0,0,0,0,0,0,0,0,0,0,0,0,0,0,0,0,0,0,0,0,0,0,0,0,0,0,0,0,0,0,0,0,0,0,0,0,0,0,0,0,0,0,0,0,0,0,0,0,0,0,0,0,0,0,0,0,0,0,0,0,0,0,0,0,0,0,0,0,0,0,0,0,0,0,0,0,0,0,0,0,0,0,0,0,0,0,0,0,0,0,0,0,0,0,0,0,0,0,0,0,0,0,0,0,0,0,0,0,0,0,0,0,0,0,0,0,0,0,0,0,0,0,0,0,0,0,0,0,0,0,0,0,0,0,0,0,0,0,0,0,0,0,0,0,0,0,0,0,0,0,0,0,0,0,0,0,0,0,0,0,0,0,0,0,0,0,0,0,0,0,0,0,0,0,0,0,0,0,0,0,0,0,0,0,0,0,0,0,0,0,0,0,0,0,0,0,0,0,0,0,0,0,0,0,0,0,0,0,0,0,0,0,0,0,0,0,0,0,0,0,0,0,0,0,0,0,1,1,,,,,,,,,,,,,,,,,,,,,,,,,,,,,,,,,,,,,,,,,,,,,,,,,7,3,6,,,,,,,,,,,,,,,,,,,,,,,,,,,,,,,,,,,,,,,,,,,,,,,,,-999,-999,-999,1,1,46,,0.0,1,2,1,3,3.7,5,5,4,7,2,3,3,5,7,5,7,5,2,1,5,8,,,,,,,,,,,,,,,,,,,,,,,,,,,,,,,,,,,,,,,,,,,,,,,,,-999,-999,-999,1,1,46,,0.0,2,6,3,3,3,5,6,6,5,,,,,,,,,,,,,,,,,,,,,,,,,,,,,,,,,,,,,,,,,,,,,,,,,3,5,,,,,,,,,,,,,,,,,,,,,,,,,,,,,,,,,,,,,,,,,,,,,,,,,-999,1,1,46,,0.0,3,6,7,5,4,7,1,11,4,8,6,8,4,5,1,3,2,10,7,6,0,2,3,5,6,0,9,1,0,7,2,7,4,8,2,0,3,5,0,0,5,0,0,4,2,3,4,4,3,4,0,0,0,0,0,1,1,1,0,0,1,0,,1,2,-999,-999,-999,-999,-999,-999,1,1,46,,0.0,0,737762,un5_737762,,2025-11-25T16:12:15.566Z,-999,,-999,-999,3,1,1,3,1,3,1,8,11,4,9,12,6,5,13,7,2,14,10,3,1,1,1,1,1
47,086uhbhc,8lm,0,23,23,app_end,End,2025-11-25 15:33:17.213994,1,,,0.0,1,e5y22b4i,,,,,0,1.0,0.0,SS_WS2526,47,,0.0,3,2,3,2025-11-25T15:33:19.058Z,0,2,1,1,47,,0.0,,,,,,,,,,,1,2,1,2,0,-999,-999,1,1,47,,0.0,3dg,9jr,uqn,qlq,x,x,x,x,x,x,x,x,x,x,x,x,x,x,x,x,x,x,x,x,x,x,x,x,x,x,x,x,x,x,x,x,x,x,x,x,x,x,x,x,x,x,x,x,x,x,1,0,0,0,1,1,0,0,1,1,1,0,0,0,1,1,0,0,0,1,0,0,0,0,0,0,0,0,0,0,0,0,0,0,0,0,0,0,0,0,0,0,0,0,0,0,0,0,0,0,0,0,0,0,0,0,0,0,0,0,0,0,0,0,0,0,0,0,0,0,0,0,0,0,0,0,0,0,0,0,0,0,0,0,0,0,0,0,0,0,0,0,0,0,0,0,0,0,0,0,0,0,0,0,0,0,0,0,0,0,0,0,0,0,0,0,0,0,0,0,0,0,0,0,0,0,0,0,0,0,0,0,0,0,0,0,0,0,0,0,0,0,0,0,0,0,0,0,0,0,0,0,0,0,0,0,0,0,0,0,0,0,0,0,0,0,0,0,0,0,0,0,0,0,0,0,0,0,0,0,0,0,0,0,0,0,0,0,0,0,0,0,0,0,0,0,0,0,0,0,0,0,0,0,0,0,0,0,0,0,0,0,0,0,0,0,0,0,0,0,0,0,0,0,0,0,0,0,0,0,0,0,0,0,0,0,0,0,0,0,0,0,0,0,0,0,0,0,0,0,1,2,1,3,,,,,,,,,,,,,,,,,,,,,,,,,,,,,,,,,,,,,,,,,,,,,,,5,5,5,5,5,,,,,,,,,,,,,,,,,,,,,,,,,,,,,,,,,,,,,,,,,,,,,,,-999,-999,-999,1,1,47,,0.0,,,,1,1.3,10,4,4,1,1,1,7,7,7,7,5,4,,,3,1,2,1,,,,,,,,,,,,,,,,,,,,,,,,,,,,,,,,,,,,,,,,,,,,,,,-999,-999,-999,1,1,47,,0.0,1,7,6,6,5,4,4,5,5,6,7,,,,,,,,,,,,,,,,,,,,,,,,,,,,,,,,,,,,,,,,,,,,,,,2,2,3,2,,,,,,,,,,,,,,,,,,,,,,,,,,,,,,,,,,,,,,,,,,,,,,,-999,1,1,47,,0.0,9,7,8,6,4,6,1,11,9,8,7,9,2,9,1,5,7,0,0,4,0,1,0,0,7,0,6,0,0,2,7,1,0,6,8,0,2,4,0,0,0,0,0,4,2,4,3,5,5,5,0,0,0,1,0,1,1,1,1,0,1,0,,2,1,-999,-999,-999,-999,-999,-999,1,1,47,,0.0,1,687786,8lm_687786,,2025-11-25T15:44:33.466Z,-999,,-999,,2,3,3,2,3,2,10,7,12,14,13,2,4,8,6,3,9,5,1,11,1,1,2,1,1
48,nxouu5hb,87a,0,23,23,app_end,End,2025-11-25 15:33:17.430233,1,,,0.0,1,e5y22b4i,,,,,0,1.0,0.0,SS_WS2526,48,,0.0,2,5,3,2025-11-25T15:33:34.586Z,0,3,1,1,48,,0.0,,,,,,,,,,,4,3,4,3,0,-999,-999,1,1,48,,0.0,ier,3ue,x,x,x,x,x,x,x,x,x,x,x,x,x,x,x,x,x,x,x,x,x,x,x,x,x,x,x,x,x,x,x,x,x,x,x,x,x,x,x,x,x,x,x,x,x,x,x,x,1,0,0,0,0,1,0,0,0,0,0,0,0,0,0,0,0,0,0,0,0,0,0,0,0,0,0,0,0,0,0,0,0,0,0,0,0,0,0,0,0,0,0,0,0,0,0,0,0,0,0,0,0,0,0,0,0,0,0,0,0,0,0,0,0,0,0,0,0,0,0,0,0,0,0,0,0,0,0,0,0,0,0,0,0,0,0,0,0,0,0,0,0,0,0,0,0,0,0,0,0,0,0,0,0,0,0,0,0,0,0,0,0,0,0,0,0,0,0,0,0,0,0,0,0,0,0,0,0,0,0,0,0,0,0,0,0,0,0,0,0,0,0,0,0,0,0,0,0,0,0,0,0,0,0,0,0,0,0,0,0,0,0,0,0,0,0,0,0,0,0,0,0,0,0,0,0,0,0,0,0,0,0,0,0,0,0,0,0,0,0,0,0,0,0,0,0,0,0,0,0,0,0,0,0,0,0,0,0,0,0,0,0,0,0,0,0,0,0,0,0,0,0,0,0,0,0,0,0,0,0,0,0,0,0,0,0,0,0,0,0,0,0,0,0,0,0,0,0,0,1,2,,,,,,,,,,,,,,,,,,,,,,,,,,,,,,,,,,,,,,,,,,,,,,,,,4,3,3,,,,,,,,,,,,,,,,,,,,,,,,,,,,,,,,,,,,,,,,,,,,,,,,,-999,-999,-999,1,1,48,,0.0,,,,2,2.7,,5,4,6,6,6,4,7,7,6,6,6,,,1,1,,,,,,,,,,,,,,,,,,,,,,,,,,,,,,,,,,,,,,,,,,,,,,,,,-999,-999,-999,1,1,48,,0.0,1,4,2,1,2,4,6,5,5,,,,,,,,,,,,,,,,,,,,,,,,,,,,,,,,,,,,,,,,,,,,,,,,,1,1,,,,,,,,,,,,,,,,,,,,,,,,,,,,,,,,,,,,,,,,,,,,,,,,,-999,1,1,48,,0.0,0,8,8,5,6,7,2,11,0,1,1,5,5,1,1,11,1,1,1,1,1,1,1,1,1,1,1,1,1,1,1,1,1,1,1,1,1,1,1,1,1,1,1,5,1,5,1,5,5,5,1,1,1,1,0,1,1,1,1,1,0,0,,1,1,-999,-999,-999,-999,-999,-999,1,1,48,,0.0,2,834027,87a_834027,,2025-11-25T15:40:43.337Z,-999,,-999,-999,3,2,3,1,1,3,6,7,11,2,14,8,4,12,10,13,3,5,1,9,1,1,2,1,1
49,8ysqpvqn,8bz,0,23,23,app_end,End,2025-11-25 15:33:17.662674,1,,,0.0,1,e5y22b4i,,,,,0,1.0,0.0,SS_WS2526,49,,0.0,2,5,3,2025-11-25T15:33:18.913Z,1,3,1,1,49,,0.0,,,,,,,,,,,4,2,4,3,3,-999,-999,1,1,49,,0.0,qoh,mjb,g8f,15f,1ds,x,x,x,x,x,x,x,x,x,x,x,x,x,x,x,x,x,x,x,x,x,x,x,x,x,x,x,x,x,x,x,x,x,x,x,x,x,x,x,x,x,x,x,x,x,1,0,0,0,0,1,0,0,0,0,1,0,0,0,0,1,0,0,0,0,1,0,0,0,0,0,0,0,0,0,0,0,0,0,0,0,0,0,0,0,0,0,0,0,0,0,0,0,0,0,0,0,0,0,0,0,0,0,0,0,0,0,0,0,0,0,0,0,0,0,0,0,0,0,0,0,0,0,0,0,0,0,0,0,0,0,0,0,0,0,0,0,0,0,0,0,0,0,0,0,0,0,0,0,0,0,0,0,0,0,0,0,0,0,0,0,0,0,0,0,0,0,0,0,0,0,0,0,0,0,0,0,0,0,0,0,0,0,0,0,0,0,0,0,0,0,0,0,0,0,0,0,0,0,0,0,0,0,0,0,0,0,0,0,0,0,0,0,0,0,0,0,0,0,0,0,0,0,0,0,0,0,0,0,0,0,0,0,0,0,0,0,0,0,0,0,0,0,0,0,0,0,0,0,0,0,0,0,0,0,0,0,0,0,0,0,0,0,0,0,0,0,0,0,0,0,0,0,0,0,0,0,0,0,0,0,0,0,0,0,0,0,0,0,0,0,0,0,0,0,1,1,1,1,1,,,,,,,,,,,,,,,,,,,,,,,,,,,,,,,,,,,,,,,,,,,,,,6,6,6,11,6,6,,,,,,,,,,,,,,,,,,,,,,,,,,,,,,,,,,,,,,,,,,,,,,-999,-999,-999,1,1,49,,0.0,,,,4,2.7,4,4,5,5,5,5,6,6,6,7,4,3,,,4,4,11,4,4,,,,,,,,,,,,,,,,,,,,,,,,,,,,,,,,,,,,,,,,,,,,,,-999,-999,-999,1,1,49,,0.0,1,5,4,4,3,6,6,4,4,1,4,4,,,,,,,,,,,,,,,,,,,,,,,,,,,,,,,,,,,,,,,,,,,,,,4,4,6,4,4,,,,,,,,,,,,,,,,,,,,,,,,,,,,,,,,,,,,,,,,,,,,,,-999,1,1,49,,0.0,1,6,6,5,2,6,1,11,2,11,11,7,1,5,1,1,1,0,0,1,0,1,0,0,11,0,0,0,0,11,1,1,1,6,8,8,1,0,0,0,0,0,0,3,3,3,3,3,3,3,0,0,0,1,0,0,0,0,0,0,0,0,,2,2,-999,-999,-999,-999,-999,-999,1,1,49,,0.0,0,834312,8bz_834312,Good,2025-11-25T15:46:16.969Z,-999,,-999,-999,2,1,3,1,3,1,5,3,14,9,7,4,2,8,6,10,11,13,1,12,2,2,1,1,1
50,6oms7jfw,iqk,0,23,23,app_end,End,2025-11-25 15:33:17.712442,1,,,0.0,1,e5y22b4i,,,,,0,1.0,0.0,SS_WS2526,50,,0.0,1,4,3,2025-11-25T15:33:18.757Z,0,2,1,1,50,,0.0,,,,,,,,,,,4,3,3,3,0,-999,-999,1,1,50,,0.0,8fi,qlq,ol7,cp4,hxt,x,x,x,x,x,x,x,x,x,x,x,x,x,x,x,x,x,x,x,x,x,x,x,x,x,x,x,x,x,x,x,x,x,x,x,x,x,x,x,x,x,x,x,x,x,1,0,0,0,1,1,0,0,0,1,1,0,0,0,1,1,0,0,0,1,1,0,0,0,1,0,0,0,0,0,0,0,0,0,0,0,0,0,0,0,0,0,0,0,0,0,0,0,0,0,0,0,0,0,0,0,0,0,0,0,0,0,0,0,0,0,0,0,0,0,0,0,0,0,0,0,0,0,0,0,0,0,0,0,0,0,0,0,0,0,0,0,0,0,0,0,0,0,0,0,0,0,0,0,0,0,0,0,0,0,0,0,0,0,0,0,0,0,0,0,0,0,0,0,0,0,0,0,0,0,0,0,0,0,0,0,0,0,0,0,0,0,0,0,0,0,0,0,0,0,0,0,0,0,0,0,0,0,0,0,0,0,0,0,0,0,0,0,0,0,0,0,0,0,0,0,0,0,0,0,0,0,0,0,0,0,0,0,0,0,0,0,0,0,0,0,0,0,0,0,0,0,0,0,0,0,0,0,0,0,0,0,0,0,0,0,0,0,0,0,0,0,0,0,0,0,0,0,0,0,0,0,0,0,0,0,0,0,0,0,0,0,0,0,0,0,0,0,0,0,1,1,1,1,1,,,,,,,,,,,,,,,,,,,,,,,,,,,,,,,,,,,,,,,,,,,,,,4,4,4,4,4,4,,,,,,,,,,,,,,,,,,,,,,,,,,,,,,,,,,,,,,,,,,,,,,-999,-999,-999,1,1,50,,0.0,,,,2,3.0,7,3,3,6,5,6,2,7,3,7,7,6,,,3,3,3,3,3,,,,,,,,,,,,,,,,,,,,,,,,,,,,,,,,,,,,,,,,,,,,,,-999,-999,-999,1,1,50,,0.0,1,4,2,1,3,3,7,7,7,7,7,7,,,,,,,,,,,,,,,,,,,,,,,,,,,,,,,,,,,,,,,,,,,,,,1,1,1,1,1,,,,,,,,,,,,,,,,,,,,,,,,,,,,,,,,,,,,,,,,,,,,,,-999,1,1,50,,0.0,7,8,8,5,4,6,1,9,7,3,3,10,10,4,1,9,1,10,9,10,6,1,6,3,4,6,10,1,7,5,1,1,3,9,3,6,10,8,6,6,6,6,6,5,4,4,4,4,4,4,0,0,0,1,0,1,0,1,0,0,0,0,,2,1,-999,-999,-999,-999,-999,-999,1,1,50,,0.0,1,657417,iqk_657417,,2025-11-25T15:47:20.412Z,-999,,-999,,3,2,3,2,3,2,6,7,5,14,2,8,3,12,9,10,11,13,1,4,2,1,2,1,1
51,jsgt70i9,ak1,0,23,23,app_end,End,2025-11-25 15:33:17.746779,1,,,0.0,1,e5y22b4i,,,,,0,1.0,0.0,SS_WS2526,51,,0.0,2,5,3,2025-11-25T15:33:18.930Z,0,3,1,1,51,,0.0,,,,,,,,,,,3,4,2,3,,-999,-999,1,1,51,,0.0,15f,28t,x,x,x,x,x,x,x,x,x,x,x,x,x,x,x,x,x,x,x,x,x,x,x,x,x,x,x,x,x,x,x,x,x,x,x,x,x,x,x,x,x,x,x,x,x,x,x,x,0,0,0,0,0,1,0,0,0,0,0,0,0,0,0,0,0,0,0,0,0,0,0,0,0,0,0,0,0,0,0,0,0,0,0,0,0,0,0,0,0,0,0,0,0,0,0,0,0,0,0,0,0,0,0,0,0,0,0,0,0,0,0,0,0,0,0,0,0,0,0,0,0,0,0,0,0,0,0,0,0,0,0,0,0,0,0,0,0,0,0,0,0,0,0,0,0,0,0,0,0,0,0,0,0,0,0,0,0,0,0,0,0,0,0,0,0,0,0,0,0,0,0,0,0,0,0,0,0,0,0,0,0,0,0,0,0,0,0,0,0,0,0,0,0,0,0,0,0,0,0,0,0,0,0,0,0,0,0,0,0,0,0,0,0,0,0,0,0,0,0,0,0,0,0,0,0,0,0,0,0,0,0,0,0,0,0,0,0,0,0,0,0,0,0,0,0,0,0,0,0,0,0,0,0,0,0,0,0,0,0,0,0,0,0,0,0,0,0,0,0,0,0,0,0,0,0,0,0,0,0,0,0,0,0,0,0,0,0,0,0,0,0,0,0,0,0,0,0,0,,,,,,,,,,,,,,,,,,,,,,,,,,,,,,,,,,,,,,,,,,,,,,,,,,,1,1,1,,,,,,,,,,,,,,,,,,,,,,,,,,,,,,,,,,,,,,,,,,,,,,,,,-999,-999,-999,1,1,51,,0.0,,,,,,1,6,4,4,3,4,4,6,1,4,6,5,,,,,,,,,,,,,,,,,,,,,,,,,,,,,,,,,,,,,,,,,,,,,,,,,,,,,-999,-999,-999,1,1,51,,0.0,1,1,1,1,2,1,7,7,7,,,,,,,,,,,,,,,,,,,,,,,,,,,,,,,,,,,,,,,,,,,,,,,,,1,1,,,,,,,,,,,,,,,,,,,,,,,,,,,,,,,,,,,,,,,,,,,,,,,,,-999,1,1,51,,0.0,7,7,8,4,2,10,1,11,7,2,1,9,11,2,1,11,2,0,0,0,0,0,0,0,0,0,0,0,0,0,0,0,0,0,0,0,0,0,0,0,0,0,0,4,3,4,3,5,5,5,0,0,0,1,0,0,0,1,0,0,0,0,,1,1,-999,-999,-999,-999,-999,-999,1,1,51,,0.0,2,407716,ak1_407716,,2025-11-25T15:41:30.649Z,-999,,-999,-999,1,2,1,2,2,3,13,4,1,9,11,2,3,5,8,10,7,14,12,6,1,2,2,1,1
52,5p1alhop,hxt,0,23,23,app_end,End,2025-11-25 15:33:18.508152,1,,,0.0,1,e5y22b4i,,,,,0,1.0,0.0,SS_WS2526,52,,0.0,3,2,3,2025-11-25T15:33:19.182Z,0,2,1,1,52,,0.0,,,,,,,,,,,4,3,4,3,0,-999,-999,1,1,52,,0.0,qlq,msn,8fi,iqk,ol7,cp4,3dg,x,x,x,x,x,x,x,x,x,x,x,x,x,x,x,x,x,x,x,x,x,x,x,x,x,x,x,x,x,x,x,x,x,x,x,x,x,x,x,x,x,x,x,1,0,1,0,1,1,0,1,0,1,1,0,1,0,1,1,0,1,0,1,1,0,1,0,1,1,0,1,0,1,1,0,1,0,1,0,0,0,0,0,0,0,0,0,0,0,0,0,0,0,0,0,0,0,0,0,0,0,0,0,0,0,0,0,0,0,0,0,0,0,0,0,0,0,0,0,0,0,0,0,0,0,0,0,0,0,0,0,0,0,0,0,0,0,0,0,0,0,0,0,0,0,0,0,0,0,0,0,0,0,0,0,0,0,0,0,0,0,0,0,0,0,0,0,0,0,0,0,0,0,0,0,0,0,0,0,0,0,0,0,0,0,0,0,0,0,0,0,0,0,0,0,0,0,0,0,0,0,0,0,0,0,0,0,0,0,0,0,0,0,0,0,0,0,0,0,0,0,0,0,0,0,0,0,0,0,0,0,0,0,0,0,0,0,0,0,0,0,0,0,0,0,0,0,0,0,0,0,0,0,0,0,0,0,0,0,0,0,0,0,0,0,0,0,0,0,0,0,0,0,0,0,0,0,0,0,0,0,0,0,0,0,0,0,0,0,0,0,0,0,1,1,1,1,1,1,2,,,,,,,,,,,,,,,,,,,,,,,,,,,,,,,,,,,,,,,,,,,,4,3,4,4,4,2,4,4,,,,,,,,,,,,,,,,,,,,,,,,,,,,,,,,,,,,,,,,,,,,-999,-999,-999,1,1,52,,0.0,,,,2,2.3,6,3,2,5,4,4,2,6,6,6,4,6,,,5,5,5,5,5,5,5,,,,,,,,,,,,,,,,,,,,,,,,,,,,,,,,,,,,,,,,,,,,-999,-999,-999,1,1,52,,0.0,2,0,3,2,4,3,6,6,6,6,6,6,6,6,,,,,,,,,,,,,,,,,,,,,,,,,,,,,,,,,,,,,,,,,,,,2,2,2,2,2,2,2,,,,,,,,,,,,,,,,,,,,,,,,,,,,,,,,,,,,,,,,,,,,-999,1,1,52,,0.0,7,9,9,5,4,7,2,11,9,1,1,9,10,5,1,10,1,9,7,9,6,1,6,3,2,2,4,1,6,1,1,1,1,6,1,6,8,9,6,6,6,6,6,4,2,4,3,4,4,4,0,0,0,1,0,0,0,0,0,0,0,0,,1,1,-999,-999,-999,-999,-999,-999,1,1,52,,0.0,1,509585,hxt_509585,,2025-11-25T15:51:10.009Z,-999,,-999,,1,2,2,3,1,3,13,9,7,11,3,6,10,8,12,14,5,1,2,4,2,2,1,1,1
53,zi81xtzz,it8,0,23,23,app_end,End,2025-11-25 15:33:18.695235,1,,,0.0,1,e5y22b4i,,,,,0,1.0,0.0,SS_WS2526,53,,0.0,2,5,3,2025-11-25T15:33:19.803Z,0,3,1,1,53,,0.0,,,,,,,,,,,4,4,4,4,,-999,-999,1,1,53,,0.0,x,x,x,x,x,x,x,x,x,x,x,x,x,x,x,x,x,x,x,x,x,x,x,x,x,x,x,x,x,x,x,x,x,x,x,x,x,x,x,x,x,x,x,x,x,x,x,x,x,x,0,0,0,0,0,0,0,0,0,0,0,0,0,0,0,0,0,0,0,0,0,0,0,0,0,0,0,0,0,0,0,0,0,0,0,0,0,0,0,0,0,0,0,0,0,0,0,0,0,0,0,0,0,0,0,0,0,0,0,0,0,0,0,0,0,0,0,0,0,0,0,0,0,0,0,0,0,0,0,0,0,0,0,0,0,0,0,0,0,0,0,0,0,0,0,0,0,0,0,0,0,0,0,0,0,0,0,0,0,0,0,0,0,0,0,0,0,0,0,0,0,0,0,0,0,0,0,0,0,0,0,0,0,0,0,0,0,0,0,0,0,0,0,0,0,0,0,0,0,0,0,0,0,0,0,0,0,0,0,0,0,0,0,0,0,0,0,0,0,0,0,0,0,0,0,0,0,0,0,0,0,0,0,0,0,0,0,0,0,0,0,0,0,0,0,0,0,0,0,0,0,0,0,0,0,0,0,0,0,0,0,0,0,0,0,0,0,0,0,0,0,0,0,0,0,0,0,0,0,0,0,0,0,0,0,0,0,0,0,0,0,0,0,0,0,0,0,0,0,0,,,,,,,,,,,,,,,,,,,,,,,,,,,,,,,,,,,,,,,,,,,,,,,,,,,7,,,,,,,,,,,,,,,,,,,,,,,,,,,,,,,,,,,,,,,,,,,,,,,,,,,-999,-999,-999,1,1,53,,0.0,,,,6,3.0,7,4,5,5,3,3,2,7,6,6,7,6,,,,,,,,,,,,,,,,,,,,,,,,,,,,,,,,,,,,,,,,,,,,,,,,,,,,,-999,-999,-999,1,1,53,,0.0,6,6,5,4,4,6,6,,,,,,,,,,,,,,,,,,,,,,,,,,,,,,,,,,,,,,,,,,,,,,,,,,,,,,,,,,,,,,,,,,,,,,,,,,,,,,,,,,,,,,,,,,,,,,,,,,,,,-999,1,1,53,,0.0,1,7,8,4,3,6,1,10,5,9,8,7,4,10,1,1,1,9,9,10,8,1,0,5,3,9,10,1,0,3,1,1,1,9,1,0,6,10,0,6,6,6,6,4,3,4,4,4,4,3,0,1,0,1,0,1,1,1,1,0,0,0,,1,2,-999,-999,-999,-999,-999,-999,1,1,53,,0.0,2,790577,it8_790577,,2025-11-25T15:47:09.715Z,-999,,-999,-999,2,1,1,2,2,3,14,4,1,13,11,5,7,8,3,6,12,10,2,9,2,1,1,1,1
54,fbfkiocd,0fo,0,23,23,app_end,End,2025-11-25 15:33:18.798945,1,,,0.0,1,e5y22b4i,,,,,0,1.0,0.0,SS_WS2526,54,,0.0,3,2,3,2025-11-25T15:33:34.870Z,0,1,1,1,54,,0.0,,,,,,,,,,,4,3,5,2,12,-999,-999,1,1,54,,0.0,cav,yyj,hro,wom,ayq,x,x,x,x,x,x,x,x,x,x,x,x,x,x,x,x,x,x,x,x,x,x,x,x,x,x,x,x,x,x,x,x,x,x,x,x,x,x,x,x,x,x,x,x,x,1,0,0,0,0,1,0,0,0,0,1,0,0,0,1,1,1,0,0,0,1,0,0,0,0,0,0,0,0,0,0,0,0,0,0,0,0,0,0,0,0,0,0,0,0,0,0,0,0,0,0,0,0,0,0,0,0,0,0,0,0,0,0,0,0,0,0,0,0,0,0,0,0,0,0,0,0,0,0,0,0,0,0,0,0,0,0,0,0,0,0,0,0,0,0,0,0,0,0,0,0,0,0,0,0,0,0,0,0,0,0,0,0,0,0,0,0,0,0,0,0,0,0,0,0,0,0,0,0,0,0,0,0,0,0,0,0,0,0,0,0,0,0,0,0,0,0,0,0,0,0,0,0,0,0,0,0,0,0,0,0,0,0,0,0,0,0,0,0,0,0,0,0,0,0,0,0,0,0,0,0,0,0,0,0,0,0,0,0,0,0,0,0,0,0,0,0,0,0,0,0,0,0,0,0,0,0,0,0,0,0,0,0,0,0,0,0,0,0,0,0,0,0,0,0,0,0,0,0,0,0,0,0,0,0,0,0,0,0,0,0,0,0,0,0,0,0,0,0,0,1,1,1,1,1,,,,,,,,,,,,,,,,,,,,,,,,,,,,,,,,,,,,,,,,,,,,,,5,4,5,4,5,4,,,,,,,,,,,,,,,,,,,,,,,,,,,,,,,,,,,,,,,,,,,,,,-999,-999,-999,1,1,54,,0.0,,,,4,2.0,,2,3,6,7,7,6,7,6,5,7,2,,,4,4,4,4,4,,,,,,,,,,,,,,,,,,,,,,,,,,,,,,,,,,,,,,,,,,,,,,-999,-999,-999,1,1,54,,0.0,5,7,7,6,5,7,2,6,3,5,2,6,,,,,,,,,,,,,,,,,,,,,,,,,,,,,,,,,,,,,,,,,,,,,,3,4,3,5,2,,,,,,,,,,,,,,,,,,,,,,,,,,,,,,,,,,,,,,,,,,,,,,-999,1,1,54,,0.0,5,6,7,5,4,4,1,11,8,8,7,6,7,8,1,5,1,8,8,11,8,3,3,4,7,4,8,1,6,4,1,1,1,4,2,6,4,4,1,6,3,3,3,5,3,5,4,5,5,5,0,0,1,1,0,1,1,1,1,0,0,0,,2,1,-999,-999,-999,-999,-999,-999,1,1,54,,0.0,0,324962,0fo_324962,,2025-11-25T15:49:15.138Z,-999,,-999,-999,1,3,3,1,3,2,8,9,3,13,1,5,4,6,7,14,11,12,10,2,2,2,2,1,1
55,rpbc8p8b,2k4,0,23,23,app_end,End,2025-11-25 15:33:18.823601,1,,,0.0,1,e5y22b4i,,,,,0,1.0,0.0,SS_WS2526,55,,0.0,2,5,3,2025-11-25T15:33:19.704Z,1,2,1,1,55,,0.0,,,,,,,,,,,4,3,4,4,8,-999,-999,1,1,55,,0.0,ph3,fph,8mx,x,x,x,x,x,x,x,x,x,x,x,x,x,x,x,x,x,x,x,x,x,x,x,x,x,x,x,x,x,x,x,x,x,x,x,x,x,x,x,x,x,x,x,x,x,x,x,1,0,0,0,1,1,0,0,0,1,1,0,0,0,1,0,0,0,0,0,0,0,0,0,0,0,0,0,0,0,0,0,0,0,0,0,0,0,0,0,0,0,0,0,0,0,0,0,0,0,0,0,0,0,0,0,0,0,0,0,0,0,0,0,0,0,0,0,0,0,0,0,0,0,0,0,0,0,0,0,0,0,0,0,0,0,0,0,0,0,0,0,0,0,0,0,0,0,0,0,0,0,0,0,0,0,0,0,0,0,0,0,0,0,0,0,0,0,0,0,0,0,0,0,0,0,0,0,0,0,0,0,0,0,0,0,0,0,0,0,0,0,0,0,0,0,0,0,0,0,0,0,0,0,0,0,0,0,0,0,0,0,0,0,0,0,0,0,0,0,0,0,0,0,0,0,0,0,0,0,0,0,0,0,0,0,0,0,0,0,0,0,0,0,0,0,0,0,0,0,0,0,0,0,0,0,0,0,0,0,0,0,0,0,0,0,0,0,0,0,0,0,0,0,0,0,0,0,0,0,0,0,0,0,0,0,0,0,0,0,0,0,0,0,0,0,0,0,0,0,1,1,1,,,,,,,,,,,,,,,,,,,,,,,,,,,,,,,,,,,,,,,,,,,,,,,,5,3,3,3,,,,,,,,,,,,,,,,,,,,,,,,,,,,,,,,,,,,,,,,,,,,,,,,-999,-999,-999,1,1,55,,0.0,,,,4,2.0,5,5,3,7,7,7,5,7,7,5,5,6,,,7,2,2,,,,,,,,,,,,,,,,,,,,,,,,,,,,,,,,,,,,,,,,,,,,,,,,-999,-999,-999,1,1,55,,0.0,2,5,3,7,6,7,6,7,7,7,,,,,,,,,,,,,,,,,,,,,,,,,,,,,,,,,,,,,,,,,,,,,,,,2,2,2,,,,,,,,,,,,,,,,,,,,,,,,,,,,,,,,,,,,,,,,,,,,,,,,-999,1,1,55,,0.0,11,0,0,0,0,0,0,0,0,0,0,0,0,0,0,0,0,0,0,0,0,1,0,0,0,0,0,0,0,0,0,0,0,0,0,0,0,0,0,0,0,0,0,4,1,1,2,4,4,3,1,0,0,1,0,1,0,1,1,0,0,0,,2,1,-999,-999,-999,-999,-999,-999,1,1,55,,0.0,2,856041,2k4_856041,,2025-11-25T15:44:25.431Z,-999,,-999,-999,1,2,3,2,2,1,9,3,14,13,4,2,1,11,7,10,6,8,5,12,2,2,2,1,1
56,ckvzpf5q,jed,0,23,23,app_end,End,2025-11-25 15:33:19.156060,1,,,0.0,1,e5y22b4i,,,,,0,1.0,0.0,SS_WS2526,56,,0.0,2,4,2,2025-11-25T15:33:20.621Z,0,3,1,1,56,,0.0,,,,,,,,,,,4,4,5,4,0,-999,-999,1,1,56,,0.0,8ql,q9a,dky,x,x,x,x,x,x,x,x,x,x,x,x,x,x,x,x,x,x,x,x,x,x,x,x,x,x,x,x,x,x,x,x,x,x,x,x,x,x,x,x,x,x,x,x,x,x,x,1,0,0,0,0,1,0,0,0,0,1,0,0,0,0,0,0,0,0,0,0,0,0,0,0,0,0,0,0,0,0,0,0,0,0,0,0,0,0,0,0,0,0,0,0,0,0,0,0,0,0,0,0,0,0,0,0,0,0,0,0,0,0,0,0,0,0,0,0,0,0,0,0,0,0,0,0,0,0,0,0,0,0,0,0,0,0,0,0,0,0,0,0,0,0,0,0,0,0,0,0,0,0,0,0,0,0,0,0,0,0,0,0,0,0,0,0,0,0,0,0,0,0,0,0,0,0,0,0,0,0,0,0,0,0,0,0,0,0,0,0,0,0,0,0,0,0,0,0,0,0,0,0,0,0,0,0,0,0,0,0,0,0,0,0,0,0,0,0,0,0,0,0,0,0,0,0,0,0,0,0,0,0,0,0,0,0,0,0,0,0,0,0,0,0,0,0,0,0,0,0,0,0,0,0,0,0,0,0,0,0,0,0,0,0,0,0,0,0,0,0,0,0,0,0,0,0,0,0,0,0,0,0,0,0,0,0,0,0,0,0,0,0,0,0,0,0,0,0,0,2,1,2,,,,,,,,,,,,,,,,,,,,,,,,,,,,,,,,,,,,,,,,,,,,,,,,3,2,3,2,,,,,,,,,,,,,,,,,,,,,,,,,,,,,,,,,,,,,,,,,,,,,,,,-999,-999,-999,1,1,56,,0.0,,,,6,1.7,6,5,3,4,5,4,6,4,4,6,5,5,,,5,2,4,,,,,,,,,,,,,,,,,,,,,,,,,,,,,,,,,,,,,,,,,,,,,,,,-999,-999,-999,1,1,56,,0.0,2,6,2,2,2,2,7,7,7,7,,,,,,,,,,,,,,,,,,,,,,,,,,,,,,,,,,,,,,,,,,,,,,,,1,1,1,,,,,,,,,,,,,,,,,,,,,,,,,,,,,,,,,,,,,,,,,,,,,,,,-999,1,1,56,,0.0,7,7,7,5,3,8,1,11,8,3,2,9,11,3,1,7,1,10,9,11,11,1,7,3,1,2,9,1,7,4,1,1,1,10,1,8,11,11,0,0,0,0,0,4,4,5,4,5,5,5,0,1,0,1,1,1,1,1,0,0,0,0,,1,1,-999,-999,-999,-999,-999,-999,1,1,56,,0.0,1,489222,jed_489222,,2025-11-25T15:45:56.197Z,-999,,-999,,1,3,3,2,1,2,2,9,1,3,5,8,4,12,13,11,7,6,14,10,2,2,2,1,1
57,whethn5q,ras,0,23,23,app_end,End,2025-11-25 15:33:19.316810,1,,,0.0,1,e5y22b4i,,,,,0,1.0,0.0,SS_WS2526,57,,0.0,3,2,3,2025-11-25T15:33:20.491Z,1,2,1,1,57,,0.0,,,,,,,,,,,4,3,4,2,0,-999,-999,1,1,57,,0.0,poi,vpi,ljz,go4,fsu,x,x,x,x,x,x,x,x,x,x,x,x,x,x,x,x,x,x,x,x,x,x,x,x,x,x,x,x,x,x,x,x,x,x,x,x,x,x,x,x,x,x,x,x,x,1,0,1,1,1,1,0,1,1,1,1,0,1,1,0,1,0,1,1,1,1,0,0,0,0,0,0,0,0,0,0,0,0,0,0,0,0,0,0,0,0,0,0,0,0,0,0,0,0,0,0,0,0,0,0,0,0,0,0,0,0,0,0,0,0,0,0,0,0,0,0,0,0,0,0,0,0,0,0,0,0,0,0,0,0,0,0,0,0,0,0,0,0,0,0,0,0,0,0,0,0,0,0,0,0,0,0,0,0,0,0,0,0,0,0,0,0,0,0,0,0,0,0,0,0,0,0,0,0,0,0,0,0,0,0,0,0,0,0,0,0,0,0,0,0,0,0,0,0,0,0,0,0,0,0,0,0,0,0,0,0,0,0,0,0,0,0,0,0,0,0,0,0,0,0,0,0,0,0,0,0,0,0,0,0,0,0,0,0,0,0,0,0,0,0,0,0,0,0,0,0,0,0,0,0,0,0,0,0,0,0,0,0,0,0,0,0,0,0,0,0,0,0,0,0,0,0,0,0,0,0,0,0,0,0,0,0,0,0,0,0,0,0,0,0,0,0,0,0,0,1,1,1,1,1,,,,,,,,,,,,,,,,,,,,,,,,,,,,,,,,,,,,,,,,,,,,,,5,4,0,4,3,0,,,,,,,,,,,,,,,,,,,,,,,,,,,,,,,,,,,,,,,,,,,,,,-999,-999,-999,1,1,57,,0.0,,,,6,2.0,6,3,5,5,4,4,5,7,6,6,6,6,,,4,4,4,6,0,,,,,,,,,,,,,,,,,,,,,,,,,,,,,,,,,,,,,,,,,,,,,,-999,-999,-999,1,1,57,,0.0,5,4,5,5,5,6,5,6,6,5,6,4,,,,,,,,,,,,,,,,,,,,,,,,,,,,,,,,,,,,,,,,,,,,,,3,5,5,2,0,,,,,,,,,,,,,,,,,,,,,,,,,,,,,,,,,,,,,,,,,,,,,,-999,1,1,57,,0.0,3,9,8,4,3,7,1,11,10,5,3,9,9,5,1,8,2,0,0,10,0,1,0,3,3,0,0,0,0,3,1,1,1,6,4,6,8,0,0,0,0,0,0,4,2,3,2,4,4,4,0,0,0,1,0,1,0,1,0,0,0,0,,1,2,-999,-999,-999,-999,-999,-999,1,1,57,,0.0,2,951698,ras_951698,,2025-11-25T15:44:56.886Z,-999,,-999,-999,2,1,1,3,1,2,10,3,2,13,8,11,5,1,14,4,9,12,6,7,2,2,1,1,1
58,tf24b7q1,oev,0,23,23,app_end,End,2025-11-25 15:33:19.801017,1,,,0.0,1,e5y22b4i,,,,,0,1.0,0.0,SS_WS2526,58,,0.0,3,2,3,2025-11-25T15:33:20.606Z,0,2,1,1,58,,0.0,,,,,,,,,,,3,3,2,2,0,-999,-999,1,1,58,,0.0,upq,98q,nre,n64,6z8,vug,x,x,x,x,x,x,x,x,x,x,x,x,x,x,x,x,x,x,x,x,x,x,x,x,x,x,x,x,x,x,x,x,x,x,x,x,x,x,x,x,x,x,x,x,1,1,1,1,1,1,0,1,0,0,1,0,1,0,0,1,0,1,0,0,1,0,1,0,0,1,0,1,0,0,0,0,0,0,0,0,0,0,0,0,0,0,0,0,0,0,0,0,0,0,0,0,0,0,0,0,0,0,0,0,0,0,0,0,0,0,0,0,0,0,0,0,0,0,0,0,0,0,0,0,0,0,0,0,0,0,0,0,0,0,0,0,0,0,0,0,0,0,0,0,0,0,0,0,0,0,0,0,0,0,0,0,0,0,0,0,0,0,0,0,0,0,0,0,0,0,0,0,0,0,0,0,0,0,0,0,0,0,0,0,0,0,0,0,0,0,0,0,0,0,0,0,0,0,0,0,0,0,0,0,0,0,0,0,0,0,0,0,0,0,0,0,0,0,0,0,0,0,0,0,0,0,0,0,0,0,0,0,0,0,0,0,0,0,0,0,0,0,0,0,0,0,0,0,0,0,0,0,0,0,0,0,0,0,0,0,0,0,0,0,0,0,0,0,0,0,0,0,0,0,0,0,0,0,0,0,0,0,0,0,0,0,0,0,0,0,0,0,0,0,1,2,2,2,2,2,,,,,,,,,,,,,,,,,,,,,,,,,,,,,,,,,,,,,,,,,,,,,3,3,3,3,3,3,3,,,,,,,,,,,,,,,,,,,,,,,,,,,,,,,,,,,,,,,,,,,,,-999,-999,-999,1,1,58,,0.0,,,,6,3.0,4,5,5,6,5,4,5,6,5,6,6,6,,,4,4,4,4,4,4,,,,,,,,,,,,,,,,,,,,,,,,,,,,,,,,,,,,,,,,,,,,,-999,-999,-999,1,1,58,,0.0,1,2,2,2,4,2,6,6,6,6,6,6,6,,,,,,,,,,,,,,,,,,,,,,,,,,,,,,,,,,,,,,,,,,,,,2,2,2,2,2,2,,,,,,,,,,,,,,,,,,,,,,,,,,,,,,,,,,,,,,,,,,,,,-999,1,1,58,,0.0,6,7,8,5,4,6,1,10,8,3,2,8,8,5,1,10,3,8,0,8,0,1,0,4,3,0,6,1,0,2,1,1,1,6,2,0,8,8,0,0,0,0,0,4,2,4,1,4,4,4,0,0,0,1,1,1,1,1,1,0,1,0,,1,1,-999,-999,-999,-999,-999,-999,1,1,58,,0.0,2,986096,oev_986096,,2025-11-25T15:46:11.914Z,-999,,-999,-999,2,3,3,1,1,3,4,7,1,12,3,6,10,9,11,2,5,14,13,8,2,2,1,1,1
59,r6fjj0io,osf,0,23,23,app_end,End,2025-11-25 15:33:20.146788,1,,,0.0,1,e5y22b4i,,,,,0,1.0,0.0,SS_WS2526,59,,0.0,3,2,3,2025-11-25T15:33:22.464Z,0,2,1,1,59,,0.0,,,,,,,,,,,2,3,2,3,3,-999,-999,1,1,59,,0.0,dzv,x,x,x,x,x,x,x,x,x,x,x,x,x,x,x,x,x,x,x,x,x,x,x,x,x,x,x,x,x,x,x,x,x,x,x,x,x,x,x,x,x,x,x,x,x,x,x,x,x,1,0,1,1,0,0,0,0,0,0,0,0,0,0,0,0,0,0,0,0,0,0,0,0,0,0,0,0,0,0,0,0,0,0,0,0,0,0,0,0,0,0,0,0,0,0,0,0,0,0,0,0,0,0,0,0,0,0,0,0,0,0,0,0,0,0,0,0,0,0,0,0,0,0,0,0,0,0,0,0,0,0,0,0,0,0,0,0,0,0,0,0,0,0,0,0,0,0,0,0,0,0,0,0,0,0,0,0,0,0,0,0,0,0,0,0,0,0,0,0,0,0,0,0,0,0,0,0,0,0,0,0,0,0,0,0,0,0,0,0,0,0,0,0,0,0,0,0,0,0,0,0,0,0,0,0,0,0,0,0,0,0,0,0,0,0,0,0,0,0,0,0,0,0,0,0,0,0,0,0,0,0,0,0,0,0,0,0,0,0,0,0,0,0,0,0,0,0,0,0,0,0,0,0,0,0,0,0,0,0,0,0,0,0,0,0,0,0,0,0,0,0,0,0,0,0,0,0,0,0,0,0,0,0,0,0,0,0,0,0,0,0,0,0,0,0,0,0,0,0,1,,,,,,,,,,,,,,,,,,,,,,,,,,,,,,,,,,,,,,,,,,,,,,,,,,5,6,,,,,,,,,,,,,,,,,,,,,,,,,,,,,,,,,,,,,,,,,,,,,,,,,,-999,-999,-999,1,1,59,,0.0,,,,4,3.3,12,3,0,5,4,5,3,5,4,7,4,4,,,7,,,,,,,,,,,,,,,,,,,,,,,,,,,,,,,,,,,,,,,,,,,,,,,,,,-999,-999,-999,1,1,59,,0.0,2,5,0,0,0,0,6,5,,,,,,,,,,,,,,,,,,,,,,,,,,,,,,,,,,,,,,,,,,,,,,,,,,3,,,,,,,,,,,,,,,,,,,,,,,,,,,,,,,,,,,,,,,,,,,,,,,,,,-999,1,1,59,,0.0,3,9,10,5,3,7,1,11,0,1,1,7,8,0,1,7,2,0,0,0,0,1,0,0,1,0,0,0,0,1,1,1,0,0,0,0,7,0,0,0,0,0,0,3,2,4,3,4,4,3,0,0,0,1,0,1,0,1,0,0,0,0,,2,1,-999,-999,-999,-999,-999,-999,1,1,59,,0.0,2,515259,osf_515259,,2025-11-25T15:45:57.213Z,-999,,-999,-999,3,2,3,1,2,3,11,12,1,3,10,2,4,7,13,6,8,9,5,14,1,1,1,1,1
60,973jz84i,3dg,0,23,23,app_end,End,2025-11-25 15:33:20.278252,1,,,0.0,1,e5y22b4i,,,,,0,1.0,0.0,SS_WS2526,60,,0.0,3,2,3,2025-11-25T15:33:22.679Z,0,2,1,1,60,,0.0,,,,,,,,,,,3,2,4,4,0,-999,-999,1,1,60,,0.0,8lm,9jr,m7x,x,uqn,x,x,x,x,x,x,x,x,x,x,x,x,x,x,x,x,x,x,x,x,x,x,x,x,x,x,x,x,x,x,x,x,x,x,x,x,x,x,x,x,x,x,x,x,x,1,0,0,0,0,1,0,0,0,0,1,0,0,0,0,0,0,0,0,0,1,0,0,0,0,0,0,0,0,0,0,0,0,0,0,0,0,0,0,0,0,0,0,0,0,0,0,0,0,0,0,0,0,0,0,0,0,0,0,0,0,0,0,0,0,0,0,0,0,0,0,0,0,0,0,0,0,0,0,0,0,0,0,0,0,0,0,0,0,0,0,0,0,0,0,0,0,0,0,0,0,0,0,0,0,0,0,0,0,0,0,0,0,0,0,0,0,0,0,0,0,0,0,0,0,0,0,0,0,0,0,0,0,0,0,0,0,0,0,0,0,0,0,0,0,0,0,0,0,0,0,0,0,0,0,0,0,0,0,0,0,0,0,0,0,0,0,0,0,0,0,0,0,0,0,0,0,0,0,0,0,0,0,0,0,0,0,0,0,0,0,0,0,0,0,0,0,0,0,0,0,0,0,0,0,0,0,0,0,0,0,0,0,0,0,0,0,0,0,0,0,0,0,0,0,0,0,0,0,0,0,0,0,0,0,0,0,0,0,0,0,0,0,0,0,0,0,0,0,0,1,1,,,1,,,,,,,,,,,,,,,,,,,,,,,,,,,,,,,,,,,,,,,,,,,,,,6,5,5,5,,5,,,,,,,,,,,,,,,,,,,,,,,,,,,,,,,,,,,,,,,,,,,,,,-999,-999,-999,1,1,60,,0.0,,,,1,3.3,,2,3,3,2,2,3,7,7,6,4,6,,,4,4,4,,4,,,,,,,,,,,,,,,,,,,,,,,,,,,,,,,,,,,,,,,,,,,,,,-999,-999,-999,1,1,60,,0.0,6,6,6,4,6,6,4,6,6,6,,6,,,,,,,,,,,,,,,,,,,,,,,,,,,,,,,,,,,,,,,,,,,,,,5,5,5,,5,,,,,,,,,,,,,,,,,,,,,,,,,,,,,,,,,,,,,,,,,,,,,,-999,1,1,60,,0.0,3,8,10,5,4,8,1,0,2,9,3,11,7,9,1,4,2,6,6,4,6,1,5,11,2,6,6,6,6,8,1,1,3,7,2,6,3,4,6,6,6,6,6,4,0,2,4,4,4,4,0,0,0,1,0,0,0,1,1,0,0,0,,2,1,-999,-999,-999,-999,-999,-999,1,1,60,,0.0,2,776326,3dg_776326,,2025-11-25T15:42:51.207Z,-999,,-999,-999,2,1,2,1,1,2,13,5,14,3,10,12,11,6,1,4,8,9,2,7,1,1,2,1,1
61,kwrslf3e,a3g,0,23,23,app_end,End,2025-11-25 15:33:20.431473,1,,,0.0,1,e5y22b4i,,,,,0,1.0,0.0,SS_WS2526,61,,0.0,3,2,3,2025-11-25T15:33:21.435Z,0,2,1,1,61,,0.0,,,,,,,,,,,3,4,2,4,0,-999,-999,1,1,61,,0.0,x,x,x,x,x,x,x,x,x,x,x,x,x,x,x,x,x,x,x,x,x,x,x,x,x,x,x,x,x,x,x,x,x,x,x,x,x,x,x,x,x,x,x,x,x,x,x,x,x,x,0,0,0,0,0,0,0,0,0,0,0,0,0,0,0,0,0,0,0,0,0,0,0,0,0,0,0,0,0,0,0,0,0,0,0,0,0,0,0,0,0,0,0,0,0,0,0,0,0,0,0,0,0,0,0,0,0,0,0,0,0,0,0,0,0,0,0,0,0,0,0,0,0,0,0,0,0,0,0,0,0,0,0,0,0,0,0,0,0,0,0,0,0,0,0,0,0,0,0,0,0,0,0,0,0,0,0,0,0,0,0,0,0,0,0,0,0,0,0,0,0,0,0,0,0,0,0,0,0,0,0,0,0,0,0,0,0,0,0,0,0,0,0,0,0,0,0,0,0,0,0,0,0,0,0,0,0,0,0,0,0,0,0,0,0,0,0,0,0,0,0,0,0,0,0,0,0,0,0,0,0,0,0,0,0,0,0,0,0,0,0,0,0,0,0,0,0,0,0,0,0,0,0,0,0,0,0,0,0,0,0,0,0,0,0,0,0,0,0,0,0,0,0,0,0,0,0,0,0,0,0,0,0,0,0,0,0,0,0,0,0,0,0,0,0,0,0,0,0,0,,,,,,,,,,,,,,,,,,,,,,,,,,,,,,,,,,,,,,,,,,,,,,,,,,,7,,,,,,,,,,,,,,,,,,,,,,,,,,,,,,,,,,,,,,,,,,,,,,,,,,,-999,-999,-999,1,1,61,,0.0,,,,2,1.7,3,6,4,7,5,5,6,6,6,6,5,6,,,,,,,,,,,,,,,,,,,,,,,,,,,,,,,,,,,,,,,,,,,,,,,,,,,,,-999,-999,-999,1,1,61,,0.0,3,7,5,5,3,5,5,,,,,,,,,,,,,,,,,,,,,,,,,,,,,,,,,,,,,,,,,,,,,,,,,,,,,,,,,,,,,,,,,,,,,,,,,,,,,,,,,,,,,,,,,,,,,,,,,,,,,-999,1,1,61,,0.0,3,8,8,6,5,7,1,11,2,9,9,10,4,8,2,2,2,9,9,6,6,2,2,2,2,2,2,2,2,8,1,1,1,1,1,1,1,1,1,1,1,1,1,4,2,4,3,4,4,4,0,0,0,1,0,1,1,1,0,0,0,1,,1,2,-999,-999,-999,-999,-999,-999,1,1,61,,0.0,2,782564,a3g_782564,,2025-11-25T15:41:30.701Z,-999,,-999,-999,1,2,3,1,3,1,14,2,6,1,4,3,12,7,13,11,8,10,9,5,1,1,1,1,1
62,q7in2f89,8wd,0,23,23,app_end,End,2025-11-25 15:33:20.524375,1,,,0.0,0,e5y22b4i,,,,,0,1.0,0.0,SS_WS2526,62,,0.0,2,5,3,2025-11-25T15:33:22.823Z,0,3,1,1,62,,0.0,1998,1,22,2018,2,2,1,1,1,1,4,3,4,4,18,-999,-999,1,1,62,,0.0,2g7,gg1,843,8lm,wto,ump,yws,tco,qhg,x,x,x,x,x,x,x,x,x,x,x,x,x,x,x,x,x,x,x,x,x,x,x,x,x,x,x,x,x,x,x,x,x,x,x,x,x,x,x,x,x,0,0,0,0,0,0,0,0,0,0,0,0,0,0,0,0,0,0,0,0,0,0,0,0,0,0,0,0,0,0,0,0,0,0,0,0,0,0,0,0,0,0,0,0,0,0,0,0,0,0,0,0,0,0,0,0,0,0,0,0,0,0,0,0,0,0,0,0,0,0,0,0,0,0,0,0,0,0,0,0,0,0,0,0,0,0,0,0,0,0,0,0,0,0,0,0,0,0,0,0,0,0,0,0,0,0,0,0,0,0,0,0,0,0,0,0,0,0,0,0,0,0,0,0,0,0,0,0,0,0,0,0,0,0,0,0,0,0,0,0,0,0,0,0,0,0,0,0,0,0,0,0,0,0,0,0,0,0,0,0,0,0,0,0,0,0,0,0,0,0,0,0,0,0,0,0,0,0,0,0,0,0,0,0,0,0,0,0,0,0,0,0,0,0,0,0,0,0,0,0,0,0,0,0,0,0,0,0,0,0,0,0,0,0,0,0,0,0,0,0,0,0,0,0,0,0,0,0,0,0,0,0,0,0,0,0,0,0,0,0,0,0,0,0,0,0,0,0,0,0,50,6,7,2,1,3,0,49,25,,,,,,,,,,,,,,,,,,,,,,,,,,,,,,,,,,,,,,,,,,1,1,1,1,1,1,1,1,1,1,,,,,,,,,,,,,,,,,,,,,,,,,,,,,,,,,,,,,,,,,,-999,-999,-999,1,1,62,,0.0,1,2,1,2,3.0,12,4,4,7,3,4,1,5,4,4,6,6,5,1,7,7,7,7,7,7,7,7,7,,,,,,,,,,,,,,,,,,,,,,,,,,,,,,,,,,,,,,,,,,-999,-999,-999,1,1,62,,0.0,1,1,1,1,1,1,7,7,7,7,7,7,7,7,7,7,,,,,,,,,,,,,,,,,,,,,,,,,,,,,,,,,,,,,,,,,,1,1,1,1,1,1,1,1,1,,,,,,,,,,,,,,,,,,,,,,,,,,,,,,,,,,,,,,,,,,-999,1,1,62,,0.0,6,8,8,6,4,7,1,0,6,6,6,6,6,6,6,6,6,6,6,6,6,6,6,6,6,6,6,6,6,6,6,6,6,6,6,6,6,6,6,6,6,6,6,2,2,2,2,2,2,2,0,0,0,1,0,0,0,0,0,0,0,0,,1,1,-999,-999,-999,-999,-999,-999,1,1,62,,0.0,1,917814,8wd_917814,Zu lang ,2025-11-25T15:47:24.435Z,-999,,-999,,1,2,2,3,2,1,4,10,6,3,13,5,12,7,11,2,14,8,9,1,1,1,2,1,1
63,tm115umm,iy3,0,23,23,app_end,End,2025-11-25 15:33:20.683706,1,,,0.0,1,e5y22b4i,,,,,0,1.0,0.0,SS_WS2526,63,,0.0,3,2,3,2025-11-25T15:33:21.704Z,0,2,1,1,63,,0.0,,,,,,,,,,,3,4,3,4,0,-999,-999,1,1,63,,0.0,pdp,7y2,x,zda,x,x,x,x,x,x,x,x,x,x,x,x,x,x,x,x,x,x,x,x,x,x,x,x,x,x,x,x,x,x,x,x,x,x,x,x,x,x,x,x,x,x,x,x,x,x,1,0,0,0,1,1,0,0,0,0,0,0,0,0,0,1,0,0,0,1,0,0,0,0,0,0,0,0,0,0,0,0,0,0,0,0,0,0,0,0,0,0,0,0,0,0,0,0,0,0,0,0,0,0,0,0,0,0,0,0,0,0,0,0,0,0,0,0,0,0,0,0,0,0,0,0,0,0,0,0,0,0,0,0,0,0,0,0,0,0,0,0,0,0,0,0,0,0,0,0,0,0,0,0,0,0,0,0,0,0,0,0,0,0,0,0,0,0,0,0,0,0,0,0,0,0,0,0,0,0,0,0,0,0,0,0,0,0,0,0,0,0,0,0,0,0,0,0,0,0,0,0,0,0,0,0,0,0,0,0,0,0,0,0,0,0,0,0,0,0,0,0,0,0,0,0,0,0,0,0,0,0,0,0,0,0,0,0,0,0,0,0,0,0,0,0,0,0,0,0,0,0,0,0,0,0,0,0,0,0,0,0,0,0,0,0,0,0,0,0,0,0,0,0,0,0,0,0,0,0,0,0,0,0,0,0,0,0,0,0,0,0,0,0,0,0,0,0,0,0,1,2,,3,,,,,,,,,,,,,,,,,,,,,,,,,,,,,,,,,,,,,,,,,,,,,,,3,2,4,,4,,,,,,,,,,,,,,,,,,,,,,,,,,,,,,,,,,,,,,,,,,,,,,,-999,-999,-999,1,1,63,,0.0,,,,3,3.0,2,5,4,6,1,4,3,4,1,6,3,5,,,8,8,,5,,,,,,,,,,,,,,,,,,,,,,,,,,,,,,,,,,,,,,,,,,,,,,,-999,-999,-999,1,1,63,,0.0,2,6,2,2,2,3,7,7,0,,5,,,,,,,,,,,,,,,,,,,,,,,,,,,,,,,,,,,,,,,,,,,,,,,2,3,,2,,,,,,,,,,,,,,,,,,,,,,,,,,,,,,,,,,,,,,,,,,,,,,,-999,1,1,63,,0.0,7,6,7,4,3,4,2,10,3,6,5,9,10,6,1,9,5,7,0,9,0,1,0,0,4,0,7,0,0,5,1,1,1,5,3,0,7,9,0,0,0,0,0,3,3,4,2,4,4,4,1,0,1,1,0,1,1,1,0,0,0,0,,1,1,-999,-999,-999,-999,-999,-999,1,1,63,,0.0,1,185768,iy3_185768,,2025-11-25T15:47:02.836Z,-999,,-999,,2,3,1,3,1,2,4,12,10,5,11,2,7,1,9,3,8,13,6,14,1,2,2,1,1
64,bdwg53gz,zvr,0,22,23,app_end,FirstEndPage,2025-11-25 15:33:20.786235,1,,,0.0,1,e5y22b4i,,,,,0,1.0,0.0,SS_WS2526,64,,0.0,3,2,3,2025-11-25T15:33:22.345Z,0,2,1,1,64,,0.0,,,,,,,,,,,3,2,3,2,5,-999,-999,1,1,64,,0.0,t6m,x,x,x,x,x,x,x,x,x,x,x,x,x,x,x,x,x,x,x,x,x,x,x,x,x,x,x,x,x,x,x,x,x,x,x,x,x,x,x,x,x,x,x,x,x,x,x,x,x,1,0,1,1,1,0,0,0,0,0,0,0,0,0,0,0,0,0,0,0,0,0,0,0,0,0,0,0,0,0,0,0,0,0,0,0,0,0,0,0,0,0,0,0,0,0,0,0,0,0,0,0,0,0,0,0,0,0,0,0,0,0,0,0,0,0,0,0,0,0,0,0,0,0,0,0,0,0,0,0,0,0,0,0,0,0,0,0,0,0,0,0,0,0,0,0,0,0,0,0,0,0,0,0,0,0,0,0,0,0,0,0,0,0,0,0,0,0,0,0,0,0,0,0,0,0,0,0,0,0,0,0,0,0,0,0,0,0,0,0,0,0,0,0,0,0,0,0,0,0,0,0,0,0,0,0,0,0,0,0,0,0,0,0,0,0,0,0,0,0,0,0,0,0,0,0,0,0,0,0,0,0,0,0,0,0,0,0,0,0,0,0,0,0,0,0,0,0,0,0,0,0,0,0,0,0,0,0,0,0,0,0,0,0,0,0,0,0,0,0,0,0,0,0,0,0,0,0,0,0,0,0,0,0,0,0,0,0,0,0,0,0,0,0,0,0,0,0,0,0,1,,,,,,,,,,,,,,,,,,,,,,,,,,,,,,,,,,,,,,,,,,,,,,,,,,3,3,,,,,,,,,,,,,,,,,,,,,,,,,,,,,,,,,,,,,,,,,,,,,,,,,,-999,-999,-999,1,1,64,,0.0,,,,6,2.0,5,5,3,6,2,5,6,3,6,6,4,4,,,5,,,,,,,,,,,,,,,,,,,,,,,,,,,,,,,,,,,,,,,,,,,,,,,,,,-999,-999,-999,1,1,64,,0.0,2,2,2,2,2,2,6,6,,,,,,,,,,,,,,,,,,,,,,,,,,,,,,,,,,,,,,,,,,,,,,,,,,1,,,,,,,,,,,,,,,,,,,,,,,,,,,,,,,,,,,,,,,,,,,,,,,,,,-999,1,1,64,,0.0,7,8,8,6,4,7,2,11,9,4,3,5,9,3,1,9,2,0,0,10,0,1,0,0,2,0,6,0,0,2,1,1,0,0,0,0,0,0,0,0,0,0,0,3,2,2,2,4,4,4,0,0,0,1,0,1,1,1,0,0,0,0,,1,1,-999,-999,-999,-999,-999,-999,1,1,64,,0.0,1,449508,zvr_449508,,-999,-999,,-999,,1,3,1,3,2,3,8,4,6,7,5,14,2,12,3,9,11,13,10,1,2,2,2,1,1
65,5iq9bdzp,dn0,0,23,23,app_end,End,2025-11-25 15:33:21.400187,1,,,0.0,1,e5y22b4i,,,,,0,1.0,0.0,SS_WS2526,65,,0.0,3,2,3,2025-11-25T15:33:22.901Z,0,2,1,1,65,,0.0,,,,,,,,,,,4,3,4,3,8,-999,-999,1,1,65,,0.0,gh9,x,x,x,x,x,x,x,x,x,x,x,x,x,x,x,x,x,x,x,x,x,x,x,x,x,x,x,x,x,x,x,x,x,x,x,x,x,x,x,x,x,x,x,x,x,x,x,x,x,1,0,0,0,0,0,0,0,0,0,0,0,0,0,0,0,0,0,0,0,0,0,0,0,0,0,0,0,0,0,0,0,0,0,0,0,0,0,0,0,0,0,0,0,0,0,0,0,0,0,0,0,0,0,0,0,0,0,0,0,0,0,0,0,0,0,0,0,0,0,0,0,0,0,0,0,0,0,0,0,0,0,0,0,0,0,0,0,0,0,0,0,0,0,0,0,0,0,0,0,0,0,0,0,0,0,0,0,0,0,0,0,0,0,0,0,0,0,0,0,0,0,0,0,0,0,0,0,0,0,0,0,0,0,0,0,0,0,0,0,0,0,0,0,0,0,0,0,0,0,0,0,0,0,0,0,0,0,0,0,0,0,0,0,0,0,0,0,0,0,0,0,0,0,0,0,0,0,0,0,0,0,0,0,0,0,0,0,0,0,0,0,0,0,0,0,0,0,0,0,0,0,0,0,0,0,0,0,0,0,0,0,0,0,0,0,0,0,0,0,0,0,0,0,0,0,0,0,0,0,0,0,0,0,0,0,0,0,0,0,0,0,0,0,0,0,0,0,0,0,1,,,,,,,,,,,,,,,,,,,,,,,,,,,,,,,,,,,,,,,,,,,,,,,,,,6,7,,,,,,,,,,,,,,,,,,,,,,,,,,,,,,,,,,,,,,,,,,,,,,,,,,-999,-999,-999,1,1,65,,0.0,,,,1,3.0,4,5,4,4,2,5,6,7,6,4,4,5,,,8,,,,,,,,,,,,,,,,,,,,,,,,,,,,,,,,,,,,,,,,,,,,,,,,,,-999,-999,-999,1,1,65,,0.0,1,5,4,5,2,5,6,6,,,,,,,,,,,,,,,,,,,,,,,,,,,,,,,,,,,,,,,,,,,,,,,,,,3,,,,,,,,,,,,,,,,,,,,,,,,,,,,,,,,,,,,,,,,,,,,,,,,,,-999,1,1,65,,0.0,0,7,8,5,4,5,2,9,9,3,2,7,8,6,1,5,2,8,8,9,5,2,3,3,2,3,3,2,5,2,2,2,2,7,4,3,3,9,4,4,3,1,2,4,4,4,4,3,4,4,0,0,0,1,0,1,0,1,0,1,0,0,,2,2,-999,-999,-999,-999,-999,-999,1,1,65,,0.0,1,272157,dn0_272157,,2025-11-25T15:42:29.723Z,-999,,-999,,1,2,1,2,3,1,7,6,14,4,9,2,1,5,13,12,11,3,10,8,2,1,1,1,1
66,ui9g7nid,wep,0,23,23,app_end,End,2025-11-25 15:33:21.295770,1,,,0.0,1,e5y22b4i,,,,,0,1.0,0.0,SS_WS2526,66,,0.0,2,5,3,2025-11-25T15:33:22.852Z,0,3,1,1,66,,0.0,,,,,,,,,,,5,3,5,4,15,-999,-999,1,1,66,,0.0,m80,xqb,cx9,x9g,xfz,xxy,xsk,x,x,x,x,x,x,x,x,x,x,x,x,x,x,x,x,x,x,x,x,x,x,x,x,x,x,x,x,x,x,x,x,x,x,x,x,x,x,x,x,x,x,x,1,0,1,1,1,0,0,0,0,0,1,0,1,0,0,0,0,1,0,0,1,0,0,0,0,0,0,1,0,0,1,0,0,0,0,0,0,0,0,0,0,0,0,0,0,0,0,0,0,0,0,0,0,0,0,0,0,0,0,0,0,0,0,0,0,0,0,0,0,0,0,0,0,0,0,0,0,0,0,0,0,0,0,0,0,0,0,0,0,0,0,0,0,0,0,0,0,0,0,0,0,0,0,0,0,0,0,0,0,0,0,0,0,0,0,0,0,0,0,0,0,0,0,0,0,0,0,0,0,0,0,0,0,0,0,0,0,0,0,0,0,0,0,0,0,0,0,0,0,0,0,0,0,0,0,0,0,0,0,0,0,0,0,0,0,0,0,0,0,0,0,0,0,0,0,0,0,0,0,0,0,0,0,0,0,0,0,0,0,0,0,0,0,0,0,0,0,0,0,0,0,0,0,0,0,0,0,0,0,0,0,0,0,0,0,0,0,0,0,0,0,0,0,0,0,0,0,0,0,0,0,0,0,0,0,0,0,0,0,0,0,0,0,0,0,0,0,0,0,0,1,2,3,1,4,3,1,,,,,,,,,,,,,,,,,,,,,,,,,,,,,,,,,,,,,,,,,,,,3,6,3,6,3,6,7,3,,,,,,,,,,,,,,,,,,,,,,,,,,,,,,,,,,,,,,,,,,,,-999,-999,-999,1,1,66,,0.0,,,,1,3.0,2,2,3,4,2,3,4,4,3,2,2,2,,,1,3,4,,3,7,7,,,,,,,,,,,,,,,,,,,,,,,,,,,,,,,,,,,,,,,,,,,,-999,-999,-999,1,1,66,,0.0,4,4,4,4,4,4,4,6,5,5,6,6,5,5,,,,,,,,,,,,,,,,,,,,,,,,,,,,,,,,,,,,,,,,,,,,5,4,6,6,5,6,5,,,,,,,,,,,,,,,,,,,,,,,,,,,,,,,,,,,,,,,,,,,,-999,1,1,66,,0.0,6,8,9,6,8,7,2,10,4,6,6,6,6,6,6,6,6,6,1,11,4,1,0,7,3,2,9,1,7,4,2,1,1,2,3,1,10,9,7,8,8,8,7,4,4,4,4,4,4,4,0,0,0,0,0,1,0,0,0,0,0,0,,1,1,-999,-999,-999,-999,-999,-999,1,1,66,,0.0,0,998933,wep_998933,danke,2025-11-25T15:41:18.513Z,-999,,-999,-999,3,2,2,1,2,1,10,12,1,2,13,14,6,9,7,11,5,3,4,8,2,1,2,1,1
67,946tx5j4,h3h,0,23,23,app_end,End,2025-11-25 15:33:21.576266,1,,,0.0,1,e5y22b4i,,,,,0,1.0,0.0,SS_WS2526,67,,0.0,3,2,3,2025-11-25T15:33:23.121Z,0,2,1,1,67,,0.0,,,,,,,,,,,4,3,4,4,0,-999,-999,1,1,67,,0.0,rji,cx9,8ke,bjp,l7r,u5b,x,30d,x,x,x,x,x,x,x,x,x,x,x,x,x,x,x,x,x,x,x,x,x,x,x,x,x,x,x,x,x,x,x,x,x,x,x,x,x,x,x,x,x,x,1,0,0,0,0,1,0,0,0,0,1,0,0,0,0,1,0,0,1,1,1,0,1,1,1,1,0,0,0,1,0,0,0,0,0,1,0,0,1,1,0,0,0,0,0,0,0,0,0,0,0,0,0,0,0,0,0,0,0,0,0,0,0,0,0,0,0,0,0,0,0,0,0,0,0,0,0,0,0,0,0,0,0,0,0,0,0,0,0,0,0,0,0,0,0,0,0,0,0,0,0,0,0,0,0,0,0,0,0,0,0,0,0,0,0,0,0,0,0,0,0,0,0,0,0,0,0,0,0,0,0,0,0,0,0,0,0,0,0,0,0,0,0,0,0,0,0,0,0,0,0,0,0,0,0,0,0,0,0,0,0,0,0,0,0,0,0,0,0,0,0,0,0,0,0,0,0,0,0,0,0,0,0,0,0,0,0,0,0,0,0,0,0,0,0,0,0,0,0,0,0,0,0,0,0,0,0,0,0,0,0,0,0,0,0,0,0,0,0,0,0,0,0,0,0,0,0,0,0,0,0,0,0,0,0,0,0,0,0,0,0,0,0,0,0,0,0,0,0,0,1,1,1,1,1,1,,1,,,,,,,,,,,,,,,,,,,,,,,,,,,,,,,,,,,,,,,,,,,2,6,4,4,4,4,4,,4,,,,,,,,,,,,,,,,,,,,,,,,,,,,,,,,,,,,,,,,,,,-999,-999,-999,1,1,67,,0.0,,,,6,3.7,3,4,5,7,6,6,4,7,7,7,7,6,,,6,6,5,6,5,6,,5,,,,,,,,,,,,,,,,,,,,,,,,,,,,,,,,,,,,,,,,,,,-999,-999,-999,1,1,67,,0.0,2,2,2,2,2,2,7,6,6,6,6,6,5,,6,,,,,,,,,,,,,,,,,,,,,,,,,,,,,,,,,,,,,,,,,,,1,1,1,1,1,1,,1,,,,,,,,,,,,,,,,,,,,,,,,,,,,,,,,,,,,,,,,,,,-999,1,1,67,,0.0,6,7,8,4,3,9,2,11,9,1,1,6,7,1,1,11,1,0,0,0,0,1,0,0,1,0,0,0,0,1,1,1,1,3,1,0,11,9,0,0,0,0,0,3,2,0,4,4,4,4,0,0,0,1,0,1,0,1,1,0,0,0,,1,1,-999,-999,-999,-999,-999,-999,1,1,67,,0.0,1,225424,h3h_225424,,2025-11-25T15:51:53.588Z,-999,,-999,,2,1,2,3,2,3,4,6,1,2,5,11,12,10,8,9,3,13,14,7,1,1,2,1,1
68,9nopz9o6,6b9,0,23,23,app_end,End,2025-11-25 15:33:22.546738,1,,,0.0,1,e5y22b4i,,,,,0,1.0,0.0,SS_WS2526,68,,0.0,1,5,3,2025-11-25T15:33:24.206Z,0,2,1,1,68,,0.0,,,,,,,,,,,4,2,3,2,,-999,-999,1,1,68,,0.0,tuf,pr2,o2r,fle,x,x,x,x,x,x,x,x,x,x,x,x,x,x,x,x,x,x,x,x,x,x,x,x,x,x,x,x,x,x,x,x,x,x,x,x,x,x,x,x,x,x,x,x,x,x,1,0,0,0,1,0,0,0,0,1,0,1,0,0,1,0,0,0,0,0,0,0,0,0,0,0,0,0,0,0,0,0,0,0,0,0,0,0,0,0,0,0,0,0,0,0,0,0,0,0,0,0,0,0,0,0,0,0,0,0,0,0,0,0,0,0,0,0,0,0,0,0,0,0,0,0,0,0,0,0,0,0,0,0,0,0,0,0,0,0,0,0,0,0,0,0,0,0,0,0,0,0,0,0,0,0,0,0,0,0,0,0,0,0,0,0,0,0,0,0,0,0,0,0,0,0,0,0,0,0,0,0,0,0,0,0,0,0,0,0,0,0,0,0,0,0,0,0,0,0,0,0,0,0,0,0,0,0,0,0,0,0,0,0,0,0,0,0,0,0,0,0,0,0,0,0,0,0,0,0,0,0,0,0,0,0,0,0,0,0,0,0,0,0,0,0,0,0,0,0,0,0,0,0,0,0,0,0,0,0,0,0,0,0,0,0,0,0,0,0,0,0,0,0,0,0,0,0,0,0,0,0,0,0,0,0,0,0,0,0,0,0,0,0,0,0,0,0,0,0,1,1,2,3,,,,,,,,,,,,,,,,,,,,,,,,,,,,,,,,,,,,,,,,,,,,,,,1,5,7,4,7,,,,,,,,,,,,,,,,,,,,,,,,,,,,,,,,,,,,,,,,,,,,,,,-999,-999,-999,1,1,68,,0.0,,,,6,3.3,4,5,6,7,4,6,5,0,7,4,3,6,,,5,9,0,8,,,,,,,,,,,,,,,,,,,,,,,,,,,,,,,,,,,,,,,,,,,,,,,-999,-999,-999,1,1,68,,0.0,1,1,1,1,2,1,5,6,5,5,0,,,,,,,,,,,,,,,,,,,,,,,,,,,,,,,,,,,,,,,,,,,,,,,2,4,1,0,,,,,,,,,,,,,,,,,,,,,,,,,,,,,,,,,,,,,,,,,,,,,,,-999,1,1,68,,0.0,6,11,11,8,9,11,1,11,0,1,1,4,4,1,1,10,1,3,0,9,0,1,0,1,1,0,1,1,0,1,1,1,1,0,1,0,0,3,0,0,0,0,0,4,1,5,1,4,4,4,0,0,0,1,1,1,1,1,0,0,0,0,,1,0,-999,-999,-999,-999,-999,-999,1,1,68,,0.0,2,944302,6b9_944302,,2025-11-25T16:51:08.968Z,-999,,-999,-999,2,3,3,2,2,1,4,10,1,11,14,9,13,3,7,8,6,5,12,2,1,1,1,1,1
69,d1golupc,m7x,0,23,23,app_end,End,2025-11-25 15:33:22.414989,1,,,0.0,1,e5y22b4i,,,,,0,1.0,0.0,SS_WS2526,69,,0.0,3,2,3,2025-11-25T15:33:23.471Z,0,2,1,1,69,,0.0,,,,,,,,,,,4,3,3,3,0,-999,-999,1,1,69,,0.0,dq4,fno,7y2,x,x,x,x,x,x,x,x,x,x,x,x,x,x,x,x,x,x,x,x,x,x,x,x,x,x,x,x,x,x,x,x,x,x,x,x,x,x,x,x,x,x,x,x,x,x,x,1,0,0,0,0,1,0,0,0,0,1,0,0,0,0,0,0,0,0,0,0,0,0,0,0,0,0,0,0,0,0,0,0,0,0,0,0,0,0,0,0,0,0,0,0,0,0,0,0,0,0,0,0,0,0,0,0,0,0,0,0,0,0,0,0,0,0,0,0,0,0,0,0,0,0,0,0,0,0,0,0,0,0,0,0,0,0,0,0,0,0,0,0,0,0,0,0,0,0,0,0,0,0,0,0,0,0,0,0,0,0,0,0,0,0,0,0,0,0,0,0,0,0,0,0,0,0,0,0,0,0,0,0,0,0,0,0,0,0,0,0,0,0,0,0,0,0,0,0,0,0,0,0,0,0,0,0,0,0,0,0,0,0,0,0,0,0,0,0,0,0,0,0,0,0,0,0,0,0,0,0,0,0,0,0,0,0,0,0,0,0,0,0,0,0,0,0,0,0,0,0,0,0,0,0,0,0,0,0,0,0,0,0,0,0,0,0,0,0,0,0,0,0,0,0,0,0,0,0,0,0,0,0,0,0,0,0,0,0,0,0,0,0,0,0,0,0,0,0,0,2,1,1,,,,,,,,,,,,,,,,,,,,,,,,,,,,,,,,,,,,,,,,,,,,,,,,3,3,3,3,,,,,,,,,,,,,,,,,,,,,,,,,,,,,,,,,,,,,,,,,,,,,,,,-999,-999,-999,1,1,69,,0.0,,,,2,2.0,6,5,4,5,5,4,2,6,3,5,3,5,,,3,3,3,,,,,,,,,,,,,,,,,,,,,,,,,,,,,,,,,,,,,,,,,,,,,,,,-999,-999,-999,1,1,69,,0.0,1,2,2,3,4,4,7,7,7,7,,,,,,,,,,,,,,,,,,,,,,,,,,,,,,,,,,,,,,,,,,,,,,,,1,1,1,,,,,,,,,,,,,,,,,,,,,,,,,,,,,,,,,,,,,,,,,,,,,,,,-999,1,1,69,,0.0,6,8,8,4,4,6,1,10,10,3,3,7,8,4,1,10,2,5,6,7,0,1,1,1,2,1,2,1,1,4,2,2,2,6,3,1,11,2,0,0,0,0,0,4,2,4,3,4,4,4,0,0,0,1,0,1,0,1,0,0,0,0,,1,1,-999,-999,-999,-999,-999,-999,1,1,69,,0.0,2,586153,m7x_586153,,2025-11-25T15:47:36.742Z,-999,,-999,-999,1,3,2,3,3,1,11,6,12,5,2,8,4,3,1,10,9,14,13,7,2,2,2,1,1
70,xiwcvuoz,6nj,0,23,23,app_end,End,2025-11-25 15:33:22.672230,1,,,0.0,1,e5y22b4i,,,,,0,1.0,0.0,SS_WS2526,70,,0.0,3,2,3,2025-11-25T15:33:23.930Z,0,2,1,1,70,,0.0,,,,,,,,,,,4,3,5,3,0,-999,-999,1,1,70,,0.0,epz,cos,ats,vkx,tmy,x,x,x,x,x,x,x,x,x,x,x,x,x,x,x,x,x,x,x,x,x,x,x,x,x,x,x,x,x,x,x,x,x,x,x,x,x,x,x,x,x,x,x,x,x,1,0,0,1,0,1,1,1,1,1,1,1,1,1,1,1,0,0,0,0,0,0,0,0,0,0,0,0,0,0,0,0,0,0,0,0,0,0,0,0,0,0,0,0,0,0,0,0,0,0,0,0,0,0,0,0,0,0,0,0,0,0,0,0,0,0,0,0,0,0,0,0,0,0,0,0,0,0,0,0,0,0,0,0,0,0,0,0,0,0,0,0,0,0,0,0,0,0,0,0,0,0,0,0,0,0,0,0,0,0,0,0,0,0,0,0,0,0,0,0,0,0,0,0,0,0,0,0,0,0,0,0,0,0,0,0,0,0,0,0,0,0,0,0,0,0,0,0,0,0,0,0,0,0,0,0,0,0,0,0,0,0,0,0,0,0,0,0,0,0,0,0,0,0,0,0,0,0,0,0,0,0,0,0,0,0,0,0,0,0,0,0,0,0,0,0,0,0,0,0,0,0,0,0,0,0,0,0,0,0,0,0,0,0,0,0,0,0,0,0,0,0,0,0,0,0,0,0,0,0,0,0,0,0,0,0,0,0,0,0,0,0,0,0,0,0,0,0,0,0,1,1,1,1,2,,,,,,,,,,,,,,,,,,,,,,,,,,,,,,,,,,,,,,,,,,,,,,2,2,4,4,4,0,,,,,,,,,,,,,,,,,,,,,,,,,,,,,,,,,,,,,,,,,,,,,,-999,-999,-999,1,1,70,,0.0,,,,1,2.7,2,6,4,5,6,3,3,5,4,5,6,3,,,5,5,4,5,0,,,,,,,,,,,,,,,,,,,,,,,,,,,,,,,,,,,,,,,,,,,,,,-999,-999,-999,1,1,70,,0.0,2,3,2,2,2,2,7,6,6,6,6,0,,,,,,,,,,,,,,,,,,,,,,,,,,,,,,,,,,,,,,,,,,,,,,1,2,2,2,,,,,,,,,,,,,,,,,,,,,,,,,,,,,,,,,,,,,,,,,,,,,,,-999,1,1,70,,0.0,6,8,9,5,4,8,2,11,7,2,1,8,9,3,1,10,1,4,6,9,10,1,9,3,1,4,8,1,9,2,1,1,1,5,1,0,0,9,0,0,0,0,0,5,2,5,3,5,5,5,0,1,0,1,0,1,1,1,1,0,0,0,,1,1,-999,-999,-999,-999,-999,-999,1,1,70,,0.0,2,830001,6nj_830001,,2025-11-25T15:47:17.346Z,-999,,-999,-999,3,2,3,1,3,1,4,3,2,1,13,11,5,6,14,8,9,10,12,7,1,2,1,1,1
71,lao5jn34,oae,0,23,23,app_end,End,2025-11-25 15:33:22.795937,1,,,0.0,1,e5y22b4i,,,,,0,1.0,0.0,SS_WS2526,71,,0.0,3,2,4,2025-11-25T15:33:24.126Z,0,1,1,1,71,,0.0,,,,,,,,,,,5,3,5,3,5,-999,-999,1,1,71,,0.0,39j,pkl,zme,8mx,r3x,e30,x,x,x,x,x,x,x,x,x,x,x,x,x,x,x,x,x,x,x,x,x,x,x,x,x,x,x,x,x,x,x,x,x,x,x,x,x,x,x,x,x,x,x,x,1,0,1,0,1,1,0,0,0,0,0,1,1,1,1,1,0,0,0,0,1,0,0,0,0,1,0,0,0,0,0,0,0,0,0,0,0,0,0,0,0,0,0,0,0,0,0,0,0,0,0,0,0,0,0,0,0,0,0,0,0,0,0,0,0,0,0,0,0,0,0,0,0,0,0,0,0,0,0,0,0,0,0,0,0,0,0,0,0,0,0,0,0,0,0,0,0,0,0,0,0,0,0,0,0,0,0,0,0,0,0,0,0,0,0,0,0,0,0,0,0,0,0,0,0,0,0,0,0,0,0,0,0,0,0,0,0,0,0,0,0,0,0,0,0,0,0,0,0,0,0,0,0,0,0,0,0,0,0,0,0,0,0,0,0,0,0,0,0,0,0,0,0,0,0,0,0,0,0,0,0,0,0,0,0,0,0,0,0,0,0,0,0,0,0,0,0,0,0,0,0,0,0,0,0,0,0,0,0,0,0,0,0,0,0,0,0,0,0,0,0,0,0,0,0,0,0,0,0,0,0,0,0,0,0,0,0,0,0,0,0,0,0,0,0,0,0,0,0,0,1,1,1,2,2,2,,,,,,,,,,,,,,,,,,,,,,,,,,,,,,,,,,,,,,,,,,,,,4,4,3,4,4,3,4,,,,,,,,,,,,,,,,,,,,,,,,,,,,,,,,,,,,,,,,,,,,,-999,-999,-999,1,1,71,,0.0,,,,1,4.0,,4,1,5,5,5,6,6,6,6,6,,,,2,1,3,3,2,1,,,,,,,,,,,,,,,,,,,,,,,,,,,,,,,,,,,,,,,,,,,,,-999,-999,-999,1,1,71,,0.0,1,7,4,2,3,4,5,4,4,4,4,4,4,,,,,,,,,,,,,,,,,,,,,,,,,,,,,,,,,,,,,,,,,,,,,2,5,4,,3,4,,,,,,,,,,,,,,,,,,,,,,,,,,,,,,,,,,,,,,,,,,,,,-999,1,1,71,,0.0,7,8,9,5,4,6,2,0,8,3,2,5,11,4,1,6,1,10,2,11,0,1,6,2,2,3,2,1,6,5,1,1,2,10,4,6,7,0,6,6,6,6,6,4,3,4,3,4,3,3,0,1,0,1,1,1,1,1,0,0,1,1,,1,2,-999,-999,-999,-999,-999,-999,1,1,71,,0.0,1,348158,oae_348158,,2025-11-25T15:45:09.598Z,-999,,-999,,1,2,2,1,3,1,7,11,4,8,13,6,2,1,12,14,5,3,10,9,2,2,2,1,1
72,7v0vuoy3,gd8,0,23,23,app_end,End,2025-11-25 15:33:22.915871,1,,,0.0,1,e5y22b4i,,,,,0,1.0,0.0,SS_WS2526,72,,0.0,3,2,3,2025-11-25T15:33:23.996Z,0,2,1,1,72,,0.0,,,,,,,,,,,4,4,4,4,0,-999,-999,1,1,72,,0.0,w10,zit,xfz,x,x,x,x,x,x,x,x,x,x,x,x,x,x,x,x,x,x,x,x,x,x,x,x,x,x,x,x,x,x,x,x,x,x,x,x,x,x,x,x,x,x,x,x,x,x,x,0,0,0,0,0,1,0,0,0,1,1,0,1,0,1,0,0,0,0,0,0,0,0,0,0,0,0,0,0,0,0,0,0,0,0,0,0,0,0,0,0,0,0,0,0,0,0,0,0,0,0,0,0,0,0,0,0,0,0,0,0,0,0,0,0,0,0,0,0,0,0,0,0,0,0,0,0,0,0,0,0,0,0,0,0,0,0,0,0,0,0,0,0,0,0,0,0,0,0,0,0,0,0,0,0,0,0,0,0,0,0,0,0,0,0,0,0,0,0,0,0,0,0,0,0,0,0,0,0,0,0,0,0,0,0,0,0,0,0,0,0,0,0,0,0,0,0,0,0,0,0,0,0,0,0,0,0,0,0,0,0,0,0,0,0,0,0,0,0,0,0,0,0,0,0,0,0,0,0,0,0,0,0,0,0,0,0,0,0,0,0,0,0,0,0,0,0,0,0,0,0,0,0,0,0,0,0,0,0,0,0,0,0,0,0,0,0,0,0,0,0,0,0,0,0,0,0,0,0,0,0,0,0,0,0,0,0,0,0,0,0,0,0,0,0,0,0,0,0,0,1,1,1,,,,,,,,,,,,,,,,,,,,,,,,,,,,,,,,,,,,,,,,,,,,,,,,4,6,4,4,,,,,,,,,,,,,,,,,,,,,,,,,,,,,,,,,,,,,,,,,,,,,,,,-999,-999,-999,1,1,72,,0.0,,,,5,2.7,1,5,6,6,5,2,5,6,3,4,5,6,,,2,3,4,,,,,,,,,,,,,,,,,,,,,,,,,,,,,,,,,,,,,,,,,,,,,,,,-999,-999,-999,1,1,72,,0.0,2,3,1,1,3,2,6,6,,7,,,,,,,,,,,,,,,,,,,,,,,,,,,,,,,,,,,,,,,,,,,,,,,,3,2,2,,,,,,,,,,,,,,,,,,,,,,,,,,,,,,,,,,,,,,,,,,,,,,,,-999,1,1,72,,0.0,3,8,9,5,4,7,2,11,6,3,1,10,9,4,1,9,1,10,10,10,0,1,8,1,1,2,7,1,8,2,1,1,1,3,1,5,8,8,5,8,0,1,0,4,4,4,3,0,4,4,0,0,0,0,1,1,0,1,0,0,,0,,2,1,-999,-999,-999,-999,-999,-999,1,1,72,,0.0,1,678876,gd8_678876,,2025-11-25T15:49:34.199Z,-999,,-999,,3,2,3,1,1,3,2,11,4,1,13,12,6,7,10,14,9,8,3,5,1,1,1,1,1
73,z3rfaxjj,cav,0,23,23,app_end,End,2025-11-25 15:33:23.081435,1,,,0.0,1,e5y22b4i,,,,,0,1.0,0.0,SS_WS2526,73,,0.0,3,2,3,2025-11-25T15:33:24.200Z,0,2,1,1,73,,0.0,,,,,,,,,,,3,2,4,3,,-999,-999,1,1,73,,0.0,wv9,n4r,l9e,yyj,wom,x,x,x,x,x,x,x,x,x,x,x,x,x,x,x,x,x,x,x,x,x,x,x,x,x,x,x,x,x,x,x,x,x,x,x,x,x,x,x,x,x,x,x,x,x,1,0,1,1,1,1,0,1,1,1,1,0,1,1,1,1,0,1,1,1,1,0,1,1,1,0,0,0,0,0,0,0,0,0,0,0,0,0,0,0,0,0,0,0,0,0,0,0,0,0,0,0,0,0,0,0,0,0,0,0,0,0,0,0,0,0,0,0,0,0,0,0,0,0,0,0,0,0,0,0,0,0,0,0,0,0,0,0,0,0,0,0,0,0,0,0,0,0,0,0,0,0,0,0,0,0,0,0,0,0,0,0,0,0,0,0,0,0,0,0,0,0,0,0,0,0,0,0,0,0,0,0,0,0,0,0,0,0,0,0,0,0,0,0,0,0,0,0,0,0,0,0,0,0,0,0,0,0,0,0,0,0,0,0,0,0,0,0,0,0,0,0,0,0,0,0,0,0,0,0,0,0,0,0,0,0,0,0,0,0,0,0,0,0,0,0,0,0,0,0,0,0,0,0,0,0,0,0,0,0,0,0,0,0,0,0,0,0,0,0,0,0,0,0,0,0,0,0,0,0,0,0,0,0,0,0,0,0,0,0,0,0,0,0,0,0,0,0,0,0,1,1,1,1,1,,,,,,,,,,,,,,,,,,,,,,,,,,,,,,,,,,,,,,,,,,,,,,4,4,4,4,4,4,,,,,,,,,,,,,,,,,,,,,,,,,,,,,,,,,,,,,,,,,,,,,,-999,-999,-999,1,1,73,,0.0,,,,1,2.0,5,6,5,7,6,6,6,7,6,5,6,6,,,0,0,0,0,0,,,,,,,,,,,,,,,,,,,,,,,,,,,,,,,,,,,,,,,,,,,,,,-999,-999,-999,1,1,73,,0.0,1,1,2,4,2,4,6,6,6,6,6,6,,,,,,,,,,,,,,,,,,,,,,,,,,,,,,,,,,,,,,,,,,,,,,2,2,2,2,2,,,,,,,,,,,,,,,,,,,,,,,,,,,,,,,,,,,,,,,,,,,,,,-999,1,1,73,,0.0,3,9,9,0,4,8,1,11,9,3,3,10,9,4,1,7,3,9,9,9,8,1,4,5,4,4,9,1,4,4,1,1,2,6,1,3,6,9,6,6,6,6,6,4,3,4,4,4,4,4,0,0,0,1,0,1,1,1,1,0,0,0,,1,1,-999,-999,-999,-999,-999,-999,1,1,73,,0.0,0,234430,cav_234430,,2025-11-25T15:42:58.083Z,-999,,-999,-999,2,3,2,3,3,2,8,1,7,3,2,13,10,11,9,5,14,12,4,6,1,1,1,1,1
74,ux8g33dk,qlq,0,23,23,app_end,End,2025-11-25 15:33:23.239273,1,,,0.0,1,e5y22b4i,,,,,0,1.0,0.0,SS_WS2526,74,,0.0,3,2,3,2025-11-25T15:33:24.651Z,0,2,1,1,74,,0.0,,,,,,,,,,,3,3,3,3,0,-999,-999,1,1,74,,0.0,msn,8fi,iqk,ol7,cp4,hxt,x,x,x,x,x,x,x,x,x,x,x,x,x,x,x,x,x,x,x,x,x,x,x,x,x,x,x,x,x,x,x,x,x,x,x,x,x,x,x,x,x,x,x,x,1,0,1,0,1,1,0,1,0,1,1,0,1,0,1,1,0,1,0,1,1,0,1,0,1,1,0,1,0,1,0,0,0,0,0,0,0,0,0,0,0,0,0,0,0,0,0,0,0,0,0,0,0,0,0,0,0,0,0,0,0,0,0,0,0,0,0,0,0,0,0,0,0,0,0,0,0,0,0,0,0,0,0,0,0,0,0,0,0,0,0,0,0,0,0,0,0,0,0,0,0,0,0,0,0,0,0,0,0,0,0,0,0,0,0,0,0,0,0,0,0,0,0,0,0,0,0,0,0,0,0,0,0,0,0,0,0,0,0,0,0,0,0,0,0,0,0,0,0,0,0,0,0,0,0,0,0,0,0,0,0,0,0,0,0,0,0,0,0,0,0,0,0,0,0,0,0,0,0,0,0,0,0,0,0,0,0,0,0,0,0,0,0,0,0,0,0,0,0,0,0,0,0,0,0,0,0,0,0,0,0,0,0,0,0,0,0,0,0,0,0,0,0,0,0,0,0,0,0,0,0,0,0,0,0,0,0,0,0,0,0,0,0,0,0,0,0,0,0,0,1,1,1,1,1,1,,,,,,,,,,,,,,,,,,,,,,,,,,,,,,,,,,,,,,,,,,,,,3,4,3,4,2,4,4,,,,,,,,,,,,,,,,,,,,,,,,,,,,,,,,,,,,,,,,,,,,,-999,-999,-999,1,1,74,,0.0,,,,1,2.7,6,3,2,5,5,4,2,6,6,5,4,6,,,5,5,5,6,4,4,,,,,,,,,,,,,,,,,,,,,,,,,,,,,,,,,,,,,,,,,,,,,-999,-999,-999,1,1,74,,0.0,2,3,3,3,4,3,6,6,6,6,6,6,6,,,,,,,,,,,,,,,,,,,,,,,,,,,,,,,,,,,,,,,,,,,,,2,2,2,2,2,2,,,,,,,,,,,,,,,,,,,,,,,,,,,,,,,,,,,,,,,,,,,,,-999,1,1,74,,0.0,7,7,7,5,4,6,1,11,10,7,7,9,11,8,1,10,2,9,8,11,0,1,0,7,5,0,8,1,0,4,1,1,1,9,1,0,8,11,0,0,0,0,0,4,0,4,3,0,4,4,0,0,0,1,0,1,1,1,1,0,0,0,,1,1,-999,-999,-999,-999,-999,-999,1,1,74,,0.0,2,743709,qlq_743709,,2025-11-25T15:53:29.213Z,-999,,-999,-999,1,2,1,3,1,3,5,10,14,4,13,12,11,7,9,8,2,3,1,6,1,2,2,1,1
75,kcw3585z,1ey,0,23,23,app_end,End,2025-11-25 15:33:23.121354,1,,,0.0,1,e5y22b4i,,,,,0,1.0,0.0,SS_WS2526,75,,0.0,3,1,5,2025-11-25T15:33:23.809Z,1,1,1,1,75,,0.0,,,,,,,,,,,4,3,4,3,0,-999,-999,1,1,75,,0.0,3rt,fyg,i9d,x,x,x,x,x,x,x,x,x,x,x,x,x,x,x,x,x,x,x,x,x,x,x,x,x,x,x,x,x,x,x,x,x,x,x,x,x,x,x,x,x,x,x,x,x,x,x,1,0,0,0,0,1,0,0,0,0,1,0,0,0,0,0,0,0,0,0,0,0,0,0,0,0,0,0,0,0,0,0,0,0,0,0,0,0,0,0,0,0,0,0,0,0,0,0,0,0,0,0,0,0,0,0,0,0,0,0,0,0,0,0,0,0,0,0,0,0,0,0,0,0,0,0,0,0,0,0,0,0,0,0,0,0,0,0,0,0,0,0,0,0,0,0,0,0,0,0,0,0,0,0,0,0,0,0,0,0,0,0,0,0,0,0,0,0,0,0,0,0,0,0,0,0,0,0,0,0,0,0,0,0,0,0,0,0,0,0,0,0,0,0,0,0,0,0,0,0,0,0,0,0,0,0,0,0,0,0,0,0,0,0,0,0,0,0,0,0,0,0,0,0,0,0,0,0,0,0,0,0,0,0,0,0,0,0,0,0,0,0,0,0,0,0,0,0,0,0,0,0,0,0,0,0,0,0,0,0,0,0,0,0,0,0,0,0,0,0,0,0,0,0,0,0,0,0,0,0,0,0,0,0,0,0,0,0,0,0,0,0,0,0,0,0,0,0,0,0,1,1,1,,,,,,,,,,,,,,,,,,,,,,,,,,,,,,,,,,,,,,,,,,,,,,,,5,2,4,6,,,,,,,,,,,,,,,,,,,,,,,,,,,,,,,,,,,,,,,,,,,,,,,,-999,-999,-999,1,1,75,,0.0,,,,4,2.3,,6,5,6,6,5,6,7,6,5,5,6,,,5,3,5,,,,,,,,,,,,,,,,,,,,,,,,,,,,,,,,,,,,,,,,,,,,,,,,-999,-999,-999,1,1,75,,0.0,2,5,3,3,3,5,6,6,6,5,,,,,,,,,,,,,,,,,,,,,,,,,,,,,,,,,,,,,,,,,,,,,,,,2,2,3,,,,,,,,,,,,,,,,,,,,,,,,,,,,,,,,,,,,,,,,,,,,,,,,-999,1,1,75,,0.0,7,8,9,3,4,5,1,11,6,3,2,7,10,5,1,1,1,11,0,11,0,1,0,3,2,0,1,1,0,3,1,1,1,7,2,2,4,11,0,0,0,0,0,5,3,5,4,5,5,5,0,1,1,1,0,1,1,1,1,0,1,1,,1,1,-999,-999,-999,-999,-999,-999,1,1,75,,0.0,1,619488,1ey_619488,a bacj button for wrongly aswered questions,2025-11-25T15:44:12.139Z,-999,,-999,,3,2,1,3,1,2,9,14,4,11,6,13,12,5,8,7,3,10,2,1,2,1,1,1,1
76,65qpfuz8,26o,0,23,23,app_end,End,2025-11-25 15:33:23.393654,1,,,0.0,1,e5y22b4i,,,,,0,1.0,0.0,SS_WS2526,76,,0.0,1,5,3,2025-11-25T15:33:24.390Z,0,2,1,1,76,,0.0,,,,,,,,,,,4,4,4,4,0,-999,-999,1,1,76,,0.0,bty,klf,1zx,5sz,x,x,x,x,x,x,x,x,x,x,x,x,x,x,x,x,x,x,x,x,x,x,x,x,x,x,x,x,x,x,x,x,x,x,x,x,x,x,x,x,x,x,x,x,x,x,1,0,1,0,1,1,0,1,0,1,1,0,1,0,1,1,0,1,0,1,0,0,0,0,0,0,0,0,0,0,0,0,0,0,0,0,0,0,0,0,0,0,0,0,0,0,0,0,0,0,0,0,0,0,0,0,0,0,0,0,0,0,0,0,0,0,0,0,0,0,0,0,0,0,0,0,0,0,0,0,0,0,0,0,0,0,0,0,0,0,0,0,0,0,0,0,0,0,0,0,0,0,0,0,0,0,0,0,0,0,0,0,0,0,0,0,0,0,0,0,0,0,0,0,0,0,0,0,0,0,0,0,0,0,0,0,0,0,0,0,0,0,0,0,0,0,0,0,0,0,0,0,0,0,0,0,0,0,0,0,0,0,0,0,0,0,0,0,0,0,0,0,0,0,0,0,0,0,0,0,0,0,0,0,0,0,0,0,0,0,0,0,0,0,0,0,0,0,0,0,0,0,0,0,0,0,0,0,0,0,0,0,0,0,0,0,0,0,0,0,0,0,0,0,0,0,0,0,0,0,0,0,0,0,0,0,0,0,0,0,0,0,0,0,0,0,0,0,0,0,1,1,1,1,,,,,,,,,,,,,,,,,,,,,,,,,,,,,,,,,,,,,,,,,,,,,,,5,2,4,3,2,,,,,,,,,,,,,,,,,,,,,,,,,,,,,,,,,,,,,,,,,,,,,,,-999,-999,-999,1,1,76,,0.0,,,,3,4.0,,4,4,5,2,4,4,5,3,6,4,4,,,7,3,8,3,,,,,,,,,,,,,,,,,,,,,,,,,,,,,,,,,,,,,,,,,,,,,,,-999,-999,-999,1,1,76,,0.0,1,4,2,6,4,7,7,7,7,7,7,,,,,,,,,,,,,,,,,,,,,,,,,,,,,,,,,,,,,,,,,,,,,,,1,1,1,1,,,,,,,,,,,,,,,,,,,,,,,,,,,,,,,,,,,,,,,,,,,,,,,-999,1,1,76,,0.0,3,7,8,4,3,4,1,11,2,8,8,10,7,4,3,5,3,8,7,10,0,2,4,2,9,6,3,3,5,4,3,2,2,7,2,3,1,0,4,4,4,4,3,4,4,4,4,4,4,4,1,1,0,1,1,1,1,1,1,1,1,1,,1,2,-999,-999,-999,-999,-999,-999,1,1,76,,0.0,2,809073,26o_809073,,2025-11-25T15:46:36.045Z,-999,,-999,-999,3,2,1,3,3,2,11,8,4,7,13,10,3,6,5,9,2,1,14,12,1,1,1,1,1
77,dkrk61g8,fsu,0,23,23,app_end,End,2025-11-25 15:33:23.840528,1,,,0.0,1,e5y22b4i,,,,,0,1.0,0.0,SS_WS2526,77,,0.0,3,2,3,2025-11-25T15:33:24.800Z,0,2,1,1,77,,0.0,,,,,,,,,,,4,4,4,4,0,-999,-999,1,1,77,,0.0,vpi,x,x,x,x,x,x,x,x,x,x,x,x,x,x,x,x,x,x,x,x,x,x,x,x,x,x,x,x,x,x,x,x,x,x,x,x,x,x,x,x,x,x,x,x,x,x,x,x,x,1,0,0,0,1,0,0,0,0,0,0,0,0,0,0,0,0,0,0,0,0,0,0,0,0,0,0,0,0,0,0,0,0,0,0,0,0,0,0,0,0,0,0,0,0,0,0,0,0,0,0,0,0,0,0,0,0,0,0,0,0,0,0,0,0,0,0,0,0,0,0,0,0,0,0,0,0,0,0,0,0,0,0,0,0,0,0,0,0,0,0,0,0,0,0,0,0,0,0,0,0,0,0,0,0,0,0,0,0,0,0,0,0,0,0,0,0,0,0,0,0,0,0,0,0,0,0,0,0,0,0,0,0,0,0,0,0,0,0,0,0,0,0,0,0,0,0,0,0,0,0,0,0,0,0,0,0,0,0,0,0,0,0,0,0,0,0,0,0,0,0,0,0,0,0,0,0,0,0,0,0,0,0,0,0,0,0,0,0,0,0,0,0,0,0,0,0,0,0,0,0,0,0,0,0,0,0,0,0,0,0,0,0,0,0,0,0,0,0,0,0,0,0,0,0,0,0,0,0,0,0,0,0,0,0,0,0,0,0,0,0,0,0,0,0,0,0,0,0,0,1,,,,,,,,,,,,,,,,,,,,,,,,,,,,,,,,,,,,,,,,,,,,,,,,,,3,3,,,,,,,,,,,,,,,,,,,,,,,,,,,,,,,,,,,,,,,,,,,,,,,,,,-999,-999,-999,1,1,77,,0.0,,,,2,2.0,4,2,1,4,6,6,4,5,7,3,3,6,,,3,,,,,,,,,,,,,,,,,,,,,,,,,,,,,,,,,,,,,,,,,,,,,,,,,,-999,-999,-999,1,1,77,,0.0,4,3,3,2,3,3,6,6,,,,,,,,,,,,,,,,,,,,,,,,,,,,,,,,,,,,,,,,,,,,,,,,,,6,,,,,,,,,,,,,,,,,,,,,,,,,,,,,,,,,,,,,,,,,,,,,,,,,,-999,1,1,77,,0.0,7,7,8,4,4,6,2,11,8,4,1,8,9,5,1,9,1,7,6,10,0,1,0,4,1,0,7,1,0,5,1,1,1,8,2,5,11,10,0,0,0,0,0,4,3,4,3,3,4,3,0,0,0,1,0,1,0,1,1,0,0,0,,1,1,-999,-999,-999,-999,-999,-999,1,1,77,,0.0,1,989950,fsu_989950,,2025-11-25T15:43:47.302Z,-999,,-999,,1,3,3,1,3,1,12,5,1,14,7,8,10,11,3,6,13,4,9,2,1,1,1,1,1
78,fs358fvv,n4r,0,23,23,app_end,End,2025-11-25 15:33:23.889424,1,,,0.0,1,e5y22b4i,,,,,0,1.0,0.0,SS_WS2526,78,,0.0,3,2,3,2025-11-25T15:33:24.850Z,0,2,1,1,78,,0.0,,,,,,,,,,,4,3,4,4,0,-999,-999,1,1,78,,0.0,zfv,l9e,e42,wv9,x,x,x,x,x,x,x,x,x,x,x,x,x,x,x,x,x,x,x,x,x,x,x,x,x,x,x,x,x,x,x,x,x,x,x,x,x,x,x,x,x,x,x,x,x,x,1,0,0,0,0,0,0,0,0,0,1,0,1,1,1,1,0,0,0,0,0,0,0,0,0,0,0,0,0,0,0,0,0,0,0,0,0,0,0,0,0,0,0,0,0,0,0,0,0,0,0,0,0,0,0,0,0,0,0,0,0,0,0,0,0,0,0,0,0,0,0,0,0,0,0,0,0,0,0,0,0,0,0,0,0,0,0,0,0,0,0,0,0,0,0,0,0,0,0,0,0,0,0,0,0,0,0,0,0,0,0,0,0,0,0,0,0,0,0,0,0,0,0,0,0,0,0,0,0,0,0,0,0,0,0,0,0,0,0,0,0,0,0,0,0,0,0,0,0,0,0,0,0,0,0,0,0,0,0,0,0,0,0,0,0,0,0,0,0,0,0,0,0,0,0,0,0,0,0,0,0,0,0,0,0,0,0,0,0,0,0,0,0,0,0,0,0,0,0,0,0,0,0,0,0,0,0,0,0,0,0,0,0,0,0,0,0,0,0,0,0,0,0,0,0,0,0,0,0,0,0,0,0,0,0,0,0,0,0,0,0,0,0,0,0,0,0,0,0,0,1,1,1,1,,,,,,,,,,,,,,,,,,,,,,,,,,,,,,,,,,,,,,,,,,,,,,,4,4,6,5,4,,,,,,,,,,,,,,,,,,,,,,,,,,,,,,,,,,,,,,,,,,,,,,,-999,-999,-999,1,1,78,,0.0,,,,1,3.0,5,3,4,4,1,5,5,6,6,7,6,6,,,4,7,5,5,,,,,,,,,,,,,,,,,,,,,,,,,,,,,,,,,,,,,,,,,,,,,,,-999,-999,-999,1,1,78,,0.0,2,4,3,2,1,2,5,6,5,5,6,,,,,,,,,,,,,,,,,,,,,,,,,,,,,,,,,,,,,,,,,,,,,,,3,5,3,3,,,,,,,,,,,,,,,,,,,,,,,,,,,,,,,,,,,,,,,,,,,,,,,-999,1,1,78,,0.0,7,8,9,5,3,5,1,10,7,3,2,7,10,5,1,3,3,0,0,0,0,0,0,0,0,0,0,0,0,0,0,0,0,0,0,0,0,0,0,0,0,0,0,4,3,3,3,5,5,4,0,0,1,1,0,1,1,1,1,0,0,0,,1,2,-999,-999,-999,-999,-999,-999,1,1,78,,0.0,1,733409,n4r_733409,,2025-11-25T15:46:03.122Z,-999,,-999,,2,3,2,1,2,1,9,5,13,10,2,7,11,8,6,3,4,12,14,1,2,1,1,1,1
79,pwr1mk4q,qdi,0,23,23,app_end,End,2025-11-25 15:33:24.519186,1,,,0.0,1,e5y22b4i,,,,,0,1.0,0.0,SS_WS2526,79,,0.0,1,4,3,2025-11-25T15:33:25.138Z,0,2,1,1,79,,0.0,,,,,,,,,,,4,4,4,3,8,-999,-999,1,1,79,,0.0,7w1,aq6,44p,1cb,x,x,x,x,x,x,x,x,x,x,x,x,x,x,x,x,x,x,x,x,x,x,x,x,x,x,x,x,x,x,x,x,x,x,x,x,x,x,x,x,x,x,x,x,x,x,1,0,0,0,0,1,0,0,0,0,1,0,0,0,0,1,0,0,0,0,0,0,0,0,0,0,0,0,0,0,0,0,0,0,0,0,0,0,0,0,0,0,0,0,0,0,0,0,0,0,0,0,0,0,0,0,0,0,0,0,0,0,0,0,0,0,0,0,0,0,0,0,0,0,0,0,0,0,0,0,0,0,0,0,0,0,0,0,0,0,0,0,0,0,0,0,0,0,0,0,0,0,0,0,0,0,0,0,0,0,0,0,0,0,0,0,0,0,0,0,0,0,0,0,0,0,0,0,0,0,0,0,0,0,0,0,0,0,0,0,0,0,0,0,0,0,0,0,0,0,0,0,0,0,0,0,0,0,0,0,0,0,0,0,0,0,0,0,0,0,0,0,0,0,0,0,0,0,0,0,0,0,0,0,0,0,0,0,0,0,0,0,0,0,0,0,0,0,0,0,0,0,0,0,0,0,0,0,0,0,0,0,0,0,0,0,0,0,0,0,0,0,0,0,0,0,0,0,0,0,0,0,0,0,0,0,0,0,0,0,0,0,0,0,0,0,0,0,0,0,1,1,1,1,,,,,,,,,,,,,,,,,,,,,,,,,,,,,,,,,,,,,,,,,,,,,,,4,4,5,3,3,,,,,,,,,,,,,,,,,,,,,,,,,,,,,,,,,,,,,,,,,,,,,,,-999,-999,-999,1,1,79,,0.0,,,,2,2.7,,6,6,7,6,6,5,6,6,4,6,4,,,4,4,5,5,,,,,,,,,,,,,,,,,,,,,,,,,,,,,,,,,,,,,,,,,,,,,,,-999,-999,-999,1,1,79,,0.0,2,3,5,4,5,4,5,3,4,6,6,,,,,,,,,,,,,,,,,,,,,,,,,,,,,,,,,,,,,,,,,,,,,,,5,5,3,3,,,,,,,,,,,,,,,,,,,,,,,,,,,,,,,,,,,,,,,,,,,,,,,-999,1,1,79,,0.0,0,8,8,7,6,7,2,11,1,7,7,9,10,7,6,10,10,7,0,9,0,8,0,0,5,0,0,0,0,3,3,5,0,8,5,0,9,0,0,0,0,0,0,4,2,4,2,4,5,5,0,0,1,1,0,1,1,0,0,0,0,0,,1,1,-999,-999,-999,-999,-999,-999,1,1,79,,0.0,2,316836,qdi_316836,,2025-11-25T16:31:55.356Z,-999,,-999,-999,1,3,1,2,2,3,12,11,5,10,4,2,9,13,1,8,3,6,14,7,1,1,1,1,1
80,1nr2hguj,30d,0,23,23,app_end,End,2025-11-25 15:33:24.961698,1,,,0.0,1,e5y22b4i,,,,,0,1.0,0.0,SS_WS2526,80,,0.0,3,2,3,2025-11-25T15:33:26.004Z,0,2,1,1,80,,0.0,,,,,,,,,,,4,4,4,3,0,-999,-999,1,1,80,,0.0,rji,8ke,bjp,l7r,u5b,h3h,x,x,x,x,x,x,x,x,x,x,x,x,x,x,x,x,x,x,x,x,x,x,x,x,x,x,x,x,x,x,x,x,x,x,x,x,x,x,x,x,x,x,x,x,1,0,0,0,0,1,0,0,0,1,1,1,0,1,1,1,0,0,0,1,1,0,0,0,1,1,0,0,1,1,0,0,0,0,0,0,0,0,0,0,0,0,0,0,0,0,0,0,0,0,0,0,0,0,0,0,0,0,0,0,0,0,0,0,0,0,0,0,0,0,0,0,0,0,0,0,0,0,0,0,0,0,0,0,0,0,0,0,0,0,0,0,0,0,0,0,0,0,0,0,0,0,0,0,0,0,0,0,0,0,0,0,0,0,0,0,0,0,0,0,0,0,0,0,0,0,0,0,0,0,0,0,0,0,0,0,0,0,0,0,0,0,0,0,0,0,0,0,0,0,0,0,0,0,0,0,0,0,0,0,0,0,0,0,0,0,0,0,0,0,0,0,0,0,0,0,0,0,0,0,0,0,0,0,0,0,0,0,0,0,0,0,0,0,0,0,0,0,0,0,0,0,0,0,0,0,0,0,0,0,0,0,0,0,0,0,0,0,0,0,0,0,0,0,0,0,0,0,0,0,0,0,0,0,0,0,0,0,0,0,0,0,0,0,0,0,0,0,0,0,1,1,1,1,1,1,,,,,,,,,,,,,,,,,,,,,,,,,,,,,,,,,,,,,,,,,,,,,4,5,3,4,5,3,4,,,,,,,,,,,,,,,,,,,,,,,,,,,,,,,,,,,,,,,,,,,,,-999,-999,-999,1,1,80,,0.0,,,,3,2.7,3,3,2,6,4,4,5,6,5,5,6,3,,,10,8,6,9,7,5,,,,,,,,,,,,,,,,,,,,,,,,,,,,,,,,,,,,,,,,,,,,,-999,-999,-999,1,1,80,,0.0,2,5,3,0,3,4,6,4,6,5,6,7,0,,,,,,,,,,,,,,,,,,,,,,,,,,,,,,,,,,,,,,,,,,,,,1,1,1,1,1,1,,,,,,,,,,,,,,,,,,,,,,,,,,,,,,,,,,,,,,,,,,,,,-999,1,1,80,,0.0,0,8,8,4,3,0,1,11,0,1,1,9,4,1,1,2,1,0,0,4,0,1,0,0,3,0,0,0,0,2,1,1,1,9,0,0,7,0,0,0,0,0,0,4,4,2,3,4,5,5,0,0,0,1,0,1,1,1,0,0,0,0,,2,1,-999,-999,-999,-999,-999,-999,1,1,80,,0.0,2,751134,30d_751134,,2025-11-25T15:51:56.448Z,-999,,-999,-999,1,3,1,2,3,1,14,10,6,2,13,5,3,7,1,4,8,11,12,9,2,2,2,1,1
81,oo9b6c2b,w9x,0,23,23,app_end,End,2025-11-25 15:33:25.523761,1,,,0.0,1,e5y22b4i,,,,,0,1.0,0.0,SS_WS2526,81,,0.0,3,2,3,2025-11-25T15:33:26.805Z,0,2,1,1,81,,0.0,,,,,,,,,,,4,3,4,3,0,-999,-999,1,1,81,,0.0,joy,g52,x,x,x,x,x,x,x,x,x,x,x,x,x,x,x,x,x,x,x,x,x,x,x,x,x,x,x,x,x,x,x,x,x,x,x,x,x,x,x,x,x,x,x,x,x,x,x,x,1,0,0,1,1,1,0,0,0,1,0,0,0,0,0,0,0,0,0,0,0,0,0,0,0,0,0,0,0,0,0,0,0,0,0,0,0,0,0,0,0,0,0,0,0,0,0,0,0,0,0,0,0,0,0,0,0,0,0,0,0,0,0,0,0,0,0,0,0,0,0,0,0,0,0,0,0,0,0,0,0,0,0,0,0,0,0,0,0,0,0,0,0,0,0,0,0,0,0,0,0,0,0,0,0,0,0,0,0,0,0,0,0,0,0,0,0,0,0,0,0,0,0,0,0,0,0,0,0,0,0,0,0,0,0,0,0,0,0,0,0,0,0,0,0,0,0,0,0,0,0,0,0,0,0,0,0,0,0,0,0,0,0,0,0,0,0,0,0,0,0,0,0,0,0,0,0,0,0,0,0,0,0,0,0,0,0,0,0,0,0,0,0,0,0,0,0,0,0,0,0,0,0,0,0,0,0,0,0,0,0,0,0,0,0,0,0,0,0,0,0,0,0,0,0,0,0,0,0,0,0,0,0,0,0,0,0,0,0,0,0,0,0,0,0,0,0,0,0,0,1,1,,,,,,,,,,,,,,,,,,,,,,,,,,,,,,,,,,,,,,,,,,,,,,,,,5,5,5,,,,,,,,,,,,,,,,,,,,,,,,,,,,,,,,,,,,,,,,,,,,,,,,,-999,-999,-999,1,1,81,,0.0,,,,3,2.0,2,5,4,5,6,7,5,7,6,5,7,6,,,3,5,,,,,,,,,,,,,,,,,,,,,,,,,,,,,,,,,,,,,,,,,,,,,,,,,-999,-999,-999,1,1,81,,0.0,2,5,3,3,4,3,6,6,6,,,,,,,,,,,,,,,,,,,,,,,,,,,,,,,,,,,,,,,,,,,,,,,,,2,2,,,,,,,,,,,,,,,,,,,,,,,,,,,,,,,,,,,,,,,,,,,,,,,,,-999,1,1,81,,0.0,3,7,8,4,4,6,1,11,7,8,6,10,8,5,1,4,2,7,7,9,0,1,0,5,5,0,6,0,0,5,1,1,1,8,3,0,8,8,0,0,0,0,0,4,4,4,3,4,4,4,0,0,0,1,1,1,1,1,1,0,0,0,,2,0,-999,-999,-999,-999,-999,-999,1,1,81,,0.0,1,430520,w9x_430520,,2025-11-25T15:46:15.444Z,-999,,-999,,3,2,1,2,3,1,14,8,9,2,10,7,6,11,12,4,13,3,1,5,2,2,2,1,1
82,ptj3g1js,cos,0,23,23,app_end,End,2025-11-25 15:33:25.294862,1,,,0.0,1,e5y22b4i,,,,,0,1.0,0.0,SS_WS2526,82,,0.0,3,2,3,2025-11-25T15:33:26.013Z,0,2,1,1,82,,0.0,,,,,,,,,,,4,3,4,3,,-999,-999,1,1,82,,0.0,epz,6nj,ats,vkx,tmy,x,x,x,x,x,x,x,x,x,x,x,x,x,x,x,x,x,x,x,x,x,x,x,x,x,x,x,x,x,x,x,x,x,x,x,x,x,x,x,x,x,x,x,x,x,1,0,0,1,1,1,1,1,1,1,1,1,1,1,1,1,0,0,0,0,0,0,0,0,0,0,0,0,0,0,0,0,0,0,0,0,0,0,0,0,0,0,0,0,0,0,0,0,0,0,0,0,0,0,0,0,0,0,0,0,0,0,0,0,0,0,0,0,0,0,0,0,0,0,0,0,0,0,0,0,0,0,0,0,0,0,0,0,0,0,0,0,0,0,0,0,0,0,0,0,0,0,0,0,0,0,0,0,0,0,0,0,0,0,0,0,0,0,0,0,0,0,0,0,0,0,0,0,0,0,0,0,0,0,0,0,0,0,0,0,0,0,0,0,0,0,0,0,0,0,0,0,0,0,0,0,0,0,0,0,0,0,0,0,0,0,0,0,0,0,0,0,0,0,0,0,0,0,0,0,0,0,0,0,0,0,0,0,0,0,0,0,0,0,0,0,0,0,0,0,0,0,0,0,0,0,0,0,0,0,0,0,0,0,0,0,0,0,0,0,0,0,0,0,0,0,0,0,0,0,0,0,0,0,0,0,0,0,0,0,0,0,0,0,0,0,0,0,0,0,1,1,1,1,2,,,,,,,,,,,,,,,,,,,,,,,,,,,,,,,,,,,,,,,,,,,,,,4,2,3,4,3,0,,,,,,,,,,,,,,,,,,,,,,,,,,,,,,,,,,,,,,,,,,,,,,-999,-999,-999,1,1,82,,0.0,,,,1,2.3,3,6,6,3,7,4,5,7,3,4,6,7,,,4,0,4,6,0,,,,,,,,,,,,,,,,,,,,,,,,,,,,,,,,,,,,,,,,,,,,,,-999,-999,-999,1,1,82,,0.0,2,2,1,1,2,4,7,7,7,7,7,0,,,,,,,,,,,,,,,,,,,,,,,,,,,,,,,,,,,,,,,,,,,,,,2,2,2,2,0,,,,,,,,,,,,,,,,,,,,,,,,,,,,,,,,,,,,,,,,,,,,,,-999,1,1,82,,0.0,7,8,8,4,4,7,1,11,8,2,2,9,10,2,1,9,1,10,10,11,0,1,0,2,2,10,9,0,0,1,1,1,1,8,1,0,11,0,0,0,0,0,0,4,3,4,3,4,4,4,0,0,0,0,0,0,1,1,0,0,0,0,,1,1,-999,-999,-999,-999,-999,-999,1,1,82,,0.0,1,813344,cos_813344,,2025-11-25T15:49:27.541Z,-999,,-999,,3,2,3,2,3,1,13,5,12,9,4,11,14,1,3,7,8,10,6,2,2,1,2,1,1
83,v8ygdbv2,twg,0,23,23,app_end,End,2025-11-25 15:33:25.315371,1,,,0.0,1,e5y22b4i,,,,,0,1.0,0.0,SS_WS2526,83,,0.0,2,4,3,2025-11-25T15:33:26.392Z,1,3,1,1,83,,0.0,,,,,,,,,,,2,3,2,2,0,-999,-999,1,1,83,,0.0,x,x,x,x,x,x,x,x,x,x,x,x,x,x,x,x,x,x,x,x,x,x,x,x,x,x,x,x,x,x,x,x,x,x,x,x,x,x,x,x,x,x,x,x,x,x,x,x,x,x,0,0,0,0,0,0,0,0,0,0,0,0,0,0,0,0,0,0,0,0,0,0,0,0,0,0,0,0,0,0,0,0,0,0,0,0,0,0,0,0,0,0,0,0,0,0,0,0,0,0,0,0,0,0,0,0,0,0,0,0,0,0,0,0,0,0,0,0,0,0,0,0,0,0,0,0,0,0,0,0,0,0,0,0,0,0,0,0,0,0,0,0,0,0,0,0,0,0,0,0,0,0,0,0,0,0,0,0,0,0,0,0,0,0,0,0,0,0,0,0,0,0,0,0,0,0,0,0,0,0,0,0,0,0,0,0,0,0,0,0,0,0,0,0,0,0,0,0,0,0,0,0,0,0,0,0,0,0,0,0,0,0,0,0,0,0,0,0,0,0,0,0,0,0,0,0,0,0,0,0,0,0,0,0,0,0,0,0,0,0,0,0,0,0,0,0,0,0,0,0,0,0,0,0,0,0,0,0,0,0,0,0,0,0,0,0,0,0,0,0,0,0,0,0,0,0,0,0,0,0,0,0,0,0,0,0,0,0,0,0,0,0,0,0,0,0,0,0,0,0,,,,,,,,,,,,,,,,,,,,,,,,,,,,,,,,,,,,,,,,,,,,,,,,,,,3,,,,,,,,,,,,,,,,,,,,,,,,,,,,,,,,,,,,,,,,,,,,,,,,,,,-999,-999,-999,1,1,83,,0.0,,,,5,3.0,10,3,3,5,2,3,3,5,5,5,1,6,,,,,,,,,,,,,,,,,,,,,,,,,,,,,,,,,,,,,,,,,,,,,,,,,,,,,-999,-999,-999,1,1,83,,0.0,4,4,4,4,4,4,5,,,,,,,,,,,,,,,,,,,,,,,,,,,,,,,,,,,,,,,,,,,,,,,,,,,,,,,,,,,,,,,,,,,,,,,,,,,,,,,,,,,,,,,,,,,,,,,,,,,,,-999,1,1,83,,0.0,11,0,0,0,0,0,0,0,0,0,0,0,0,0,0,0,0,0,0,0,0,0,0,0,0,0,0,0,0,0,0,0,0,0,0,0,0,0,0,0,0,0,0,1,0,0,0,0,0,0,0,1,0,1,0,1,0,0,0,0,0,0,,1,1,-999,-999,-999,-999,-999,-999,1,1,83,,0.0,0,399521,twg_399521,,2025-11-25T15:40:25.748Z,-999,,-999,-999,2,3,3,2,2,1,6,2,10,4,8,3,7,14,1,11,9,12,13,5,2,1,2,1,1
84,ppzhtl3p,wv9,0,23,23,app_end,End,2025-11-25 15:33:25.394222,1,,,0.0,1,e5y22b4i,,,,,0,1.0,0.0,SS_WS2526,84,,0.0,3,2,3,2025-11-25T15:33:26.743Z,0,2,1,1,84,,0.0,,,,,,,,,,,5,4,3,3,0,-999,-999,1,1,84,,0.0,cav,n4r,l9e,x,x,x,x,x,x,x,x,x,x,x,x,x,x,x,x,x,x,x,x,x,x,x,x,x,x,x,x,x,x,x,x,x,x,x,x,x,x,x,x,x,x,x,x,x,x,x,1,0,1,1,0,1,0,0,1,1,1,0,0,1,1,0,0,0,0,0,0,0,0,0,0,0,0,0,0,0,0,0,0,0,0,0,0,0,0,0,0,0,0,0,0,0,0,0,0,0,0,0,0,0,0,0,0,0,0,0,0,0,0,0,0,0,0,0,0,0,0,0,0,0,0,0,0,0,0,0,0,0,0,0,0,0,0,0,0,0,0,0,0,0,0,0,0,0,0,0,0,0,0,0,0,0,0,0,0,0,0,0,0,0,0,0,0,0,0,0,0,0,0,0,0,0,0,0,0,0,0,0,0,0,0,0,0,0,0,0,0,0,0,0,0,0,0,0,0,0,0,0,0,0,0,0,0,0,0,0,0,0,0,0,0,0,0,0,0,0,0,0,0,0,0,0,0,0,0,0,0,0,0,0,0,0,0,0,0,0,0,0,0,0,0,0,0,0,0,0,0,0,0,0,0,0,0,0,0,0,0,0,0,0,0,0,0,0,0,0,0,0,0,0,0,0,0,0,0,0,0,0,0,0,0,0,0,0,0,0,0,0,0,0,0,0,0,0,0,0,1,1,1,,,,,,,,,,,,,,,,,,,,,,,,,,,,,,,,,,,,,,,,,,,,,,,,3,3,3,3,,,,,,,,,,,,,,,,,,,,,,,,,,,,,,,,,,,,,,,,,,,,,,,,-999,-999,-999,1,1,84,,0.0,,,,1,3.3,4,1,4,7,7,7,6,5,7,7,7,7,,,6,6,6,,,,,,,,,,,,,,,,,,,,,,,,,,,,,,,,,,,,,,,,,,,,,,,,-999,-999,-999,1,1,84,,0.0,2,0,3,4,6,3,6,6,6,6,,,,,,,,,,,,,,,,,,,,,,,,,,,,,,,,,,,,,,,,,,,,,,,,2,2,2,,,,,,,,,,,,,,,,,,,,,,,,,,,,,,,,,,,,,,,,,,,,,,,,-999,1,1,84,,0.0,7,6,7,5,3,5,1,11,8,4,1,8,11,8,1,8,3,0,0,11,0,1,0,8,2,0,8,1,0,3,1,1,1,11,0,0,9,9,0,5,0,0,0,5,3,4,4,4,4,4,0,0,0,1,0,1,1,1,1,0,0,1,,2,1,-999,-999,-999,-999,-999,-999,1,1,84,,0.0,0,935020,wv9_935020,,2025-11-25T15:43:36.965Z,-999,,-999,-999,1,3,3,2,2,1,3,7,11,1,4,2,5,9,8,14,12,13,6,10,2,2,1,1,1
85,l7r5pfti,z63,0,23,23,app_end,End,2025-11-25 15:33:25.509728,1,,,0.0,1,e5y22b4i,,,,,0,1.0,0.0,SS_WS2526,85,,0.0,3,2,3,2025-11-25T15:33:26.791Z,0,1,1,1,85,,0.0,,,,,,,,,,,4,2,4,2,10,-999,-999,1,1,85,,0.0,x,x,x,x,x,x,x,x,x,x,x,x,x,x,x,x,x,x,x,x,x,x,x,x,x,x,x,x,x,x,x,x,x,x,x,x,x,x,x,x,x,x,x,x,x,x,x,x,x,x,0,0,0,0,0,0,0,0,0,0,0,0,0,0,0,0,0,0,0,0,0,0,0,0,0,0,0,0,0,0,0,0,0,0,0,0,0,0,0,0,0,0,0,0,0,0,0,0,0,0,0,0,0,0,0,0,0,0,0,0,0,0,0,0,0,0,0,0,0,0,0,0,0,0,0,0,0,0,0,0,0,0,0,0,0,0,0,0,0,0,0,0,0,0,0,0,0,0,0,0,0,0,0,0,0,0,0,0,0,0,0,0,0,0,0,0,0,0,0,0,0,0,0,0,0,0,0,0,0,0,0,0,0,0,0,0,0,0,0,0,0,0,0,0,0,0,0,0,0,0,0,0,0,0,0,0,0,0,0,0,0,0,0,0,0,0,0,0,0,0,0,0,0,0,0,0,0,0,0,0,0,0,0,0,0,0,0,0,0,0,0,0,0,0,0,0,0,0,0,0,0,0,0,0,0,0,0,0,0,0,0,0,0,0,0,0,0,0,0,0,0,0,0,0,0,0,0,0,0,0,0,0,0,0,0,0,0,0,0,0,0,0,0,0,0,0,0,0,0,0,,,,,,,,,,,,,,,,,,,,,,,,,,,,,,,,,,,,,,,,,,,,,,,,,,,,,,,,,,,,,,,,,,,,,,,,,,,,,,,,,,,,,,,,,,,,,,,,,,,,,,-999,-999,-999,1,1,85,,0.0,,,,5,1.3,5,4,3,4,4,6,7,7,3,5,3,4,,,,,,,,,,,,,,,,,,,,,,,,,,,,,,,,,,,,,,,,,,,,,,,,,,,,,-999,-999,-999,1,1,85,,0.0,4,4,4,4,3,3,5,,,,,,,,,,,,,,,,,,,,,,,,,,,,,,,,,,,,,,,,,,,,,,,,,,,,,,,,,,,,,,,,,,,,,,,,,,,,,,,,,,,,,,,,,,,,,,,,,,,,,-999,1,1,85,,0.0,5,8,9,4,4,6,1,10,0,8,7,7,9,9,6,6,6,0,0,8,0,1,0,5,3,0,7,0,0,8,1,1,1,9,3,0,6,7,0,0,0,0,0,2,4,2,4,4,4,4,0,0,0,1,0,1,1,1,0,0,0,0,,2,1,-999,-999,-999,-999,-999,-999,1,1,85,,0.0,1,339561,z63_339561,,2025-11-25T15:44:31.783Z,-999,,-999,,1,3,1,2,3,1,1,11,8,13,7,3,9,10,12,6,14,5,2,4,2,1,2,1,1
86,65k9gxpe,ats,0,23,23,app_end,End,2025-11-25 15:33:26.017691,1,,,0.0,1,e5y22b4i,,,,,0,1.0,0.0,SS_WS2526,86,,0.0,3,2,3,2025-11-25T15:33:27.221Z,0,2,1,1,86,,0.0,,,,,,,,,,,3,3,3,3,0,-999,-999,1,1,86,,0.0,6nj,cos,epz,yc4,x,x,x,x,x,x,x,x,x,x,x,x,x,x,x,x,x,x,x,x,x,x,x,x,x,x,x,x,x,x,x,x,x,x,x,x,x,x,x,x,x,x,x,x,x,x,1,0,0,1,1,1,0,0,1,1,1,0,0,1,0,1,0,0,1,1,0,0,0,0,0,0,0,0,0,0,0,0,0,0,0,0,0,0,0,0,0,0,0,0,0,0,0,0,0,0,0,0,0,0,0,0,0,0,0,0,0,0,0,0,0,0,0,0,0,0,0,0,0,0,0,0,0,0,0,0,0,0,0,0,0,0,0,0,0,0,0,0,0,0,0,0,0,0,0,0,0,0,0,0,0,0,0,0,0,0,0,0,0,0,0,0,0,0,0,0,0,0,0,0,0,0,0,0,0,0,0,0,0,0,0,0,0,0,0,0,0,0,0,0,0,0,0,0,0,0,0,0,0,0,0,0,0,0,0,0,0,0,0,0,0,0,0,0,0,0,0,0,0,0,0,0,0,0,0,0,0,0,0,0,0,0,0,0,0,0,0,0,0,0,0,0,0,0,0,0,0,0,0,0,0,0,0,0,0,0,0,0,0,0,0,0,0,0,0,0,0,0,0,0,0,0,0,0,0,0,0,0,0,0,0,0,0,0,0,0,0,0,0,0,0,0,0,0,0,0,1,1,1,2,,,,,,,,,,,,,,,,,,,,,,,,,,,,,,,,,,,,,,,,,,,,,,,4,2,5,5,3,,,,,,,,,,,,,,,,,,,,,,,,,,,,,,,,,,,,,,,,,,,,,,,-999,-999,-999,1,1,86,,0.0,,,,3,2.3,2,3,3,5,4,6,5,7,6,6,4,5,,,0,5,5,4,,,,,,,,,,,,,,,,,,,,,,,,,,,,,,,,,,,,,,,,,,,,,,,-999,-999,-999,1,1,86,,0.0,1,4,1,1,1,1,7,7,7,7,7,,,,,,,,,,,,,,,,,,,,,,,,,,,,,,,,,,,,,,,,,,,,,,,1,1,1,1,,,,,,,,,,,,,,,,,,,,,,,,,,,,,,,,,,,,,,,,,,,,,,,-999,1,1,86,,0.0,7,8,9,5,4,7,1,11,0,4,3,10,10,5,1,3,1,9,9,9,0,1,0,8,3,0,9,1,0,4,1,1,1,9,1,0,11,4,0,0,0,0,0,5,4,4,3,4,4,4,0,0,0,1,0,0,1,1,1,0,0,0,,1,1,-999,-999,-999,-999,-999,-999,1,1,86,,0.0,2,290221,ats_290221,,2025-11-25T15:50:56.141Z,-999,,-999,-999,3,2,3,2,1,3,9,4,7,14,1,10,8,12,3,6,5,2,13,11,2,2,1,1,1
87,3xhevrig,b9u,0,23,23,app_end,End,2025-11-25 15:33:26.028408,1,,,0.0,1,e5y22b4i,,,,,0,1.0,0.0,SS_WS2526,87,,0.0,3,2,3,2025-11-25T15:33:28.072Z,0,2,1,1,87,,0.0,,,,,,,,,,,2,3,4,3,0,-999,-999,1,1,87,,0.0,vhs,70l,x,x,x,x,x,x,x,x,x,x,x,x,x,x,x,x,x,x,x,x,x,x,x,x,x,x,x,x,x,x,x,x,x,x,x,x,x,x,x,x,x,x,x,x,x,x,x,x,0,0,0,1,0,0,0,0,0,0,0,0,0,0,0,0,0,0,0,0,0,0,0,0,0,0,0,0,0,0,0,0,0,0,0,0,0,0,0,0,0,0,0,0,0,0,0,0,0,0,0,0,0,0,0,0,0,0,0,0,0,0,0,0,0,0,0,0,0,0,0,0,0,0,0,0,0,0,0,0,0,0,0,0,0,0,0,0,0,0,0,0,0,0,0,0,0,0,0,0,0,0,0,0,0,0,0,0,0,0,0,0,0,0,0,0,0,0,0,0,0,0,0,0,0,0,0,0,0,0,0,0,0,0,0,0,0,0,0,0,0,0,0,0,0,0,0,0,0,0,0,0,0,0,0,0,0,0,0,0,0,0,0,0,0,0,0,0,0,0,0,0,0,0,0,0,0,0,0,0,0,0,0,0,0,0,0,0,0,0,0,0,0,0,0,0,0,0,0,0,0,0,0,0,0,0,0,0,0,0,0,0,0,0,0,0,0,0,0,0,0,0,0,0,0,0,0,0,0,0,0,0,0,0,0,0,0,0,0,0,0,0,0,0,0,0,0,0,0,0,1,2,,,,,,,,,,,,,,,,,,,,,,,,,,,,,,,,,,,,,,,,,,,,,,,,,3,,3,,,,,,,,,,,,,,,,,,,,,,,,,,,,,,,,,,,,,,,,,,,,,,,,,-999,-999,-999,1,1,87,,0.0,,,,1,3.0,3,6,3,4,5,4,3,6,7,4,3,6,,,4,4,,,,,,,,,,,,,,,,,,,,,,,,,,,,,,,,,,,,,,,,,,,,,,,,,-999,-999,-999,1,1,87,,0.0,1,3,4,4,3,4,6,6,6,,,,,,,,,,,,,,,,,,,,,,,,,,,,,,,,,,,,,,,,,,,,,,,,,2,2,,,,,,,,,,,,,,,,,,,,,,,,,,,,,,,,,,,,,,,,,,,,,,,,,-999,1,1,87,,0.0,6,9,9,5,3,7,1,11,0,4,3,6,9,5,1,10,0,0,8,9,0,1,0,0,2,2,0,1,0,3,1,1,0,6,0,0,10,5,0,0,0,0,0,4,3,4,4,2,2,1,0,0,0,1,0,1,1,1,1,0,0,1,,1,1,-999,-999,-999,-999,-999,-999,1,1,87,,0.0,2,805873,b9u_805873,,2025-11-25T15:44:21.113Z,-999,,-999,-999,1,3,1,2,2,3,8,11,6,9,10,7,2,13,5,4,3,14,1,12,2,1,2,1,1
88,bei0ysb1,y03,0,23,23,app_end,End,2025-11-25 15:33:25.900043,1,,,0.0,1,e5y22b4i,,,,,0,1.0,0.0,SS_WS2526,88,,0.0,1,4,3,2025-11-25T15:33:27.219Z,0,2,1,1,88,,0.0,,,,,,,,,,,4,3,3,3,0,-999,-999,1,1,88,,0.0,mtz,x,x,x,x,x,x,x,x,x,x,x,x,x,x,x,x,x,x,x,x,x,x,x,x,x,x,x,x,x,x,x,x,x,x,x,x,x,x,x,x,x,x,x,x,x,x,x,x,x,1,0,0,0,0,0,0,0,0,0,0,0,0,0,0,0,0,0,0,0,0,0,0,0,0,0,0,0,0,0,0,0,0,0,0,0,0,0,0,0,0,0,0,0,0,0,0,0,0,0,0,0,0,0,0,0,0,0,0,0,0,0,0,0,0,0,0,0,0,0,0,0,0,0,0,0,0,0,0,0,0,0,0,0,0,0,0,0,0,0,0,0,0,0,0,0,0,0,0,0,0,0,0,0,0,0,0,0,0,0,0,0,0,0,0,0,0,0,0,0,0,0,0,0,0,0,0,0,0,0,0,0,0,0,0,0,0,0,0,0,0,0,0,0,0,0,0,0,0,0,0,0,0,0,0,0,0,0,0,0,0,0,0,0,0,0,0,0,0,0,0,0,0,0,0,0,0,0,0,0,0,0,0,0,0,0,0,0,0,0,0,0,0,0,0,0,0,0,0,0,0,0,0,0,0,0,0,0,0,0,0,0,0,0,0,0,0,0,0,0,0,0,0,0,0,0,0,0,0,0,0,0,0,0,0,0,0,0,0,0,0,0,0,0,0,0,0,0,0,0,1,,,,,,,,,,,,,,,,,,,,,,,,,,,,,,,,,,,,,,,,,,,,,,,,,,3,7,,,,,,,,,,,,,,,,,,,,,,,,,,,,,,,,,,,,,,,,,,,,,,,,,,-999,-999,-999,1,1,88,,0.0,,,,6,4.0,12,3,4,5,2,4,1,6,6,7,6,1,,,10,,,,,,,,,,,,,,,,,,,,,,,,,,,,,,,,,,,,,,,,,,,,,,,,,,-999,-999,-999,1,1,88,,0.0,2,7,1,1,2,2,5,4,,,,,,,,,,,,,,,,,,,,,,,,,,,,,,,,,,,,,,,,,,,,,,,,,,4,,,,,,,,,,,,,,,,,,,,,,,,,,,,,,,,,,,,,,,,,,,,,,,,,,-999,1,1,88,,0.0,6,8,9,6,4,7,3,11,7,2,1,3,3,1,1,10,3,6,0,9,0,1,0,2,2,2,4,1,8,3,5,1,3,6,2,0,8,0,0,0,0,0,0,4,1,4,2,4,4,3,0,0,0,0,0,0,0,0,0,0,0,0,,1,1,-999,-999,-999,-999,-999,-999,1,1,88,,0.0,2,110189,y03_110189,,2025-11-25T15:43:39.014Z,-999,,-999,-999,3,1,1,3,1,3,10,2,1,12,7,3,4,8,5,13,6,11,9,14,1,1,2,1,1
89,7rynzpg8,nre,0,23,23,app_end,End,2025-11-25 15:33:26.070902,1,,,0.0,1,e5y22b4i,,,,,0,1.0,0.0,SS_WS2526,89,,0.0,3,1,3,2025-11-25T15:33:27.911Z,0,1,1,1,89,,0.0,,,,,,,,,,,3,3,3,3,8,-999,-999,1,1,89,,0.0,98q,vug,upq,6z8,n64,hyf,oev,rji,x,x,x,x,x,x,x,x,x,x,x,x,x,x,x,x,x,x,x,x,x,x,x,x,x,x,x,x,x,x,x,x,x,x,x,x,x,x,x,x,x,x,1,0,1,1,1,1,0,1,1,1,1,0,1,1,1,1,0,1,1,1,1,0,1,1,1,1,0,1,1,1,1,0,0,0,1,1,0,0,0,0,0,0,0,0,0,0,0,0,0,0,0,0,0,0,0,0,0,0,0,0,0,0,0,0,0,0,0,0,0,0,0,0,0,0,0,0,0,0,0,0,0,0,0,0,0,0,0,0,0,0,0,0,0,0,0,0,0,0,0,0,0,0,0,0,0,0,0,0,0,0,0,0,0,0,0,0,0,0,0,0,0,0,0,0,0,0,0,0,0,0,0,0,0,0,0,0,0,0,0,0,0,0,0,0,0,0,0,0,0,0,0,0,0,0,0,0,0,0,0,0,0,0,0,0,0,0,0,0,0,0,0,0,0,0,0,0,0,0,0,0,0,0,0,0,0,0,0,0,0,0,0,0,0,0,0,0,0,0,0,0,0,0,0,0,0,0,0,0,0,0,0,0,0,0,0,0,0,0,0,0,0,0,0,0,0,0,0,0,0,0,0,0,0,0,0,0,0,0,0,0,0,0,0,0,0,0,0,0,0,0,1,1,1,1,1,1,1,2,,,,,,,,,,,,,,,,,,,,,,,,,,,,,,,,,,,,,,,,,,,3,2,2,2,2,2,2,2,3,,,,,,,,,,,,,,,,,,,,,,,,,,,,,,,,,,,,,,,,,,,-999,-999,-999,1,1,89,,0.0,,,,2,3.0,1,4,3,4,3,3,3,5,4,3,6,5,,,4,4,4,4,4,4,4,5,,,,,,,,,,,,,,,,,,,,,,,,,,,,,,,,,,,,,,,,,,,-999,-999,-999,1,1,89,,0.0,2,5,3,3,4,4,4,7,7,7,7,7,7,7,5,,,,,,,,,,,,,,,,,,,,,,,,,,,,,,,,,,,,,,,,,,,2,2,2,2,2,2,2,2,,,,,,,,,,,,,,,,,,,,,,,,,,,,,,,,,,,,,,,,,,,-999,1,1,89,,0.0,7,8,9,5,4,9,1,10,8,2,2,8,10,2,2,10,2,11,11,11,0,1,0,1,1,0,8,1,0,3,1,1,1,8,0,8,10,11,0,0,0,0,0,0,0,0,0,0,0,0,0,0,0,1,0,1,1,1,1,0,0,0,,2,1,-999,-999,-999,-999,-999,-999,1,1,89,,0.0,2,135297,nre_135297,,2025-11-25T15:49:36.061Z,-999,,-999,-999,1,3,2,3,2,1,3,4,14,2,9,7,1,11,8,13,12,5,6,10,1,1,2,1,1
90,a92bov9e,0dz,0,23,23,app_end,End,2025-11-25 15:33:26.420725,1,,,0.0,1,e5y22b4i,,,,,0,1.0,0.0,SS_WS2526,90,,0.0,3,2,3,2025-11-25T15:33:27.702Z,0,2,1,1,90,,0.0,,,,,,,,,,,4,2,4,2,0,-999,-999,1,1,90,,0.0,xfz,x,x,x,x,x,x,x,x,x,x,x,x,x,x,x,x,x,x,x,x,x,x,x,x,x,x,x,x,x,x,x,x,x,x,x,x,x,x,x,x,x,x,x,x,x,x,x,x,x,1,0,1,0,0,0,0,0,0,0,0,0,0,0,0,0,0,0,0,0,0,0,0,0,0,0,0,0,0,0,0,0,0,0,0,0,0,0,0,0,0,0,0,0,0,0,0,0,0,0,0,0,0,0,0,0,0,0,0,0,0,0,0,0,0,0,0,0,0,0,0,0,0,0,0,0,0,0,0,0,0,0,0,0,0,0,0,0,0,0,0,0,0,0,0,0,0,0,0,0,0,0,0,0,0,0,0,0,0,0,0,0,0,0,0,0,0,0,0,0,0,0,0,0,0,0,0,0,0,0,0,0,0,0,0,0,0,0,0,0,0,0,0,0,0,0,0,0,0,0,0,0,0,0,0,0,0,0,0,0,0,0,0,0,0,0,0,0,0,0,0,0,0,0,0,0,0,0,0,0,0,0,0,0,0,0,0,0,0,0,0,0,0,0,0,0,0,0,0,0,0,0,0,0,0,0,0,0,0,0,0,0,0,0,0,0,0,0,0,0,0,0,0,0,0,0,0,0,0,0,0,0,0,0,0,0,0,0,0,0,0,0,0,0,0,0,0,0,0,0,1,,,,,,,,,,,,,,,,,,,,,,,,,,,,,,,,,,,,,,,,,,,,,,,,,,3,4,,,,,,,,,,,,,,,,,,,,,,,,,,,,,,,,,,,,,,,,,,,,,,,,,,-999,-999,-999,1,1,90,,0.0,,,,0,2.7,2,5,5,3,2,3,4,5,2,5,6,5,,,4,,,,,,,,,,,,,,,,,,,,,,,,,,,,,,,,,,,,,,,,,,,,,,,,,,-999,-999,-999,1,1,90,,0.0,1,2,2,2,2,2,7,5,,,,,,,,,,,,,,,,,,,,,,,,,,,,,,,,,,,,,,,,,,,,,,,,,,2,,,,,,,,,,,,,,,,,,,,,,,,,,,,,,,,,,,,,,,,,,,,,,,,,,-999,1,1,90,,0.0,3,7,8,4,4,7,1,11,8,3,3,10,9,3,1,9,2,9,10,9,8,1,3,4,3,5,9,1,8,3,1,1,2,5,2,8,2,8,2,10,3,1,8,4,3,5,2,4,4,4,1,1,1,1,1,1,0,1,1,1,1,1,,1,1,-999,-999,-999,-999,-999,-999,1,1,90,,0.0,1,331386,0dz_331386,,2025-11-25T15:46:15.613Z,-999,,-999,,2,3,1,2,2,1,6,5,7,2,9,11,8,4,14,3,10,12,1,13,2,1,1,1,1
91,3a0j6qq1,yvz,0,23,23,app_end,End,2025-11-25 15:33:26.514113,1,,,0.0,1,e5y22b4i,,,,,0,1.0,0.0,SS_WS2526,91,,0.0,2,4,3,2025-11-25T15:33:28.825Z,0,3,1,1,91,,0.0,,,,,,,,,,,3,4,2,2,,-999,-999,1,1,91,,0.0,x,x,x,x,x,x,x,x,x,x,x,x,x,x,x,x,x,x,x,x,x,x,x,x,x,x,x,x,x,x,x,x,x,x,x,x,x,x,x,x,x,x,x,x,x,x,x,x,x,x,0,0,0,0,0,0,0,0,0,0,0,0,0,0,0,0,0,0,0,0,0,0,0,0,0,0,0,0,0,0,0,0,0,0,0,0,0,0,0,0,0,0,0,0,0,0,0,0,0,0,0,0,0,0,0,0,0,0,0,0,0,0,0,0,0,0,0,0,0,0,0,0,0,0,0,0,0,0,0,0,0,0,0,0,0,0,0,0,0,0,0,0,0,0,0,0,0,0,0,0,0,0,0,0,0,0,0,0,0,0,0,0,0,0,0,0,0,0,0,0,0,0,0,0,0,0,0,0,0,0,0,0,0,0,0,0,0,0,0,0,0,0,0,0,0,0,0,0,0,0,0,0,0,0,0,0,0,0,0,0,0,0,0,0,0,0,0,0,0,0,0,0,0,0,0,0,0,0,0,0,0,0,0,0,0,0,0,0,0,0,0,0,0,0,0,0,0,0,0,0,0,0,0,0,0,0,0,0,0,0,0,0,0,0,0,0,0,0,0,0,0,0,0,0,0,0,0,0,0,0,0,0,0,0,0,0,0,0,0,0,0,0,0,0,0,0,0,0,0,0,,,,,,,,,,,,,,,,,,,,,,,,,,,,,,,,,,,,,,,,,,,,,,,,,,,1,,,,,,,,,,,,,,,,,,,,,,,,,,,,,,,,,,,,,,,,,,,,,,,,,,,-999,-999,-999,1,1,91,,0.0,,,,6,3.7,,2,4,4,7,4,7,3,7,4,3,3,,,,,,,,,,,,,,,,,,,,,,,,,,,,,,,,,,,,,,,,,,,,,,,,,,,,,-999,-999,-999,1,1,91,,0.0,1,2,1,1,1,1,7,,,,,,,,,,,,,,,,,,,,,,,,,,,,,,,,,,,,,,,,,,,,,,,,,,,,,,,,,,,,,,,,,,,,,,,,,,,,,,,,,,,,,,,,,,,,,,,,,,,,,-999,1,1,91,,0.0,6,9,9,8,6,9,4,10,9,1,1,1,1,1,1,5,1,1,1,4,2,1,5,1,1,1,1,1,6,1,1,1,1,1,1,5,9,1,1,1,1,1,1,5,1,5,1,5,3,5,0,0,0,1,0,0,0,0,0,0,0,0,,1,1,-999,-999,-999,-999,-999,-999,1,1,91,,0.0,1,135819,yvz_135819,,2025-11-25T15:42:10.025Z,-999,,-999,,3,1,3,1,1,2,8,7,12,9,10,6,11,13,4,2,5,14,1,3,1,1,1,1,1
92,7c2bm3e9,vkx,0,23,23,app_end,End,2025-11-25 15:33:27.357933,1,,,0.0,1,e5y22b4i,,,,,0,1.0,0.0,SS_WS2526,92,,0.0,3,2,3,2025-11-25T15:33:28.498Z,0,2,1,1,92,,0.0,,,,,,,,,,,4,4,,4,0,-999,-999,1,1,92,,0.0,epz,tmy,cos,6nj,ats,x,x,x,x,x,x,x,x,x,x,x,x,x,x,x,x,x,x,x,x,x,x,x,x,x,x,x,x,x,x,x,x,x,x,x,x,x,x,x,x,x,x,x,x,x,1,0,0,0,1,1,0,0,0,0,1,0,0,0,0,1,0,0,0,0,1,0,0,0,0,0,0,0,0,0,0,0,0,0,0,0,0,0,0,0,0,0,0,0,0,0,0,0,0,0,0,0,0,0,0,0,0,0,0,0,0,0,0,0,0,0,0,0,0,0,0,0,0,0,0,0,0,0,0,0,0,0,0,0,0,0,0,0,0,0,0,0,0,0,0,0,0,0,0,0,0,0,0,0,0,0,0,0,0,0,0,0,0,0,0,0,0,0,0,0,0,0,0,0,0,0,0,0,0,0,0,0,0,0,0,0,0,0,0,0,0,0,0,0,0,0,0,0,0,0,0,0,0,0,0,0,0,0,0,0,0,0,0,0,0,0,0,0,0,0,0,0,0,0,0,0,0,0,0,0,0,0,0,0,0,0,0,0,0,0,0,0,0,0,0,0,0,0,0,0,0,0,0,0,0,0,0,0,0,0,0,0,0,0,0,0,0,0,0,0,0,0,0,0,0,0,0,0,0,0,0,0,0,0,0,0,0,0,0,0,0,0,0,0,0,0,0,0,0,0,1,2,1,1,1,,,,,,,,,,,,,,,,,,,,,,,,,,,,,,,,,,,,,,,,,,,,,,4,2,3,2,2,2,,,,,,,,,,,,,,,,,,,,,,,,,,,,,,,,,,,,,,,,,,,,,,-999,-999,-999,1,1,92,,0.0,,,,0,3.0,,5,3,5,4,5,5,7,4,4,6,6,,,7,7,4,4,4,,,,,,,,,,,,,,,,,,,,,,,,,,,,,,,,,,,,,,,,,,,,,,-999,-999,-999,1,1,92,,0.0,3,5,4,4,4,5,7,2,2,2,2,2,,,,,,,,,,,,,,,,,,,,,,,,,,,,,,,,,,,,,,,,,,,,,,2,2,2,2,2,,,,,,,,,,,,,,,,,,,,,,,,,,,,,,,,,,,,,,,,,,,,,,-999,1,1,92,,0.0,7,6,6,5,3,6,4,11,9,9,9,8,8,7,1,7,1,7,7,8,0,0,0,0,7,8,8,0,0,9,1,2,4,7,0,0,8,3,0,0,0,0,0,4,2,3,4,4,4,4,0,0,0,1,0,1,1,1,1,0,0,0,,2,2,-999,-999,-999,-999,-999,-999,1,1,92,,0.0,2,234489,vkx_234489,,2025-11-25T15:48:06.480Z,-999,,-999,-999,1,3,2,3,2,3,7,3,13,5,14,4,12,10,9,8,11,6,2,1,2,1,2,1,1
93,x785mtqw,6qi,0,23,23,app_end,End,2025-11-25 15:33:28.362431,1,,,0.0,1,e5y22b4i,,,,,0,1.0,0.0,SS_WS2526,93,,0.0,2,5,3,2025-11-25T15:33:29.391Z,0,3,1,1,93,,0.0,,,,,,,,,,,5,4,5,4,0,-999,-999,1,1,93,,0.0,ren,x,x,x,x,x,x,x,x,x,x,x,x,x,x,x,x,x,x,x,x,x,x,x,x,x,x,x,x,x,x,x,x,x,x,x,x,x,x,x,x,x,x,x,x,x,x,x,x,x,1,0,1,1,0,0,0,0,0,0,0,0,0,0,0,0,0,0,0,0,0,0,0,0,0,0,0,0,0,0,0,0,0,0,0,0,0,0,0,0,0,0,0,0,0,0,0,0,0,0,0,0,0,0,0,0,0,0,0,0,0,0,0,0,0,0,0,0,0,0,0,0,0,0,0,0,0,0,0,0,0,0,0,0,0,0,0,0,0,0,0,0,0,0,0,0,0,0,0,0,0,0,0,0,0,0,0,0,0,0,0,0,0,0,0,0,0,0,0,0,0,0,0,0,0,0,0,0,0,0,0,0,0,0,0,0,0,0,0,0,0,0,0,0,0,0,0,0,0,0,0,0,0,0,0,0,0,0,0,0,0,0,0,0,0,0,0,0,0,0,0,0,0,0,0,0,0,0,0,0,0,0,0,0,0,0,0,0,0,0,0,0,0,0,0,0,0,0,0,0,0,0,0,0,0,0,0,0,0,0,0,0,0,0,0,0,0,0,0,0,0,0,0,0,0,0,0,0,0,0,0,0,0,0,0,0,0,0,0,0,0,0,0,0,0,0,0,0,0,0,1,,,,,,,,,,,,,,,,,,,,,,,,,,,,,,,,,,,,,,,,,,,,,,,,,,4,3,,,,,,,,,,,,,,,,,,,,,,,,,,,,,,,,,,,,,,,,,,,,,,,,,,-999,-999,-999,1,1,93,,0.0,,,,4,2.7,3,4,4,5,4,5,3,7,6,6,6,6,,,4,,,,,,,,,,,,,,,,,,,,,,,,,,,,,,,,,,,,,,,,,,,,,,,,,,-999,-999,-999,1,1,93,,0.0,2,5,2,2,4,2,6,7,,,,,,,,,,,,,,,,,,,,,,,,,,,,,,,,,,,,,,,,,,,,,,,,,,1,,,,,,,,,,,,,,,,,,,,,,,,,,,,,,,,,,,,,,,,,,,,,,,,,,-999,1,1,93,,0.0,3,6,7,4,3,7,1,11,11,5,4,10,7,3,1,4,1,9,8,9,0,1,1,4,4,4,10,1,0,3,1,1,1,8,2,8,1,7,0,9,0,1,0,4,3,5,3,4,5,4,0,0,0,1,0,1,1,1,1,0,1,0,,1,1,-999,-999,-999,-999,-999,-999,1,1,93,,0.0,1,401004,6qi_401004,,2025-11-25T15:50:22.870Z,-999,,-999,,2,3,2,3,1,3,4,14,7,9,5,3,1,2,13,11,10,6,12,8,2,1,2,1,1
94,2st0ozyk,udo,0,23,23,app_end,End,2025-11-25 15:33:28.745290,1,,,0.0,1,e5y22b4i,,,,,0,1.0,0.0,SS_WS2526,94,,0.0,2,5,3,2025-11-25T15:33:29.465Z,0,3,1,1,94,,0.0,,,,,,,,,,,4,4,4,4,0,-999,-999,1,1,94,,0.0,x,x,x,x,x,x,x,x,x,x,x,x,x,x,x,x,x,x,x,x,x,x,x,x,x,x,x,x,x,x,x,x,x,x,x,x,x,x,x,x,x,x,x,x,x,x,x,x,x,x,0,0,0,0,0,0,0,0,0,0,0,0,0,0,0,0,0,0,0,0,0,0,0,0,0,0,0,0,0,0,0,0,0,0,0,0,0,0,0,0,0,0,0,0,0,0,0,0,0,0,0,0,0,0,0,0,0,0,0,0,0,0,0,0,0,0,0,0,0,0,0,0,0,0,0,0,0,0,0,0,0,0,0,0,0,0,0,0,0,0,0,0,0,0,0,0,0,0,0,0,0,0,0,0,0,0,0,0,0,0,0,0,0,0,0,0,0,0,0,0,0,0,0,0,0,0,0,0,0,0,0,0,0,0,0,0,0,0,0,0,0,0,0,0,0,0,0,0,0,0,0,0,0,0,0,0,0,0,0,0,0,0,0,0,0,0,0,0,0,0,0,0,0,0,0,0,0,0,0,0,0,0,0,0,0,0,0,0,0,0,0,0,0,0,0,0,0,0,0,0,0,0,0,0,0,0,0,0,0,0,0,0,0,0,0,0,0,0,0,0,0,0,0,0,0,0,0,0,0,0,0,0,0,0,0,0,0,0,0,0,0,0,0,0,0,0,0,0,0,0,,,,,,,,,,,,,,,,,,,,,,,,,,,,,,,,,,,,,,,,,,,,,,,,,,,1,,,,,,,,,,,,,,,,,,,,,,,,,,,,,,,,,,,,,,,,,,,,,,,,,,,-999,-999,-999,1,1,94,,0.0,,,,4,3.0,2,6,4,6,2,4,6,6,2,4,2,5,,,,,,,,,,,,,,,,,,,,,,,,,,,,,,,,,,,,,,,,,,,,,,,,,,,,,-999,-999,-999,1,1,94,,0.0,1,1,1,1,3,2,7,,,,,,,,,,,,,,,,,,,,,,,,,,,,,,,,,,,,,,,,,,,,,,,,,,,,,,,,,,,,,,,,,,,,,,,,,,,,,,,,,,,,,,,,,,,,,,,,,,,,,-999,1,1,94,,0.0,6,9,10,6,4,8,2,11,8,1,1,2,7,1,1,9,1,9,6,10,6,1,9,1,1,1,3,1,9,1,1,1,1,5,2,6,7,7,0,0,0,1,0,5,1,5,1,5,5,4,0,1,0,1,0,1,1,1,1,1,0,1,,2,1,-999,-999,-999,-999,-999,-999,1,1,94,,0.0,1,762423,udo_762423,,2025-11-25T15:44:34.929Z,-999,,-999,,2,3,3,2,2,3,11,14,3,7,1,4,6,8,10,9,2,13,12,5,2,2,1,1,1
95,dwkbqqy8,cuz,0,23,23,app_end,End,2025-11-25 15:33:28.905671,1,,,0.0,1,e5y22b4i,,,,,0,1.0,0.0,SS_WS2526,95,,0.0,2,5,3,2025-11-25T15:33:29.589Z,1,3,1,1,95,,0.0,,,,,,,,,,,4,0,4,0,15,-999,-999,1,1,95,,0.0,2fc,li1,x,x,x,x,x,x,x,x,x,x,x,x,x,x,x,x,x,x,x,x,x,x,x,x,x,x,x,x,x,x,x,x,x,x,x,x,x,x,x,x,x,x,x,x,x,x,x,x,1,0,1,1,1,1,0,0,1,1,0,0,0,0,0,0,0,0,0,0,0,0,0,0,0,0,0,0,0,0,0,0,0,0,0,0,0,0,0,0,0,0,0,0,0,0,0,0,0,0,0,0,0,0,0,0,0,0,0,0,0,0,0,0,0,0,0,0,0,0,0,0,0,0,0,0,0,0,0,0,0,0,0,0,0,0,0,0,0,0,0,0,0,0,0,0,0,0,0,0,0,0,0,0,0,0,0,0,0,0,0,0,0,0,0,0,0,0,0,0,0,0,0,0,0,0,0,0,0,0,0,0,0,0,0,0,0,0,0,0,0,0,0,0,0,0,0,0,0,0,0,0,0,0,0,0,0,0,0,0,0,0,0,0,0,0,0,0,0,0,0,0,0,0,0,0,0,0,0,0,0,0,0,0,0,0,0,0,0,0,0,0,0,0,0,0,0,0,0,0,0,0,0,0,0,0,0,0,0,0,0,0,0,0,0,0,0,0,0,0,0,0,0,0,0,0,0,0,0,0,0,0,0,0,0,0,0,0,0,0,0,0,0,0,0,0,0,0,0,0,1,1,,,,,,,,,,,,,,,,,,,,,,,,,,,,,,,,,,,,,,,,,,,,,,,,,5,3,3,,,,,,,,,,,,,,,,,,,,,,,,,,,,,,,,,,,,,,,,,,,,,,,,,-999,-999,-999,1,1,95,,0.0,,,,5,2.3,4,5,4,3,2,1,5,7,6,5,7,5,,,3,5,,,,,,,,,,,,,,,,,,,,,,,,,,,,,,,,,,,,,,,,,,,,,,,,,-999,-999,-999,1,1,95,,0.0,4,4,4,4,4,4,4,0,0,,,,,,,,,,,,,,,,,,,,,,,,,,,,,,,,,,,,,,,,,,,,,,,,,0,0,,,,,,,,,,,,,,,,,,,,,,,,,,,,,,,,,,,,,,,,,,,,,,,,,-999,1,1,95,,0.0,11,0,0,0,0,0,0,0,0,0,0,0,0,0,0,0,0,0,0,0,0,0,0,0,0,0,0,0,0,0,2,7,10,7,0,0,1,0,0,0,0,0,0,1,0,0,0,4,4,4,1,0,1,1,0,1,0,1,0,0,0,0,,1,1,-999,-999,-999,-999,-999,-999,1,1,95,,0.0,2,634947,cuz_634947,I am not German. I am Canadian. Your data results will be skewed by the international people in this class,2025-11-25T15:43:07.852Z,-999,,-999,-999,3,1,3,2,1,2,7,11,9,2,3,1,6,8,13,14,5,4,12,10,1,2,2,1,1
96,knnqpbnr,poi,0,23,23,app_end,End,2025-11-25 15:33:29.058727,1,,,0.0,1,e5y22b4i,,,,,0,1.0,0.0,SS_WS2526,96,,0.0,2,5,3,2025-11-25T15:33:29.951Z,0,3,1,1,96,,0.0,,,,,,,,,,,3,3,3,3,10,-999,-999,1,1,96,,0.0,vpi,ras,ljz,go4,fsu,x,x,x,x,x,x,x,x,x,x,x,x,x,x,x,x,x,x,x,x,x,x,x,x,x,x,x,x,x,x,x,x,x,x,x,x,x,x,x,x,x,x,x,x,x,1,0,1,1,1,1,0,1,1,1,1,0,1,1,1,1,0,1,1,1,0,0,0,0,0,0,0,0,0,0,0,0,0,0,0,0,0,0,0,0,0,0,0,0,0,0,0,0,0,0,0,0,0,0,0,0,0,0,0,0,0,0,0,0,0,0,0,0,0,0,0,0,0,0,0,0,0,0,0,0,0,0,0,0,0,0,0,0,0,0,0,0,0,0,0,0,0,0,0,0,0,0,0,0,0,0,0,0,0,0,0,0,0,0,0,0,0,0,0,0,0,0,0,0,0,0,0,0,0,0,0,0,0,0,0,0,0,0,0,0,0,0,0,0,0,0,0,0,0,0,0,0,0,0,0,0,0,0,0,0,0,0,0,0,0,0,0,0,0,0,0,0,0,0,0,0,0,0,0,0,0,0,0,0,0,0,0,0,0,0,0,0,0,0,0,0,0,0,0,0,0,0,0,0,0,0,0,0,0,0,0,0,0,0,0,0,0,0,0,0,0,0,0,0,0,0,0,0,0,0,0,0,0,0,0,0,0,0,0,0,0,0,0,0,0,0,0,0,0,0,1,1,1,1,0,,,,,,,,,,,,,,,,,,,,,,,,,,,,,,,,,,,,,,,,,,,,,,3,3,4,4,3,4,,,,,,,,,,,,,,,,,,,,,,,,,,,,,,,,,,,,,,,,,,,,,,-999,-999,-999,1,1,96,,0.0,,,,2,3.7,2,5,3,4,5,3,5,3,6,4,5,6,,,6,7,5,6,11,,,,,,,,,,,,,,,,,,,,,,,,,,,,,,,,,,,,,,,,,,,,,,-999,-999,-999,1,1,96,,0.0,3,6,3,4,4,3,5,5,5,5,5,5,,,,,,,,,,,,,,,,,,,,,,,,,,,,,,,,,,,,,,,,,,,,,,3,3,3,3,3,,,,,,,,,,,,,,,,,,,,,,,,,,,,,,,,,,,,,,,,,,,,,,-999,1,1,96,,0.0,3,6,7,5,4,6,2,10,2,4,3,10,10,5,1,8,2,9,0,10,6,2,0,4,3,0,9,2,0,4,1,2,5,8,3,0,8,10,0,0,0,0,0,4,3,4,4,3,4,3,0,0,0,1,0,1,1,1,1,0,0,0,,1,1,-999,-999,-999,-999,-999,-999,1,1,96,,0.0,1,870602,poi_870602,,2025-11-25T15:46:44.498Z,-999,,-999,,2,3,1,3,1,2,2,12,5,3,11,14,10,6,13,8,4,9,1,7,2,2,1,1,1
97,miqe51ym,6t0,0,23,23,app_end,End,2025-11-25 15:33:29.141936,1,,,0.0,1,e5y22b4i,,,,,0,1.0,0.0,SS_WS2526,97,,0.0,3,2,3,2025-11-25T15:33:29.782Z,0,2,1,1,97,,0.0,,,,,,,,,,,3,3,3,3,0,-999,-999,1,1,97,,0.0,joy,yws,g52,x,x,x,x,x,x,x,x,x,x,x,x,x,x,x,x,x,x,x,x,x,x,x,x,x,x,x,x,x,x,x,x,x,x,x,x,x,x,x,x,x,x,x,x,x,x,x,1,0,0,0,0,1,0,0,0,0,1,0,0,0,0,0,0,0,0,0,0,0,0,0,0,0,0,0,0,0,0,0,0,0,0,0,0,0,0,0,0,0,0,0,0,0,0,0,0,0,0,0,0,0,0,0,0,0,0,0,0,0,0,0,0,0,0,0,0,0,0,0,0,0,0,0,0,0,0,0,0,0,0,0,0,0,0,0,0,0,0,0,0,0,0,0,0,0,0,0,0,0,0,0,0,0,0,0,0,0,0,0,0,0,0,0,0,0,0,0,0,0,0,0,0,0,0,0,0,0,0,0,0,0,0,0,0,0,0,0,0,0,0,0,0,0,0,0,0,0,0,0,0,0,0,0,0,0,0,0,0,0,0,0,0,0,0,0,0,0,0,0,0,0,0,0,0,0,0,0,0,0,0,0,0,0,0,0,0,0,0,0,0,0,0,0,0,0,0,0,0,0,0,0,0,0,0,0,0,0,0,0,0,0,0,0,0,0,0,0,0,0,0,0,0,0,0,0,0,0,0,0,0,0,0,0,0,0,0,0,0,0,0,0,0,0,0,0,0,0,1,1,1,,,,,,,,,,,,,,,,,,,,,,,,,,,,,,,,,,,,,,,,,,,,,,,,4,4,4,4,,,,,,,,,,,,,,,,,,,,,,,,,,,,,,,,,,,,,,,,,,,,,,,,-999,-999,-999,1,1,97,,0.0,,,,6,2.3,5,5,2,6,2,4,5,6,6,5,6,5,,,2,4,5,,,,,,,,,,,,,,,,,,,,,,,,,,,,,,,,,,,,,,,,,,,,,,,,-999,-999,-999,1,1,97,,0.0,2,3,4,4,4,4,6,6,6,6,,,,,,,,,,,,,,,,,,,,,,,,,,,,,,,,,,,,,,,,,,,,,,,,2,2,2,,,,,,,,,,,,,,,,,,,,,,,,,,,,,,,,,,,,,,,,,,,,,,,,-999,1,1,97,,0.0,3,7,7,5,3,6,1,11,8,3,3,9,9,3,1,7,2,4,0,3,0,1,0,0,6,0,0,0,0,3,2,1,0,5,0,0,6,0,0,0,0,0,0,4,3,4,3,4,4,4,0,0,0,1,0,0,1,1,1,0,0,0,,1,1,-999,-999,-999,-999,-999,-999,1,1,97,,0.0,2,703246,6t0_703246,,2025-11-25T15:43:47.974Z,-999,,-999,-999,1,2,3,2,3,1,10,3,6,4,14,1,12,8,7,9,11,2,13,5,1,1,2,1,1
98,pg6jzajp,7y2,0,23,23,app_end,End,2025-11-25 15:33:29.169050,1,,,0.0,1,e5y22b4i,,,,,0,1.0,0.0,SS_WS2526,98,,0.0,1,5,3,2025-11-25T15:33:29.918Z,0,2,1,1,98,,0.0,,,,,,,,,,,5,2,4,2,0,-999,-999,1,1,98,,0.0,fno,dq4,m7x,iy3,x,x,x,x,x,x,x,x,x,x,x,x,x,x,x,x,x,x,x,x,x,x,x,x,x,x,x,x,x,x,x,x,x,x,x,x,x,x,x,x,x,x,x,x,x,x,1,0,0,0,1,1,0,0,0,0,1,0,0,1,0,1,0,0,1,0,0,0,0,0,0,0,0,0,0,0,0,0,0,0,0,0,0,0,0,0,0,0,0,0,0,0,0,0,0,0,0,0,0,0,0,0,0,0,0,0,0,0,0,0,0,0,0,0,0,0,0,0,0,0,0,0,0,0,0,0,0,0,0,0,0,0,0,0,0,0,0,0,0,0,0,0,0,0,0,0,0,0,0,0,0,0,0,0,0,0,0,0,0,0,0,0,0,0,0,0,0,0,0,0,0,0,0,0,0,0,0,0,0,0,0,0,0,0,0,0,0,0,0,0,0,0,0,0,0,0,0,0,0,0,0,0,0,0,0,0,0,0,0,0,0,0,0,0,0,0,0,0,0,0,0,0,0,0,0,0,0,0,0,0,0,0,0,0,0,0,0,0,0,0,0,0,0,0,0,0,0,0,0,0,0,0,0,0,0,0,0,0,0,0,0,0,0,0,0,0,0,0,0,0,0,0,0,0,0,0,0,0,0,0,0,0,0,0,0,0,0,0,0,0,0,0,0,0,0,0,1,1,2,4,,,,,,,,,,,,,,,,,,,,,,,,,,,,,,,,,,,,,,,,,,,,,,,3,3,5,2,4,,,,,,,,,,,,,,,,,,,,,,,,,,,,,,,,,,,,,,,,,,,,,,,-999,-999,-999,1,1,98,,0.0,,,,3,2.3,6,4,3,6,3,5,6,6,6,7,4,6,,,3,3,5,4,,,,,,,,,,,,,,,,,,,,,,,,,,,,,,,,,,,,,,,,,,,,,,,-999,-999,-999,1,1,98,,0.0,1,3,2,2,2,3,6,6,6,6,6,,,,,,,,,,,,,,,,,,,,,,,,,,,,,,,,,,,,,,,,,,,,,,,2,2,2,2,,,,,,,,,,,,,,,,,,,,,,,,,,,,,,,,,,,,,,,,,,,,,,,-999,1,1,98,,0.0,6,8,9,4,5,7,1,11,8,3,2,9,8,4,1,10,2,7,6,10,6,1,6,3,2,6,8,6,6,2,1,1,6,8,6,6,10,8,6,6,6,6,6,4,3,4,3,4,4,4,0,0,1,1,0,1,1,1,1,0,0,0,,1,1,-999,-999,-999,-999,-999,-999,1,1,98,,0.0,2,613707,7y2_613707,,2025-11-25T15:45:36.793Z,-999,,-999,-999,2,3,2,3,3,1,14,9,7,2,13,10,4,8,12,11,3,5,6,1,2,1,1,1,1
99,zf1zjv9m,95j,0,23,23,app_end,End,2025-11-25 15:33:29.237743,1,,,0.0,1,e5y22b4i,,,,,0,1.0,0.0,SS_WS2526,99,,0.0,3,2,3,2025-11-25T15:33:29.881Z,0,2,1,1,99,,0.0,,,,,,,,,,,4,3,4,2,0,-999,-999,1,1,99,,0.0,9vw,cp4,qlq,4aw,x,x,x,x,x,x,x,x,x,x,x,x,x,x,x,x,x,x,x,x,x,x,x,x,x,x,x,x,x,x,x,x,x,x,x,x,x,x,x,x,x,x,x,x,x,x,1,0,0,1,1,0,0,0,0,0,0,0,0,0,0,1,1,0,0,1,0,0,0,0,0,0,0,0,0,0,0,0,0,0,0,0,0,0,0,0,0,0,0,0,0,0,0,0,0,0,0,0,0,0,0,0,0,0,0,0,0,0,0,0,0,0,0,0,0,0,0,0,0,0,0,0,0,0,0,0,0,0,0,0,0,0,0,0,0,0,0,0,0,0,0,0,0,0,0,0,0,0,0,0,0,0,0,0,0,0,0,0,0,0,0,0,0,0,0,0,0,0,0,0,0,0,0,0,0,0,0,0,0,0,0,0,0,0,0,0,0,0,0,0,0,0,0,0,0,0,0,0,0,0,0,0,0,0,0,0,0,0,0,0,0,0,0,0,0,0,0,0,0,0,0,0,0,0,0,0,0,0,0,0,0,0,0,0,0,0,0,0,0,0,0,0,0,0,0,0,0,0,0,0,0,0,0,0,0,0,0,0,0,0,0,0,0,0,0,0,0,0,0,0,0,0,0,0,0,0,0,0,0,0,0,0,0,0,0,0,0,0,0,0,0,0,0,0,0,0,1,1,1,2,,,,,,,,,,,,,,,,,,,,,,,,,,,,,,,,,,,,,,,,,,,,,,,7,5,6,4,7,,,,,,,,,,,,,,,,,,,,,,,,,,,,,,,,,,,,,,,,,,,,,,,-999,-999,-999,1,1,99,,0.0,,,,2,2.0,3,7,3,7,7,4,7,7,6,7,6,6,,,4,2,2,3,,,,,,,,,,,,,,,,,,,,,,,,,,,,,,,,,,,,,,,,,,,,,,,-999,-999,-999,1,1,99,,0.0,7,7,7,7,7,7,5,4,4,5,3,,,,,,,,,,,,,,,,,,,,,,,,,,,,,,,,,,,,,,,,,,,,,,,2,2,2,5,,,,,,,,,,,,,,,,,,,,,,,,,,,,,,,,,,,,,,,,,,,,,,,-999,1,1,99,,0.0,1,7,8,5,3,4,1,11,0,9,11,7,1,3,1,1,1,9,8,1,0,1,0,7,11,10,9,1,0,9,1,1,3,11,10,8,3,6,0,0,0,0,0,5,2,5,1,5,5,2,0,0,0,1,0,1,0,1,0,0,0,0,,2,2,-999,-999,-999,-999,-999,-999,1,1,99,,0.0,0,226394,95j_226394,,2025-11-25T15:52:34.292Z,-999,,-999,-999,1,2,3,1,1,3,6,10,12,5,11,9,8,1,4,14,7,13,3,2,2,2,2,1,1
100,46ipqwme,uzs,0,23,23,app_end,End,2025-11-25 15:33:29.730338,1,,,0.0,1,e5y22b4i,,,,,0,1.0,0.0,SS_WS2526,100,,0.0,1,5,3,2025-11-25T15:33:30.536Z,0,2,1,1,100,,0.0,,,,,,,,,,,2,2,2,2,6,-999,-999,1,1,100,,0.0,qip,x,x,x,x,x,x,x,x,x,x,x,x,x,x,x,x,x,x,x,x,x,x,x,x,x,x,x,x,x,x,x,x,x,x,x,x,x,x,x,x,x,x,x,x,x,x,x,x,x,0,0,0,0,1,0,0,0,0,0,0,0,0,0,0,0,0,0,0,0,0,0,0,0,0,0,0,0,0,0,0,0,0,0,0,0,0,0,0,0,0,0,0,0,0,0,0,0,0,0,0,0,0,0,0,0,0,0,0,0,0,0,0,0,0,0,0,0,0,0,0,0,0,0,0,0,0,0,0,0,0,0,0,0,0,0,0,0,0,0,0,0,0,0,0,0,0,0,0,0,0,0,0,0,0,0,0,0,0,0,0,0,0,0,0,0,0,0,0,0,0,0,0,0,0,0,0,0,0,0,0,0,0,0,0,0,0,0,0,0,0,0,0,0,0,0,0,0,0,0,0,0,0,0,0,0,0,0,0,0,0,0,0,0,0,0,0,0,0,0,0,0,0,0,0,0,0,0,0,0,0,0,0,0,0,0,0,0,0,0,0,0,0,0,0,0,0,0,0,0,0,0,0,0,0,0,0,0,0,0,0,0,0,0,0,0,0,0,0,0,0,0,0,0,0,0,0,0,0,0,0,0,0,0,0,0,0,0,0,0,0,0,0,0,0,0,0,0,0,0,1,,,,,,,,,,,,,,,,,,,,,,,,,,,,,,,,,,,,,,,,,,,,,,,,,,4,4,,,,,,,,,,,,,,,,,,,,,,,,,,,,,,,,,,,,,,,,,,,,,,,,,,-999,-999,-999,1,1,100,,0.0,,,,6,3.0,5,3,3,3,3,4,3,3,7,6,2,5,,,6,,,,,,,,,,,,,,,,,,,,,,,,,,,,,,,,,,,,,,,,,,,,,,,,,,-999,-999,-999,1,1,100,,0.0,2,5,4,3,4,4,4,4,,,,,,,,,,,,,,,,,,,,,,,,,,,,,,,,,,,,,,,,,,,,,,,,,,2,,,,,,,,,,,,,,,,,,,,,,,,,,,,,,,,,,,,,,,,,,,,,,,,,,-999,1,1,100,,0.0,3,6,7,4,3,7,2,11,1,7,7,10,9,7,1,8,2,0,0,0,0,0,0,0,0,0,0,0,0,3,1,2,0,9,6,6,7,9,0,0,0,0,0,4,3,2,2,2,4,4,0,0,0,1,0,1,1,1,0,0,0,0,,1,1,-999,-999,-999,-999,-999,-999,1,1,100,,0.0,1,985981,uzs_985981,,2025-11-25T15:44:47.391Z,-999,,-999,,3,2,1,3,2,3,14,6,5,10,11,9,13,2,12,1,7,8,3,4,2,2,1,1,1
101,cbou1w00,doe,0,23,23,app_end,End,2025-11-25 15:33:30.229022,1,,,0.0,1,e5y22b4i,,,,,0,1.0,0.0,SS_WS2526,101,,0.0,2,4,3,2025-11-25T15:33:32.155Z,0,3,1,1,101,,0.0,,,,,,,,,,,2,2,3,1,0,-999,-999,1,1,101,,0.0,8mx,xlt,9sx,xgx,xlt,9sx,r3x,xlt,9sx,x,x,x,x,x,x,x,x,x,x,x,x,x,x,x,x,x,x,x,x,x,x,x,x,x,x,x,x,x,x,x,x,x,x,x,x,x,x,x,x,x,0,0,0,0,0,0,0,0,0,0,0,0,0,0,0,0,0,0,0,0,0,0,0,0,0,0,0,0,0,0,0,0,0,0,0,0,0,0,0,0,0,0,0,0,0,0,0,0,0,0,0,0,0,0,0,0,0,0,0,0,0,0,0,0,0,0,0,0,0,0,0,0,0,0,0,0,0,0,0,0,0,0,0,0,0,0,0,0,0,0,0,0,0,0,0,0,0,0,0,0,0,0,0,0,0,0,0,0,0,0,0,0,0,0,0,0,0,0,0,0,0,0,0,0,0,0,0,0,0,0,0,0,0,0,0,0,0,0,0,0,0,0,0,0,0,0,0,0,0,0,0,0,0,0,0,0,0,0,0,0,0,0,0,0,0,0,0,0,0,0,0,0,0,0,0,0,0,0,0,0,0,0,0,0,0,0,0,0,0,0,0,0,0,0,0,0,0,0,0,0,0,0,0,0,0,0,0,0,0,0,0,0,0,0,0,0,0,0,0,0,0,0,0,0,0,0,0,0,0,0,0,0,0,0,0,0,0,0,0,0,0,0,0,0,0,0,0,0,0,0,1,2,3,4,5,6,7,8,9,,,,,,,,,,,,,,,,,,,,,,,,,,,,,,,,,,,,,,,,,,5,8,6,5,5,2,4,5,5,7,,,,,,,,,,,,,,,,,,,,,,,,,,,,,,,,,,,,,,,,,,-999,-999,-999,1,1,101,,0.0,,,,1,0,,3,4,3,7,6,7,7,7,4,3,4,,,11,11,11,11,11,11,11,11,11,,,,,,,,,,,,,,,,,,,,,,,,,,,,,,,,,,,,,,,,,,-999,-999,-999,1,1,101,,0.0,4,6,4,5,6,6,5,0,0,0,0,0,0,0,0,0,,,,,,,,,,,,,,,,,,,,,,,,,,,,,,,,,,,,,,,,,,0,0,0,0,0,0,0,0,0,,,,,,,,,,,,,,,,,,,,,,,,,,,,,,,,,,,,,,,,,,-999,1,1,101,,0.0,0,0,0,0,0,0,0,0,0,0,0,0,0,0,0,0,0,6,6,6,6,6,6,6,6,6,6,6,6,6,6,6,6,6,6,6,6,6,6,6,6,6,6,4,1,4,2,4,4,2,0,0,0,1,0,1,1,1,1,0,0,0,,1,1,-999,-999,-999,-999,-999,-999,1,1,101,,0.0,1,718964,doe_718964,Zu viele Fragen gestellt.,2025-11-25T15:51:49.305Z,-999,,-999,,1,2,2,3,2,1,8,5,12,7,4,3,2,14,9,11,13,6,1,10,1,2,1,1,1
102,c5nq7ibi,i8x,0,23,23,app_end,End,2025-11-25 15:33:30.273449,1,,,0.0,1,e5y22b4i,,,,,0,1.0,0.0,SS_WS2526,102,,0.0,3,2,3,2025-11-25T15:33:30.908Z,0,2,1,1,102,,0.0,,,,,,,,,,,5,4,5,4,0,-999,-999,1,1,102,,0.0,qoh,n64,ier,3ue,3z0,8ke,x,x,x,x,x,x,x,x,x,x,x,x,x,x,x,x,x,x,x,x,x,x,x,x,x,x,x,x,x,x,x,x,x,x,x,x,x,x,x,x,x,x,x,x,1,0,0,0,0,1,0,0,1,0,1,0,1,1,0,1,0,1,1,1,1,0,0,0,0,1,0,0,0,0,0,0,0,0,0,0,0,0,0,0,0,0,0,0,0,0,0,0,0,0,0,0,0,0,0,0,0,0,0,0,0,0,0,0,0,0,0,0,0,0,0,0,0,0,0,0,0,0,0,0,0,0,0,0,0,0,0,0,0,0,0,0,0,0,0,0,0,0,0,0,0,0,0,0,0,0,0,0,0,0,0,0,0,0,0,0,0,0,0,0,0,0,0,0,0,0,0,0,0,0,0,0,0,0,0,0,0,0,0,0,0,0,0,0,0,0,0,0,0,0,0,0,0,0,0,0,0,0,0,0,0,0,0,0,0,0,0,0,0,0,0,0,0,0,0,0,0,0,0,0,0,0,0,0,0,0,0,0,0,0,0,0,0,0,0,0,0,0,0,0,0,0,0,0,0,0,0,0,0,0,0,0,0,0,0,0,0,0,0,0,0,0,0,0,0,0,0,0,0,0,0,0,0,0,0,0,0,0,0,0,0,0,0,0,0,0,0,0,0,0,4,3,1,1,2,2,,,,,,,,,,,,,,,,,,,,,,,,,,,,,,,,,,,,,,,,,,,,,3,5,3,2,2,0,2,,,,,,,,,,,,,,,,,,,,,,,,,,,,,,,,,,,,,,,,,,,,,-999,-999,-999,1,1,102,,0.0,,,,3,1.7,10,6,6,5,3,7,7,6,6,6,3,4,,,5,7,6,3,4,4,,,,,,,,,,,,,,,,,,,,,,,,,,,,,,,,,,,,,,,,,,,,,-999,-999,-999,1,1,102,,0.0,2,4,2,1,2,1,7,7,7,7,7,7,7,,,,,,,,,,,,,,,,,,,,,,,,,,,,,,,,,,,,,,,,,,,,,1,1,1,1,1,1,,,,,,,,,,,,,,,,,,,,,,,,,,,,,,,,,,,,,,,,,,,,,-999,1,1,102,,0.0,7,8,9,6,4,8,1,11,8,3,3,8,10,2,1,7,1,8,0,11,9,1,0,2,2,4,7,1,7,3,1,1,1,7,1,0,9,8,0,0,0,0,0,4,2,5,4,4,4,3,0,0,0,1,0,1,1,1,1,0,0,0,,1,1,-999,-999,-999,-999,-999,-999,1,1,102,,0.0,2,731424,i8x_731424,,2025-11-25T15:49:16.304Z,-999,,-999,-999,3,1,2,3,3,1,13,9,14,10,11,3,6,8,4,1,5,2,12,7,2,1,2,1,1
103,blz73s9i,cbf,0,23,23,app_end,End,2025-11-25 15:33:30.581671,1,,,0.0,0,e5y22b4i,,,,,0,1.0,0.0,SS_WS2526,103,,0.0,3,2,3,2025-11-25T15:33:31.446Z,0,2,1,1,103,,0.0,2005,1,72,2024,2,2,1,1,1,1,4,3,4,2,16,-999,-999,1,1,103,,0.0,g52,x,x,x,x,x,x,x,x,x,x,x,x,x,x,x,x,x,x,x,x,x,x,x,x,x,x,x,x,x,x,x,x,x,x,x,x,x,x,x,x,x,x,x,x,x,x,x,x,x,1,0,0,0,1,0,0,0,0,0,0,0,0,0,0,0,0,0,0,0,0,0,0,0,0,0,0,0,0,0,0,0,0,0,0,0,0,0,0,0,0,0,0,0,0,0,0,0,0,0,0,0,0,0,0,0,0,0,0,0,0,0,0,0,0,0,0,0,0,0,0,0,0,0,0,0,0,0,0,0,0,0,0,0,0,0,0,0,0,0,0,0,0,0,0,0,0,0,0,0,0,0,0,0,0,0,0,0,0,0,0,0,0,0,0,0,0,0,0,0,0,0,0,0,0,0,0,0,0,0,0,0,0,0,0,0,0,0,0,0,0,0,0,0,0,0,0,0,0,0,0,0,0,0,0,0,0,0,0,0,0,0,0,0,0,0,0,0,0,0,0,0,0,0,0,0,0,0,0,0,0,0,0,0,0,0,0,0,0,0,0,0,0,0,0,0,0,0,0,0,0,0,0,0,0,0,0,0,0,0,0,0,0,0,0,0,0,0,0,0,0,0,0,0,0,0,0,0,0,0,0,0,0,0,0,0,0,0,0,0,0,0,0,0,0,0,0,0,0,0,1,,,,,,,,,,,,,,,,,,,,,,,,,,,,,,,,,,,,,,,,,,,,,,,,,,2,5,,,,,,,,,,,,,,,,,,,,,,,,,,,,,,,,,,,,,,,,,,,,,,,,,,-999,-999,-999,1,1,103,,0.0,1,2,1,6,4.0,2,4,1,3,4,4,1,6,7,4,4,6,1,1,7,,,,,,,,,,,,,,,,,,,,,,,,,,,,,,,,,,,,,,,,,,,,,,,,,,-999,-999,-999,1,1,103,,0.0,3,3,2,4,4,5,6,5,,,,,,,,,,,,,,,,,,,,,,,,,,,,,,,,,,,,,,,,,,,,,,,,,,3,,,,,,,,,,,,,,,,,,,,,,,,,,,,,,,,,,,,,,,,,,,,,,,,,,-999,1,1,103,,0.0,3,6,7,4,4,5,3,8,6,3,2,7,7,5,1,9,3,6,6,6,6,0,6,6,3,6,6,6,6,3,1,1,6,6,6,6,9,6,6,6,6,6,6,4,3,4,3,5,5,4,0,0,0,1,0,1,1,1,1,0,1,0,,1,2,-999,-999,-999,-999,-999,-999,1,1,103,,0.0,0,929538,cbf_929538,,2025-11-25T15:53:14.063Z,-999,,-999,-999,1,2,1,2,2,3,12,4,14,1,6,7,9,5,2,13,11,10,3,8,1,1,1,1,1
104,ohzkf75u,fkp,0,23,23,app_end,End,2025-11-25 15:33:30.643208,1,,,0.0,0,e5y22b4i,,,,,0,1.0,0.0,SS_WS2526,104,,0.0,2,5,3,2025-11-25T15:35:25.057Z,0,3,1,1,104,,0.0,2006,1,72,2025,1,1,1,1,1,1,3,3,2,3,0,-999,-999,1,1,104,,0.0,x,x,x,x,x,x,x,x,x,x,x,x,x,x,x,x,x,x,x,x,x,x,x,x,x,x,x,x,x,x,x,x,x,x,x,x,x,x,x,x,x,x,x,x,x,x,x,x,x,x,0,0,0,0,0,0,0,0,0,0,0,0,0,0,0,0,0,0,0,0,0,0,0,0,0,0,0,0,0,0,0,0,0,0,0,0,0,0,0,0,0,0,0,0,0,0,0,0,0,0,0,0,0,0,0,0,0,0,0,0,0,0,0,0,0,0,0,0,0,0,0,0,0,0,0,0,0,0,0,0,0,0,0,0,0,0,0,0,0,0,0,0,0,0,0,0,0,0,0,0,0,0,0,0,0,0,0,0,0,0,0,0,0,0,0,0,0,0,0,0,0,0,0,0,0,0,0,0,0,0,0,0,0,0,0,0,0,0,0,0,0,0,0,0,0,0,0,0,0,0,0,0,0,0,0,0,0,0,0,0,0,0,0,0,0,0,0,0,0,0,0,0,0,0,0,0,0,0,0,0,0,0,0,0,0,0,0,0,0,0,0,0,0,0,0,0,0,0,0,0,0,0,0,0,0,0,0,0,0,0,0,0,0,0,0,0,0,0,0,0,0,0,0,0,0,0,0,0,0,0,0,0,0,0,0,0,0,0,0,0,0,0,0,0,0,0,0,0,0,0,,,,,,,,,,,,,,,,,,,,,,,,,,,,,,,,,,,,,,,,,,,,,,,,,,,3,,,,,,,,,,,,,,,,,,,,,,,,,,,,,,,,,,,,,,,,,,,,,,,,,,,-999,-999,-999,1,1,104,,0.0,1,1,0,3,3.0,4,6,2,6,6,5,3,2,7,6,6,6,5,0,,,,,,,,,,,,,,,,,,,,,,,,,,,,,,,,,,,,,,,,,,,,,,,,,,,-999,-999,-999,1,1,104,,0.0,2,2,4,2,2,4,6,,,,,,,,,,,,,,,,,,,,,,,,,,,,,,,,,,,,,,,,,,,,,,,,,,,,,,,,,,,,,,,,,,,,,,,,,,,,,,,,,,,,,,,,,,,,,,,,,,,,,-999,1,1,104,,0.0,7,9,10,4,4,7,1,11,5,2,2,10,11,9,1,9,2,8,8,11,11,1,10,1,1,1,9,1,1,1,1,1,1,10,1,1,10,11,5,1,1,1,1,4,3,4,3,4,5,4,1,0,0,1,0,1,1,1,1,0,0,0,,2,1,-999,-999,-999,-999,-999,-999,1,1,104,,0.0,0,674470,fkp_674470,,2025-11-25T15:48:25.762Z,-999,,-999,-999,3,1,3,2,3,1,14,5,13,6,7,9,8,4,3,1,12,11,10,2,2,1,2,1,1
105,psfm7a87,n3q,0,23,23,app_end,End,2025-11-25 15:33:30.735181,1,,,0.0,1,e5y22b4i,,,,,0,1.0,0.0,SS_WS2526,105,,0.0,1,5,3,2025-11-25T15:33:31.416Z,0,2,1,1,105,,0.0,,,,,,,,,,,5,2,5,2,,-999,-999,1,1,105,,0.0,obm,7a9,x,x,x,x,x,x,x,x,x,x,x,x,x,x,x,x,x,x,x,x,x,x,x,x,x,x,x,x,x,x,x,x,x,x,x,x,x,x,x,x,x,x,x,x,x,x,x,x,1,0,0,1,1,1,1,1,0,1,0,0,0,0,0,0,0,0,0,0,0,0,0,0,0,0,0,0,0,0,0,0,0,0,0,0,0,0,0,0,0,0,0,0,0,0,0,0,0,0,0,0,0,0,0,0,0,0,0,0,0,0,0,0,0,0,0,0,0,0,0,0,0,0,0,0,0,0,0,0,0,0,0,0,0,0,0,0,0,0,0,0,0,0,0,0,0,0,0,0,0,0,0,0,0,0,0,0,0,0,0,0,0,0,0,0,0,0,0,0,0,0,0,0,0,0,0,0,0,0,0,0,0,0,0,0,0,0,0,0,0,0,0,0,0,0,0,0,0,0,0,0,0,0,0,0,0,0,0,0,0,0,0,0,0,0,0,0,0,0,0,0,0,0,0,0,0,0,0,0,0,0,0,0,0,0,0,0,0,0,0,0,0,0,0,0,0,0,0,0,0,0,0,0,0,0,0,0,0,0,0,0,0,0,0,0,0,0,0,0,0,0,0,0,0,0,0,0,0,0,0,0,0,0,0,0,0,0,0,0,0,0,0,0,0,0,0,0,0,0,1,1,,,,,,,,,,,,,,,,,,,,,,,,,,,,,,,,,,,,,,,,,,,,,,,,,6,5,6,,,,,,,,,,,,,,,,,,,,,,,,,,,,,,,,,,,,,,,,,,,,,,,,,-999,-999,-999,1,1,105,,0.0,,,,6,3.3,5,5,4,5,5,4,3,4,5,5,4,6,,,7,8,,,,,,,,,,,,,,,,,,,,,,,,,,,,,,,,,,,,,,,,,,,,,,,,,-999,-999,-999,1,1,105,,0.0,3,4,4,3,4,4,5,7,6,,,,,,,,,,,,,,,,,,,,,,,,,,,,,,,,,,,,,,,,,,,,,,,,,2,2,,,,,,,,,,,,,,,,,,,,,,,,,,,,,,,,,,,,,,,,,,,,,,,,,-999,1,1,105,,0.0,1,7,8,5,4,8,1,11,4,8,8,8,4,6,1,3,4,9,6,5,6,1,3,6,8,6,7,6,6,8,1,3,4,7,6,6,3,7,6,6,6,6,6,4,3,4,3,4,4,0,0,0,1,1,0,1,1,1,1,0,0,0,,2,2,-999,-999,-999,-999,-999,-999,1,1,105,,0.0,2,851945,n3q_851945,,2025-11-25T15:44:10.875Z,-999,,-999,-999,2,3,2,1,2,1,5,8,6,9,1,3,11,14,2,12,13,7,4,10,2,1,2,1,1
106,jjdzqhhb,tmy,0,23,23,app_end,End,2025-11-25 15:33:31.215371,1,,,0.0,1,e5y22b4i,,,,,0,1.0,0.0,SS_WS2526,106,,0.0,2,5,3,2025-11-25T15:33:31.694Z,0,3,1,1,106,,0.0,,,,,,,,,,,5,3,5,4,0,-999,-999,1,1,106,,0.0,vkx,epz,x,x,x,x,x,x,x,x,x,x,x,x,x,x,x,x,x,x,x,x,x,x,x,x,x,x,x,x,x,x,x,x,x,x,x,x,x,x,x,x,x,x,x,x,x,x,x,x,1,0,0,0,0,1,0,0,0,0,0,0,0,0,0,0,0,0,0,0,0,0,0,0,0,0,0,0,0,0,0,0,0,0,0,0,0,0,0,0,0,0,0,0,0,0,0,0,0,0,0,0,0,0,0,0,0,0,0,0,0,0,0,0,0,0,0,0,0,0,0,0,0,0,0,0,0,0,0,0,0,0,0,0,0,0,0,0,0,0,0,0,0,0,0,0,0,0,0,0,0,0,0,0,0,0,0,0,0,0,0,0,0,0,0,0,0,0,0,0,0,0,0,0,0,0,0,0,0,0,0,0,0,0,0,0,0,0,0,0,0,0,0,0,0,0,0,0,0,0,0,0,0,0,0,0,0,0,0,0,0,0,0,0,0,0,0,0,0,0,0,0,0,0,0,0,0,0,0,0,0,0,0,0,0,0,0,0,0,0,0,0,0,0,0,0,0,0,0,0,0,0,0,0,0,0,0,0,0,0,0,0,0,0,0,0,0,0,0,0,0,0,0,0,0,0,0,0,0,0,0,0,0,0,0,0,0,0,0,0,0,0,0,0,0,0,0,0,0,0,1,1,,,,,,,,,,,,,,,,,,,,,,,,,,,,,,,,,,,,,,,,,,,,,,,,,7,4,6,,,,,,,,,,,,,,,,,,,,,,,,,,,,,,,,,,,,,,,,,,,,,,,,,-999,-999,-999,1,1,106,,0.0,,,,2,2.7,5,5,3,6,4,2,5,7,3,5,4,6,,,5,6,,,,,,,,,,,,,,,,,,,,,,,,,,,,,,,,,,,,,,,,,,,,,,,,,-999,-999,-999,1,1,106,,0.0,1,5,4,2,3,5,6,5,5,,,,,,,,,,,,,,,,,,,,,,,,,,,,,,,,,,,,,,,,,,,,,,,,,2,2,,,,,,,,,,,,,,,,,,,,,,,,,,,,,,,,,,,,,,,,,,,,,,,,,-999,1,1,106,,0.0,3,8,9,5,5,9,1,11,10,2,1,8,3,1,1,4,1,0,1,6,6,1,1,1,1,1,7,1,6,1,1,1,1,8,3,7,7,4,5,5,3,1,5,4,1,4,1,5,4,4,0,1,0,1,0,1,0,1,1,0,0,0,,1,1,-999,-999,-999,-999,-999,-999,1,1,106,,0.0,2,227384,tmy_227384,,2025-11-25T15:45:28.490Z,-999,,-999,-999,1,2,1,2,2,1,12,9,11,7,6,3,13,5,4,10,1,14,8,2,1,2,2,1,1
107,msp84g0i,4w0,0,23,23,app_end,End,2025-11-25 15:33:31.655435,1,,,0.0,1,e5y22b4i,,,,,0,1.0,0.0,SS_WS2526,107,,0.0,2,5,3,2025-11-25T15:33:32.091Z,0,3,1,1,107,,0.0,,,,,,,,,,,3,4,3,5,0,-999,-999,1,1,107,,0.0,bty,1zx,x,x,x,x,x,x,x,x,x,x,x,x,x,x,x,x,x,x,x,x,x,x,x,x,x,x,x,x,x,x,x,x,x,x,x,x,x,x,x,x,x,x,x,x,x,x,x,x,1,0,0,0,0,1,0,0,0,0,0,0,0,0,0,0,0,0,0,0,0,0,0,0,0,0,0,0,0,0,0,0,0,0,0,0,0,0,0,0,0,0,0,0,0,0,0,0,0,0,0,0,0,0,0,0,0,0,0,0,0,0,0,0,0,0,0,0,0,0,0,0,0,0,0,0,0,0,0,0,0,0,0,0,0,0,0,0,0,0,0,0,0,0,0,0,0,0,0,0,0,0,0,0,0,0,0,0,0,0,0,0,0,0,0,0,0,0,0,0,0,0,0,0,0,0,0,0,0,0,0,0,0,0,0,0,0,0,0,0,0,0,0,0,0,0,0,0,0,0,0,0,0,0,0,0,0,0,0,0,0,0,0,0,0,0,0,0,0,0,0,0,0,0,0,0,0,0,0,0,0,0,0,0,0,0,0,0,0,0,0,0,0,0,0,0,0,0,0,0,0,0,0,0,0,0,0,0,0,0,0,0,0,0,0,0,0,0,0,0,0,0,0,0,0,0,0,0,0,0,0,0,0,0,0,0,0,0,0,0,0,0,0,0,0,0,0,0,0,0,1,1,,,,,,,,,,,,,,,,,,,,,,,,,,,,,,,,,,,,,,,,,,,,,,,,,5,3,4,,,,,,,,,,,,,,,,,,,,,,,,,,,,,,,,,,,,,,,,,,,,,,,,,-999,-999,-999,1,1,107,,0.0,,,,2,2.0,5,5,5,6,5,4,7,5,5,6,6,5,,,5,4,,,,,,,,,,,,,,,,,,,,,,,,,,,,,,,,,,,,,,,,,,,,,,,,,-999,-999,-999,1,1,107,,0.0,1,5,4,2,5,3,6,6,6,,,,,,,,,,,,,,,,,,,,,,,,,,,,,,,,,,,,,,,,,,,,,,,,,2,2,,,,,,,,,,,,,,,,,,,,,,,,,,,,,,,,,,,,,,,,,,,,,,,,,-999,1,1,107,,0.0,3,7,8,4,3,7,1,10,7,6,5,10,9,3,1,2,1,10,7,10,6,1,4,2,2,4,9,1,6,0,1,3,6,7,8,8,6,8,6,6,6,6,6,4,3,4,3,4,5,5,0,0,0,0,0,1,0,1,0,0,0,0,,2,1,-999,-999,-999,-999,-999,-999,1,1,107,,0.0,1,859963,4w0_859963,,2025-11-25T15:47:33.885Z,-999,,-999,,3,1,2,1,2,3,6,12,8,4,9,14,7,10,11,13,2,3,5,1,2,1,2,1,1
108,q0g2brcj,ier,0,23,23,app_end,End,2025-11-25 15:33:32.371088,1,,,0.0,1,e5y22b4i,,,,,0,1.0,0.0,SS_WS2526,108,,0.0,2,5,3,2025-11-25T15:33:32.692Z,1,3,1,1,108,,0.0,,,,,,,,,,,4,3,4,4,15,-999,-999,1,1,108,,0.0,3ue,87a,i8x,x,x,x,x,x,x,x,x,x,x,x,x,x,x,x,x,x,x,x,x,x,x,x,x,x,x,x,x,x,x,x,x,x,x,x,x,x,x,x,x,x,x,x,x,x,x,x,1,0,1,1,1,1,0,0,0,0,1,0,1,1,0,0,0,0,0,0,0,0,0,0,0,0,0,0,0,0,0,0,0,0,0,0,0,0,0,0,0,0,0,0,0,0,0,0,0,0,0,0,0,0,0,0,0,0,0,0,0,0,0,0,0,0,0,0,0,0,0,0,0,0,0,0,0,0,0,0,0,0,0,0,0,0,0,0,0,0,0,0,0,0,0,0,0,0,0,0,0,0,0,0,0,0,0,0,0,0,0,0,0,0,0,0,0,0,0,0,0,0,0,0,0,0,0,0,0,0,0,0,0,0,0,0,0,0,0,0,0,0,0,0,0,0,0,0,0,0,0,0,0,0,0,0,0,0,0,0,0,0,0,0,0,0,0,0,0,0,0,0,0,0,0,0,0,0,0,0,0,0,0,0,0,0,0,0,0,0,0,0,0,0,0,0,0,0,0,0,0,0,0,0,0,0,0,0,0,0,0,0,0,0,0,0,0,0,0,0,0,0,0,0,0,0,0,0,0,0,0,0,0,0,0,0,0,0,0,0,0,0,0,0,0,0,0,0,0,0,1,2,1,,,,,,,,,,,,,,,,,,,,,,,,,,,,,,,,,,,,,,,,,,,,,,,,5,7,5,3,,,,,,,,,,,,,,,,,,,,,,,,,,,,,,,,,,,,,,,,,,,,,,,,-999,-999,-999,1,1,108,,0.0,,,,2,2.0,20,3,3,6,6,6,6,7,7,7,7,7,,,3,7,3,,,,,,,,,,,,,,,,,,,,,,,,,,,,,,,,,,,,,,,,,,,,,,,,-999,-999,-999,1,1,108,,0.0,3,5,5,5,5,5,6,5,5,5,,,,,,,,,,,,,,,,,,,,,,,,,,,,,,,,,,,,,,,,,,,,,,,,3,3,3,,,,,,,,,,,,,,,,,,,,,,,,,,,,,,,,,,,,,,,,,,,,,,,,-999,1,1,108,,0.0,3,8,9,6,4,7,3,11,7,7,4,10,8,9,1,5,5,10,8,8,0,1,0,0,6,0,0,1,0,2,5,1,1,7,3,3,10,4,0,0,0,0,0,5,4,5,4,5,5,5,0,0,0,1,0,0,0,0,1,0,0,0,,2,2,-999,-999,-999,-999,-999,-999,1,1,108,,0.0,2,232235,ier_232235,:),2025-11-25T15:46:02.507Z,-999,,-999,-999,2,1,1,2,2,3,9,1,4,2,6,7,12,14,5,13,3,11,8,10,1,1,2,1,1
109,14xn75h1,5ci,0,23,23,app_end,End,2025-11-25 15:33:32.115013,1,,,0.0,1,e5y22b4i,,,,,0,1.0,0.0,SS_WS2526,109,,0.0,2,5,3,2025-11-25T15:33:32.316Z,0,3,1,1,109,,0.0,,,,,,,,,,,4,3,4,3,0,-999,-999,1,1,109,,0.0,ctx,r9o,x,x,x,x,x,x,x,x,x,x,x,x,x,x,x,x,x,x,x,x,x,x,x,x,x,x,x,x,x,x,x,x,x,x,x,x,x,x,x,x,x,x,x,x,x,x,x,x,1,0,0,0,1,1,0,0,0,1,0,0,0,0,0,0,0,0,0,0,0,0,0,0,0,0,0,0,0,0,0,0,0,0,0,0,0,0,0,0,0,0,0,0,0,0,0,0,0,0,0,0,0,0,0,0,0,0,0,0,0,0,0,0,0,0,0,0,0,0,0,0,0,0,0,0,0,0,0,0,0,0,0,0,0,0,0,0,0,0,0,0,0,0,0,0,0,0,0,0,0,0,0,0,0,0,0,0,0,0,0,0,0,0,0,0,0,0,0,0,0,0,0,0,0,0,0,0,0,0,0,0,0,0,0,0,0,0,0,0,0,0,0,0,0,0,0,0,0,0,0,0,0,0,0,0,0,0,0,0,0,0,0,0,0,0,0,0,0,0,0,0,0,0,0,0,0,0,0,0,0,0,0,0,0,0,0,0,0,0,0,0,0,0,0,0,0,0,0,0,0,0,0,0,0,0,0,0,0,0,0,0,0,0,0,0,0,0,0,0,0,0,0,0,0,0,0,0,0,0,0,0,0,0,0,0,0,0,0,0,0,0,0,0,0,0,0,0,0,0,1,1,,,,,,,,,,,,,,,,,,,,,,,,,,,,,,,,,,,,,,,,,,,,,,,,,5,6,3,,,,,,,,,,,,,,,,,,,,,,,,,,,,,,,,,,,,,,,,,,,,,,,,,-999,-999,-999,1,1,109,,0.0,,,,4,2.0,0,6,5,5,6,6,6,6,6,1,3,3,,,6,4,,,,,,,,,,,,,,,,,,,,,,,,,,,,,,,,,,,,,,,,,,,,,,,,,-999,-999,-999,1,1,109,,0.0,6,6,6,6,6,5,5,3,7,,,,,,,,,,,,,,,,,,,,,,,,,,,,,,,,,,,,,,,,,,,,,,,,,5,3,,,,,,,,,,,,,,,,,,,,,,,,,,,,,,,,,,,,,,,,,,,,,,,,,-999,1,1,109,,0.0,7,7,8,4,3,8,1,10,6,2,1,5,5,2,1,1,1,8,4,9,0,1,2,1,1,4,6,1,0,3,1,1,1,8,3,0,2,9,0,0,0,1,0,4,2,4,2,4,4,4,0,0,0,1,0,1,1,1,1,0,1,0,,2,1,-999,-999,-999,-999,-999,-999,1,1,109,,0.0,2,764390,5ci_764390,,2025-11-25T15:48:14.693Z,-999,,-999,-999,2,1,2,3,3,1,5,9,8,4,13,14,6,3,2,10,7,11,12,1,1,2,2,1,1
110,a1j0t4tl,24s,0,23,23,app_end,End,2025-11-25 15:33:32.731556,1,,,0.0,0,e5y22b4i,,,,,0,1.0,0.0,SS_WS2526,110,,0.0,1,5,3,2025-11-25T15:33:32.928Z,0,2,1,1,110,,0.0,2005,2,78,2024,2,2,1,1,1,1,3,2,2,2,0,-999,-999,1,1,110,,0.0,m7x,x,x,x,x,x,x,x,x,x,x,x,x,x,x,x,x,x,x,x,x,x,x,x,x,x,x,x,x,x,x,x,x,x,x,x,x,x,x,x,x,x,x,x,x,x,x,x,x,x,0,0,0,0,1,0,0,0,0,0,0,0,0,0,0,0,0,0,0,0,0,0,0,0,0,0,0,0,0,0,0,0,0,0,0,0,0,0,0,0,0,0,0,0,0,0,0,0,0,0,0,0,0,0,0,0,0,0,0,0,0,0,0,0,0,0,0,0,0,0,0,0,0,0,0,0,0,0,0,0,0,0,0,0,0,0,0,0,0,0,0,0,0,0,0,0,0,0,0,0,0,0,0,0,0,0,0,0,0,0,0,0,0,0,0,0,0,0,0,0,0,0,0,0,0,0,0,0,0,0,0,0,0,0,0,0,0,0,0,0,0,0,0,0,0,0,0,0,0,0,0,0,0,0,0,0,0,0,0,0,0,0,0,0,0,0,0,0,0,0,0,0,0,0,0,0,0,0,0,0,0,0,0,0,0,0,0,0,0,0,0,0,0,0,0,0,0,0,0,0,0,0,0,0,0,0,0,0,0,0,0,0,0,0,0,0,0,0,0,0,0,0,0,0,0,0,0,0,0,0,0,0,0,0,0,0,0,0,0,0,0,0,0,0,0,0,0,0,0,0,1,,,,,,,,,,,,,,,,,,,,,,,,,,,,,,,,,,,,,,,,,,,,,,,,,,3,,,,,,,,,,,,,,,,,,,,,,,,,,,,,,,,,,,,,,,,,,,,,,,,,,,-999,-999,-999,1,1,110,,0.0,1,2,1,1,3.3,8,7,3,3,5,6,7,6,7,6,2,2,5,1,5,,,,,,,,,,,,,,,,,,,,,,,,,,,,,,,,,,,,,,,,,,,,,,,,,,-999,-999,-999,1,1,110,,0.0,2,3,5,4,6,6,6,6,,,,,,,,,,,,,,,,,,,,,,,,,,,,,,,,,,,,,,,,,,,,,,,,,,3,,,,,,,,,,,,,,,,,,,,,,,,,,,,,,,,,,,,,,,,,,,,,,,,,,-999,1,1,110,,0.0,6,8,9,5,4,7,2,0,1,3,3,8,6,3,1,10,1,9,9,2,2,1,7,7,4,3,8,4,4,4,1,1,1,3,1,6,6,8,3,0,5,5,5,5,4,4,1,3,3,3,1,1,0,1,0,0,1,1,1,0,0,1,,2,1,-999,-999,-999,-999,-999,-999,1,1,110,,0.0,1,306807,24s_306807,,2025-11-25T15:45:53.693Z,-999,,-999,,2,3,3,1,2,1,8,2,13,3,14,7,5,9,11,12,6,1,4,10,2,2,1,1,1
111,kmnucrpv,6z8,0,23,23,app_end,End,2025-11-25 15:33:33.294149,1,,,0.0,1,e5y22b4i,,,,,0,1.0,0.0,SS_WS2526,111,,0.0,3,2,3,2025-11-25T15:33:33.797Z,0,2,1,1,111,,0.0,,,,,,,,,,,2,3,2,3,0,-999,-999,1,1,111,,0.0,n64,98q,nre,oev,upq,vug,hyf,x,x,x,x,x,x,x,x,x,x,x,x,x,x,x,x,x,x,x,x,x,x,x,x,x,x,x,x,x,x,x,x,x,x,x,x,x,x,x,x,x,x,x,1,0,0,0,0,1,0,0,0,0,1,0,0,0,0,1,0,0,0,0,1,0,0,0,0,1,0,0,0,0,1,0,0,0,0,0,0,0,0,0,0,0,0,0,0,0,0,0,0,0,0,0,0,0,0,0,0,0,0,0,0,0,0,0,0,0,0,0,0,0,0,0,0,0,0,0,0,0,0,0,0,0,0,0,0,0,0,0,0,0,0,0,0,0,0,0,0,0,0,0,0,0,0,0,0,0,0,0,0,0,0,0,0,0,0,0,0,0,0,0,0,0,0,0,0,0,0,0,0,0,0,0,0,0,0,0,0,0,0,0,0,0,0,0,0,0,0,0,0,0,0,0,0,0,0,0,0,0,0,0,0,0,0,0,0,0,0,0,0,0,0,0,0,0,0,0,0,0,0,0,0,0,0,0,0,0,0,0,0,0,0,0,0,0,0,0,0,0,0,0,0,0,0,0,0,0,0,0,0,0,0,0,0,0,0,0,0,0,0,0,0,0,0,0,0,0,0,0,0,0,0,0,0,0,0,0,0,0,0,0,0,0,0,0,0,0,0,0,0,0,1,1,1,1,1,1,1,,,,,,,,,,,,,,,,,,,,,,,,,,,,,,,,,,,,,,,,,,,,2,3,3,3,2,2,4,2,,,,,,,,,,,,,,,,,,,,,,,,,,,,,,,,,,,,,,,,,,,,-999,-999,-999,1,1,111,,0.0,,,,3,3.7,6,6,4,5,4,4,3,4,3,5,5,7,,,6,6,6,6,6,6,6,,,,,,,,,,,,,,,,,,,,,,,,,,,,,,,,,,,,,,,,,,,,-999,-999,-999,1,1,111,,0.0,1,3,1,2,2,1,7,7,7,7,7,7,7,7,,,,,,,,,,,,,,,,,,,,,,,,,,,,,,,,,,,,,,,,,,,,1,1,1,1,1,1,1,,,,,,,,,,,,,,,,,,,,,,,,,,,,,,,,,,,,,,,,,,,,-999,1,1,111,,0.0,7,9,8,6,3,8,1,11,0,1,1,9,11,1,1,9,1,0,0,11,0,1,0,1,1,0,0,1,0,3,1,1,1,8,2,0,11,10,0,0,1,0,0,5,3,5,3,5,4,5,0,0,0,1,0,1,1,1,0,0,0,0,,1,1,-999,-999,-999,-999,-999,-999,1,1,111,,0.0,2,751949,6z8_751949,,2025-11-25T15:48:09.301Z,-999,,-999,-999,1,2,3,2,1,2,6,13,2,9,7,10,4,14,3,11,5,1,8,12,1,1,2,1,1
112,ycvfluz9,epz,0,23,23,app_end,End,2025-11-25 15:33:33.312418,1,,,0.0,1,e5y22b4i,,,,,0,1.0,0.0,SS_WS2526,112,,0.0,3,2,3,2025-11-25T15:33:33.849Z,0,2,1,1,112,,0.0,,,,,,,,,,,2,3,3,3,0,-999,-999,1,1,112,,0.0,vkx,cos,tmy,6nj,ats,x,x,x,x,x,x,x,x,x,x,x,x,x,x,x,x,x,x,x,x,x,x,x,x,x,x,x,x,x,x,x,x,x,x,x,x,x,x,x,x,x,x,x,x,x,1,0,0,0,1,1,0,1,1,1,1,0,0,0,0,1,0,1,1,0,1,0,1,1,0,0,0,0,0,0,0,0,0,0,0,0,0,0,0,0,0,0,0,0,0,0,0,0,0,0,0,0,0,0,0,0,0,0,0,0,0,0,0,0,0,0,0,0,0,0,0,0,0,0,0,0,0,0,0,0,0,0,0,0,0,0,0,0,0,0,0,0,0,0,0,0,0,0,0,0,0,0,0,0,0,0,0,0,0,0,0,0,0,0,0,0,0,0,0,0,0,0,0,0,0,0,0,0,0,0,0,0,0,0,0,0,0,0,0,0,0,0,0,0,0,0,0,0,0,0,0,0,0,0,0,0,0,0,0,0,0,0,0,0,0,0,0,0,0,0,0,0,0,0,0,0,0,0,0,0,0,0,0,0,0,0,0,0,0,0,0,0,0,0,0,0,0,0,0,0,0,0,0,0,0,0,0,0,0,0,0,0,0,0,0,0,0,0,0,0,0,0,0,0,0,0,0,0,0,0,0,0,0,0,0,0,0,0,0,0,0,0,0,0,0,0,0,0,0,0,1,1,2,1,1,,,,,,,,,,,,,,,,,,,,,,,,,,,,,,,,,,,,,,,,,,,,,,2,,4,3,3,4,,,,,,,,,,,,,,,,,,,,,,,,,,,,,,,,,,,,,,,,,,,,,,-999,-999,-999,1,1,112,,0.0,,,,1,2.7,,5,5,2,1,2,3,5,5,4,5,6,,,11,11,11,11,5,,,,,,,,,,,,,,,,,,,,,,,,,,,,,,,,,,,,,,,,,,,,,,-999,-999,-999,1,1,112,,0.0,2,4,3,4,3,2,7,6,7,7,7,7,,,,,,,,,,,,,,,,,,,,,,,,,,,,,,,,,,,,,,,,,,,,,,2,2,2,2,2,,,,,,,,,,,,,,,,,,,,,,,,,,,,,,,,,,,,,,,,,,,,,,-999,1,1,112,,0.0,7,8,9,5,4,9,1,11,6,2,2,7,9,5,1,10,1,8,8,9,0,1,0,2,2,6,7,1,0,3,1,1,1,5,2,0,9,9,0,0,0,0,0,4,2,2,2,3,4,4,0,0,0,1,1,1,1,1,0,0,0,0,,1,1,-999,-999,-999,-999,-999,-999,1,1,112,,0.0,2,863746,epz_863746,,2025-11-25T15:50:28.149Z,-999,,-999,-999,2,1,2,1,1,2,11,10,8,5,14,4,9,12,7,3,2,6,13,1,1,2,2,1,1
113,fg63o4th,g52,0,23,23,app_end,End,2025-11-25 15:33:34.026885,1,,,0.0,1,e5y22b4i,,,,,0,1.0,0.0,SS_WS2526,113,,0.0,2,5,3,2025-11-25T15:33:34.112Z,0,3,1,1,113,,0.0,,,,,,,,,,,4,3,4,3,0,-999,-999,1,1,113,,0.0,w9x,cbf,x,x,x,x,x,x,x,x,x,x,x,x,x,x,x,x,x,x,x,x,x,x,x,x,x,x,x,x,x,x,x,x,x,x,x,x,x,x,x,x,x,x,x,x,x,x,x,x,1,0,0,0,0,1,0,0,0,0,0,0,0,0,0,0,0,0,0,0,0,0,0,0,0,0,0,0,0,0,0,0,0,0,0,0,0,0,0,0,0,0,0,0,0,0,0,0,0,0,0,0,0,0,0,0,0,0,0,0,0,0,0,0,0,0,0,0,0,0,0,0,0,0,0,0,0,0,0,0,0,0,0,0,0,0,0,0,0,0,0,0,0,0,0,0,0,0,0,0,0,0,0,0,0,0,0,0,0,0,0,0,0,0,0,0,0,0,0,0,0,0,0,0,0,0,0,0,0,0,0,0,0,0,0,0,0,0,0,0,0,0,0,0,0,0,0,0,0,0,0,0,0,0,0,0,0,0,0,0,0,0,0,0,0,0,0,0,0,0,0,0,0,0,0,0,0,0,0,0,0,0,0,0,0,0,0,0,0,0,0,0,0,0,0,0,0,0,0,0,0,0,0,0,0,0,0,0,0,0,0,0,0,0,0,0,0,0,0,0,0,0,0,0,0,0,0,0,0,0,0,0,0,0,0,0,0,0,0,0,0,0,0,0,0,0,0,0,0,0,1,2,,,,,,,,,,,,,,,,,,,,,,,,,,,,,,,,,,,,,,,,,,,,,,,,,5,5,3,,,,,,,,,,,,,,,,,,,,,,,,,,,,,,,,,,,,,,,,,,,,,,,,,-999,-999,-999,1,1,113,,0.0,,,,6,3.7,3,5,3,7,1,3,3,6,3,4,6,6,,,5,6,,,,,,,,,,,,,,,,,,,,,,,,,,,,,,,,,,,,,,,,,,,,,,,,,-999,-999,-999,1,1,113,,0.0,3,0,4,5,5,5,5,6,6,,,,,,,,,,,,,,,,,,,,,,,,,,,,,,,,,,,,,,,,,,,,,,,,,4,1,,,,,,,,,,,,,,,,,,,,,,,,,,,,,,,,,,,,,,,,,,,,,,,,,-999,1,1,113,,0.0,0,5,5,4,3,7,2,10,1,6,6,5,9,4,1,3,1,6,7,5,7,1,7,5,4,4,5,6,7,6,1,6,5,6,3,6,8,6,6,6,6,6,6,4,3,4,2,5,4,4,0,0,0,1,0,1,1,1,1,0,0,0,,1,1,-999,-999,-999,-999,-999,-999,1,1,113,,0.0,0,176771,g52_176771,,2025-11-25T15:49:04.775Z,-999,,-999,-999,3,2,3,1,3,1,10,6,11,9,4,3,8,1,12,7,2,14,13,5,2,2,1,1,1
114,va772e08,ljz,0,23,23,app_end,End,2025-11-25 15:33:34.334702,1,,,0.0,1,e5y22b4i,,,,,0,1.0,0.0,SS_WS2526,114,,0.0,3,3,3,2025-11-25T15:33:34.820Z,0,2,1,1,114,,0.0,,,,,,,,,,,4,4,4,4,0,-999,-999,1,1,114,,0.0,poi,vpi,ras,go4,fsu,x,x,x,x,x,x,x,x,x,x,x,x,x,x,x,x,x,x,x,x,x,x,x,x,x,x,x,x,x,x,x,x,x,x,x,x,x,x,x,x,x,x,x,x,x,1,0,1,1,1,1,0,1,1,1,1,0,1,1,1,1,0,1,1,1,1,0,1,1,1,0,0,0,0,0,0,0,0,0,0,0,0,0,0,0,0,0,0,0,0,0,0,0,0,0,0,0,0,0,0,0,0,0,0,0,0,0,0,0,0,0,0,0,0,0,0,0,0,0,0,0,0,0,0,0,0,0,0,0,0,0,0,0,0,0,0,0,0,0,0,0,0,0,0,0,0,0,0,0,0,0,0,0,0,0,0,0,0,0,0,0,0,0,0,0,0,0,0,0,0,0,0,0,0,0,0,0,0,0,0,0,0,0,0,0,0,0,0,0,0,0,0,0,0,0,0,0,0,0,0,0,0,0,0,0,0,0,0,0,0,0,0,0,0,0,0,0,0,0,0,0,0,0,0,0,0,0,0,0,0,0,0,0,0,0,0,0,0,0,0,0,0,0,0,0,0,0,0,0,0,0,0,0,0,0,0,0,0,0,0,0,0,0,0,0,0,0,0,0,0,0,0,0,0,0,0,0,0,0,0,0,0,0,0,0,0,0,0,0,0,0,0,0,0,0,1,1,1,1,1,,,,,,,,,,,,,,,,,,,,,,,,,,,,,,,,,,,,,,,,,,,,,,4,4,4,4,4,4,,,,,,,,,,,,,,,,,,,,,,,,,,,,,,,,,,,,,,,,,,,,,,-999,-999,-999,1,1,114,,0.0,,,,2,2.7,3,5,5,6,5,1,3,7,5,5,5,6,,,6,6,6,6,6,,,,,,,,,,,,,,,,,,,,,,,,,,,,,,,,,,,,,,,,,,,,,,-999,-999,-999,1,1,114,,0.0,1,3,3,2,2,3,6,0,0,0,0,0,,,,,,,,,,,,,,,,,,,,,,,,,,,,,,,,,,,,,,,,,,,,,,2,3,2,1,3,,,,,,,,,,,,,,,,,,,,,,,,,,,,,,,,,,,,,,,,,,,,,,-999,1,1,114,,0.0,3,9,9,5,4,8,1,11,8,3,2,10,9,4,1,9,1,10,0,9,0,1,0,0,3,0,8,1,0,3,1,1,3,9,4,0,5,1,0,0,0,0,0,4,3,4,3,4,4,4,0,0,0,1,0,1,1,1,1,0,1,0,,1,1,-999,-999,-999,-999,-999,-999,1,1,114,,0.0,0,126038,ljz_126038,,2025-11-25T15:46:32.613Z,-999,,-999,-999,1,3,1,2,2,1,5,10,3,9,6,11,7,14,8,2,12,4,13,1,2,1,2,1,1
115,5gjx3qrz,cp4,0,23,23,app_end,End,2025-11-25 15:33:34.366453,1,,,0.0,1,e5y22b4i,,,,,0,1.0,0.0,SS_WS2526,115,,0.0,3,2,3,2025-11-25T15:33:34.719Z,0,2,1,1,115,,0.0,,,,,,,,,,,4,3,2,4,0,-999,-999,1,1,115,,0.0,hxt,qlq,iqk,msn,8fi,ol7,x,x,x,x,x,x,x,x,x,x,x,x,x,x,x,x,x,x,x,x,x,x,x,x,x,x,x,x,x,x,x,x,x,x,x,x,x,x,x,x,x,x,x,x,1,0,0,0,0,1,0,0,0,0,1,0,0,0,0,1,0,0,0,0,1,0,0,0,0,1,0,0,0,0,0,0,0,0,0,0,0,0,0,0,0,0,0,0,0,0,0,0,0,0,0,0,0,0,0,0,0,0,0,0,0,0,0,0,0,0,0,0,0,0,0,0,0,0,0,0,0,0,0,0,0,0,0,0,0,0,0,0,0,0,0,0,0,0,0,0,0,0,0,0,0,0,0,0,0,0,0,0,0,0,0,0,0,0,0,0,0,0,0,0,0,0,0,0,0,0,0,0,0,0,0,0,0,0,0,0,0,0,0,0,0,0,0,0,0,0,0,0,0,0,0,0,0,0,0,0,0,0,0,0,0,0,0,0,0,0,0,0,0,0,0,0,0,0,0,0,0,0,0,0,0,0,0,0,0,0,0,0,0,0,0,0,0,0,0,0,0,0,0,0,0,0,0,0,0,0,0,0,0,0,0,0,0,0,0,0,0,0,0,0,0,0,0,0,0,0,0,0,0,0,0,0,0,0,0,0,0,0,0,0,0,0,0,0,0,0,0,0,0,0,1,1,1,1,1,1,,,,,,,,,,,,,,,,,,,,,,,,,,,,,,,,,,,,,,,,,,,,,3,4,3,4,4,4,2,,,,,,,,,,,,,,,,,,,,,,,,,,,,,,,,,,,,,,,,,,,,,-999,-999,-999,1,1,115,,0.0,,,,1,4.0,9,6,6,6,5,4,3,6,6,7,4,6,,,5,5,5,5,5,7,,,,,,,,,,,,,,,,,,,,,,,,,,,,,,,,,,,,,,,,,,,,,-999,-999,-999,1,1,115,,0.0,3,5,3,3,3,3,6,6,6,6,6,6,6,,,,,,,,,,,,,,,,,,,,,,,,,,,,,,,,,,,,,,,,,,,,,3,3,3,3,3,3,,,,,,,,,,,,,,,,,,,,,,,,,,,,,,,,,,,,,,,,,,,,,-999,1,1,115,,0.0,7,8,8,5,4,7,1,11,1,3,3,6,10,5,1,6,1,7,6,8,7,1,6,2,2,2,6,1,6,2,1,1,1,8,1,0,6,8,5,0,0,0,0,4,4,4,2,3,2,3,0,0,0,1,0,1,1,1,1,0,0,0,,2,1,-999,-999,-999,-999,-999,-999,1,1,115,,0.0,0,901835,cp4_901835,,2025-11-25T15:50:36.073Z,-999,,-999,-999,1,3,2,1,2,1,11,12,8,9,7,13,2,4,6,5,10,3,1,14,1,2,2,1,1
116,vvc7zqy2,1cb,0,23,23,app_end,End,2025-11-25 15:33:34.855866,1,,,0.0,1,e5y22b4i,,,,,0,1.0,0.0,SS_WS2526,116,,0.0,3,2,3,2025-11-25T15:33:35.309Z,0,1,1,1,116,,0.0,,,,,,,,,,,4,2,3,3,0,-999,-999,1,1,116,,0.0,r3x,aq6,qip,qdi,44p,x,x,x,x,x,x,x,x,x,x,x,x,x,x,x,x,x,x,x,x,x,x,x,x,x,x,x,x,x,x,x,x,x,x,x,x,x,x,x,x,x,x,x,x,x,1,0,1,0,0,1,0,0,0,0,1,0,0,0,0,1,0,1,1,1,1,0,1,1,1,0,0,0,0,0,0,0,0,0,0,0,0,0,0,0,0,0,0,0,0,0,0,0,0,0,0,0,0,0,0,0,0,0,0,0,0,0,0,0,0,0,0,0,0,0,0,0,0,0,0,0,0,0,0,0,0,0,0,0,0,0,0,0,0,0,0,0,0,0,0,0,0,0,0,0,0,0,0,0,0,0,0,0,0,0,0,0,0,0,0,0,0,0,0,0,0,0,0,0,0,0,0,0,0,0,0,0,0,0,0,0,0,0,0,0,0,0,0,0,0,0,0,0,0,0,0,0,0,0,0,0,0,0,0,0,0,0,0,0,0,0,0,0,0,0,0,0,0,0,0,0,0,0,0,0,0,0,0,0,0,0,0,0,0,0,0,0,0,0,0,0,0,0,0,0,0,0,0,0,0,0,0,0,0,0,0,0,0,0,0,0,0,0,0,0,0,0,0,0,0,0,0,0,0,0,0,0,0,0,0,0,0,0,0,0,0,0,0,0,0,0,0,0,0,0,1,1,1,1,1,,,,,,,,,,,,,,,,,,,,,,,,,,,,,,,,,,,,,,,,,,,,,,3,2,3,4,3,2,,,,,,,,,,,,,,,,,,,,,,,,,,,,,,,,,,,,,,,,,,,,,,-999,-999,-999,1,1,116,,0.0,,,,3,2.3,3,5,5,7,5,5,5,6,3,6,6,6,,,5,6,7,8,6,,,,,,,,,,,,,,,,,,,,,,,,,,,,,,,,,,,,,,,,,,,,,,-999,-999,-999,1,1,116,,0.0,1,4,2,2,2,2,7,7,6,5,6,7,,,,,,,,,,,,,,,,,,,,,,,,,,,,,,,,,,,,,,,,,,,,,,3,3,3,3,3,,,,,,,,,,,,,,,,,,,,,,,,,,,,,,,,,,,,,,,,,,,,,,-999,1,1,116,,0.0,7,7,8,6,4,6,2,11,10,3,2,6,11,3,1,9,1,9,0,11,0,1,0,0,2,0,6,0,0,3,1,1,1,4,1,0,11,9,0,0,0,0,0,5,3,5,4,5,5,4,0,0,0,1,1,1,1,1,1,0,0,0,,1,1,-999,-999,-999,-999,-999,-999,1,1,116,,0.0,0,714696,1cb_714696,,2025-11-25T15:53:21.662Z,-999,,-999,-999,1,3,3,1,2,1,10,11,8,1,14,5,12,3,7,2,4,6,13,9,2,1,2,1,1
117,2bv00pan,yws,0,22,23,app_end,FirstEndPage,2025-11-25 15:33:35.224440,1,,,0.0,1,e5y22b4i,,,,,0,1.0,0.0,SS_WS2526,117,,0.0,3,2,3,2025-11-25T15:33:35.523Z,0,2,1,1,117,,0.0,,,,,,,,,,,2,3,3,3,0,-999,-999,1,1,117,,0.0,j0g,x,x,x,x,x,x,x,x,x,x,x,x,x,x,x,x,x,x,x,x,x,x,x,x,x,x,x,x,x,x,x,x,x,x,x,x,x,x,x,x,x,x,x,x,x,x,x,x,x,1,0,0,0,0,0,0,0,0,0,0,0,0,0,0,0,0,0,0,0,0,0,0,0,0,0,0,0,0,0,0,0,0,0,0,0,0,0,0,0,0,0,0,0,0,0,0,0,0,0,0,0,0,0,0,0,0,0,0,0,0,0,0,0,0,0,0,0,0,0,0,0,0,0,0,0,0,0,0,0,0,0,0,0,0,0,0,0,0,0,0,0,0,0,0,0,0,0,0,0,0,0,0,0,0,0,0,0,0,0,0,0,0,0,0,0,0,0,0,0,0,0,0,0,0,0,0,0,0,0,0,0,0,0,0,0,0,0,0,0,0,0,0,0,0,0,0,0,0,0,0,0,0,0,0,0,0,0,0,0,0,0,0,0,0,0,0,0,0,0,0,0,0,0,0,0,0,0,0,0,0,0,0,0,0,0,0,0,0,0,0,0,0,0,0,0,0,0,0,0,0,0,0,0,0,0,0,0,0,0,0,0,0,0,0,0,0,0,0,0,0,0,0,0,0,0,0,0,0,0,0,0,0,0,0,0,0,0,0,0,0,0,0,0,0,0,0,0,0,0,1,,,,,,,,,,,,,,,,,,,,,,,,,,,,,,,,,,,,,,,,,,,,,,,,,,6,4,,,,,,,,,,,,,,,,,,,,,,,,,,,,,,,,,,,,,,,,,,,,,,,,,,-999,-999,-999,1,1,117,,0.0,,,,3,1.7,4,2,3,5,5,5,5,5,5,5,5,6,,,2,,,,,,,,,,,,,,,,,,,,,,,,,,,,,,,,,,,,,,,,,,,,,,,,,,-999,-999,-999,1,1,117,,0.0,3,4,3,5,4,5,5,6,,,,,,,,,,,,,,,,,,,,,,,,,,,,,,,,,,,,,,,,,,,,,,,,,,3,,,,,,,,,,,,,,,,,,,,,,,,,,,,,,,,,,,,,,,,,,,,,,,,,,-999,1,1,117,,0.0,0,9,8,5,5,8,2,11,5,6,6,6,6,6,1,6,3,6,6,6,6,2,6,5,5,6,6,3,6,5,1,1,6,7,6,7,7,7,7,7,7,7,7,3,3,3,3,3,3,3,0,0,0,1,0,1,1,0,0,0,0,0,,2,2,-999,-999,-999,-999,-999,-999,1,1,117,,0.0,1,684473,yws_684473,,-999,-999,,-999,,2,1,3,1,2,3,2,5,10,14,3,11,13,1,6,12,9,7,8,4,2,2,2,1,1
118,ejy35f19,r75,0,22,23,app_end,FirstEndPage,2025-11-25 15:33:35.368094,1,,,0.0,1,e5y22b4i,,,,,0,1.0,0.0,SS_WS2526,118,,0.0,2,5,3,2025-11-25T15:33:35.660Z,0,3,1,1,118,,0.0,,,,,,,,,,,3,4,4,4,10,-999,-999,1,1,118,,0.0,x,x,x,x,x,x,x,x,x,x,x,x,x,x,x,x,x,x,x,x,x,x,x,x,x,x,x,x,x,x,x,x,x,x,x,x,x,x,x,x,x,x,x,x,x,x,x,x,x,x,0,0,0,0,0,0,0,0,0,0,0,0,0,0,0,0,0,0,0,0,0,0,0,0,0,0,0,0,0,0,0,0,0,0,0,0,0,0,0,0,0,0,0,0,0,0,0,0,0,0,0,0,0,0,0,0,0,0,0,0,0,0,0,0,0,0,0,0,0,0,0,0,0,0,0,0,0,0,0,0,0,0,0,0,0,0,0,0,0,0,0,0,0,0,0,0,0,0,0,0,0,0,0,0,0,0,0,0,0,0,0,0,0,0,0,0,0,0,0,0,0,0,0,0,0,0,0,0,0,0,0,0,0,0,0,0,0,0,0,0,0,0,0,0,0,0,0,0,0,0,0,0,0,0,0,0,0,0,0,0,0,0,0,0,0,0,0,0,0,0,0,0,0,0,0,0,0,0,0,0,0,0,0,0,0,0,0,0,0,0,0,0,0,0,0,0,0,0,0,0,0,0,0,0,0,0,0,0,0,0,0,0,0,0,0,0,0,0,0,0,0,0,0,0,0,0,0,0,0,0,0,0,0,0,0,0,0,0,0,0,0,0,0,0,0,0,0,0,0,0,,,,,,,,,,,,,,,,,,,,,,,,,,,,,,,,,,,,,,,,,,,,,,,,,,,1,,,,,,,,,,,,,,,,,,,,,,,,,,,,,,,,,,,,,,,,,,,,,,,,,,,-999,-999,-999,1,1,118,,0.0,,,,6,3.0,10,5,5,5,5,6,5,3,7,5,4,5,,,,,,,,,,,,,,,,,,,,,,,,,,,,,,,,,,,,,,,,,,,,,,,,,,,,,-999,-999,-999,1,1,118,,0.0,3,2,2,2,3,1,6,,,,,,,,,,,,,,,,,,,,,,,,,,,,,,,,,,,,,,,,,,,,,,,,,,,,,,,,,,,,,,,,,,,,,,,,,,,,,,,,,,,,,,,,,,,,,,,,,,,,,-999,1,1,118,,0.0,6,9,9,7,7,9,1,11,6,1,1,4,2,1,1,8,6,1,1,3,2,1,6,1,1,1,1,1,7,1,1,1,1,2,1,1,9,1,0,0,0,0,0,4,1,5,1,4,5,5,0,0,0,1,0,1,1,1,1,1,1,1,,1,1,-999,-999,-999,-999,-999,-999,1,1,118,,0.0,2,234906,r75_234906,,-999,-999,,-999,-999,2,1,1,2,2,1,8,2,1,14,6,13,12,10,9,4,7,5,3,11,2,2,1,1,1
119,ay8eec2c,5ul,0,23,23,app_end,End,2025-11-25 15:33:35.436632,1,,,0.0,1,e5y22b4i,,,,,0,1.0,0.0,SS_WS2526,119,,0.0,3,2,3,2025-11-25T15:33:35.777Z,0,1,1,1,119,,0.0,,,,,,,,,,,5,4,4,4,0,-999,-999,1,1,119,,0.0,w10,x,x,x,x,x,x,x,x,x,x,x,x,x,x,x,x,x,x,x,x,x,x,x,x,x,x,x,x,x,x,x,x,x,x,x,x,x,x,x,x,x,x,x,x,x,x,x,x,x,1,0,0,0,0,0,0,0,0,0,0,0,0,0,0,0,0,0,0,0,0,0,0,0,0,0,0,0,0,0,0,0,0,0,0,0,0,0,0,0,0,0,0,0,0,0,0,0,0,0,0,0,0,0,0,0,0,0,0,0,0,0,0,0,0,0,0,0,0,0,0,0,0,0,0,0,0,0,0,0,0,0,0,0,0,0,0,0,0,0,0,0,0,0,0,0,0,0,0,0,0,0,0,0,0,0,0,0,0,0,0,0,0,0,0,0,0,0,0,0,0,0,0,0,0,0,0,0,0,0,0,0,0,0,0,0,0,0,0,0,0,0,0,0,0,0,0,0,0,0,0,0,0,0,0,0,0,0,0,0,0,0,0,0,0,0,0,0,0,0,0,0,0,0,0,0,0,0,0,0,0,0,0,0,0,0,0,0,0,0,0,0,0,0,0,0,0,0,0,0,0,0,0,0,0,0,0,0,0,0,0,0,0,0,0,0,0,0,0,0,0,0,0,0,0,0,0,0,0,0,0,0,0,0,0,0,0,0,0,0,0,0,0,0,0,0,0,0,0,0,1,,,,,,,,,,,,,,,,,,,,,,,,,,,,,,,,,,,,,,,,,,,,,,,,,,6,7,,,,,,,,,,,,,,,,,,,,,,,,,,,,,,,,,,,,,,,,,,,,,,,,,,-999,-999,-999,1,1,119,,0.0,,,,6,0,,5,4,4,6,5,6,6,4,3,5,6,,,0,,,,,,,,,,,,,,,,,,,,,,,,,,,,,,,,,,,,,,,,,,,,,,,,,,-999,-999,-999,1,1,119,,0.0,2,5,5,4,4,5,5,0,,,,,,,,,,,,,,,,,,,,,,,,,,,,,,,,,,,,,,,,,,,,,,,,,,0,,,,,,,,,,,,,,,,,,,,,,,,,,,,,,,,,,,,,,,,,,,,,,,,,,-999,1,1,119,,0.0,1,6,7,5,4,7,2,10,1,8,5,6,7,7,1,2,1,8,4,7,0,1,0,4,5,4,6,1,0,7,1,1,2,8,3,6,6,6,6,0,0,0,0,4,4,4,4,4,4,4,0,1,1,1,0,1,1,1,0,0,0,0,,2,1,-999,-999,-999,-999,-999,-999,1,1,119,,0.0,2,467805,5ul_467805,,2025-11-25T15:45:16.372Z,-999,,-999,-999,3,2,3,2,2,3,4,7,10,13,14,9,1,5,3,2,12,6,8,11,1,2,1,1,1
120,doeq9skj,9vw,0,23,23,app_end,End,2025-11-25 15:33:35.822692,1,,,0.0,1,e5y22b4i,,,,,0,1.0,0.0,SS_WS2526,120,,0.0,3,2,3,2025-11-25T15:33:36.026Z,0,2,1,1,120,,0.0,,,,,,,,,,,3,3,3,3,0,-999,-999,1,1,120,,0.0,95j,cp4,qlq,x,x,x,x,x,x,x,x,x,x,x,x,x,x,x,x,x,x,x,x,x,x,x,x,x,x,x,x,x,x,x,x,x,x,x,x,x,x,x,x,x,x,x,x,x,x,x,1,0,0,1,1,1,0,0,0,1,0,0,1,1,0,0,0,0,0,0,0,0,0,0,0,0,0,0,0,0,0,0,0,0,0,0,0,0,0,0,0,0,0,0,0,0,0,0,0,0,0,0,0,0,0,0,0,0,0,0,0,0,0,0,0,0,0,0,0,0,0,0,0,0,0,0,0,0,0,0,0,0,0,0,0,0,0,0,0,0,0,0,0,0,0,0,0,0,0,0,0,0,0,0,0,0,0,0,0,0,0,0,0,0,0,0,0,0,0,0,0,0,0,0,0,0,0,0,0,0,0,0,0,0,0,0,0,0,0,0,0,0,0,0,0,0,0,0,0,0,0,0,0,0,0,0,0,0,0,0,0,0,0,0,0,0,0,0,0,0,0,0,0,0,0,0,0,0,0,0,0,0,0,0,0,0,0,0,0,0,0,0,0,0,0,0,0,0,0,0,0,0,0,0,0,0,0,0,0,0,0,0,0,0,0,0,0,0,0,0,0,0,0,0,0,0,0,0,0,0,0,0,0,0,0,0,0,0,0,0,0,0,0,0,0,0,0,0,0,0,1,1,1,,,,,,,,,,,,,,,,,,,,,,,,,,,,,,,,,,,,,,,,,,,,,,,,4,5,5,5,,,,,,,,,,,,,,,,,,,,,,,,,,,,,,,,,,,,,,,,,,,,,,,,-999,-999,-999,1,1,120,,0.0,,,,2,2.0,5,5,4,7,6,6,6,6,5,7,4,6,,,4,2,2,,,,,,,,,,,,,,,,,,,,,,,,,,,,,,,,,,,,,,,,,,,,,,,,-999,-999,-999,1,1,120,,0.0,2,6,0,4,4,4,6,6,7,7,,,,,,,,,,,,,,,,,,,,,,,,,,,,,,,,,,,,,,,,,,,,,,,,4,4,4,,,,,,,,,,,,,,,,,,,,,,,,,,,,,,,,,,,,,,,,,,,,,,,,-999,1,1,120,,0.0,3,8,8,6,4,9,1,11,0,7,6,10,8,6,1,0,3,8,9,6,0,1,0,7,5,8,7,1,0,6,1,2,0,6,4,0,5,7,0,0,0,0,0,3,4,3,4,4,5,4,0,0,0,1,0,1,0,1,0,0,0,0,,2,1,-999,-999,-999,-999,-999,-999,1,1,120,,0.0,0,152957,9vw_152957,,2025-11-25T15:52:27.595Z,-999,,-999,-999,2,1,3,2,1,2,13,8,3,14,6,1,5,9,12,7,2,11,10,4,2,1,2,1,1
121,vwtwjppn,3ue,0,23,23,app_end,End,2025-11-25 15:33:36.465898,1,,,0.0,1,e5y22b4i,,,,,0,1.0,0.0,SS_WS2526,121,,0.0,1,5,3,2025-11-25T15:33:36.663Z,0,2,1,1,121,,0.0,,,,,,,,,,,4,3,0,4,0,-999,-999,1,1,121,,0.0,ier,87a,i8x,x,x,x,x,x,x,x,x,x,x,x,x,x,x,x,x,x,x,x,x,x,x,x,x,x,x,x,x,x,x,x,x,x,x,x,x,x,x,x,x,x,x,x,x,x,x,x,1,0,1,1,1,1,0,0,0,1,1,0,0,1,1,0,0,0,0,0,0,0,0,0,0,0,0,0,0,0,0,0,0,0,0,0,0,0,0,0,0,0,0,0,0,0,0,0,0,0,0,0,0,0,0,0,0,0,0,0,0,0,0,0,0,0,0,0,0,0,0,0,0,0,0,0,0,0,0,0,0,0,0,0,0,0,0,0,0,0,0,0,0,0,0,0,0,0,0,0,0,0,0,0,0,0,0,0,0,0,0,0,0,0,0,0,0,0,0,0,0,0,0,0,0,0,0,0,0,0,0,0,0,0,0,0,0,0,0,0,0,0,0,0,0,0,0,0,0,0,0,0,0,0,0,0,0,0,0,0,0,0,0,0,0,0,0,0,0,0,0,0,0,0,0,0,0,0,0,0,0,0,0,0,0,0,0,0,0,0,0,0,0,0,0,0,0,0,0,0,0,0,0,0,0,0,0,0,0,0,0,0,0,0,0,0,0,0,0,0,0,0,0,0,0,0,0,0,0,0,0,0,0,0,0,0,0,0,0,0,0,0,0,0,0,0,0,0,0,0,1,1,1,,,,,,,,,,,,,,,,,,,,,,,,,,,,,,,,,,,,,,,,,,,,,,,,5,4,7,3,,,,,,,,,,,,,,,,,,,,,,,,,,,,,,,,,,,,,,,,,,,,,,,,-999,-999,-999,1,1,121,,0.0,,,,2,2.3,8,6,6,7,7,7,7,7,6,7,7,6,,,4,6,4,,,,,,,,,,,,,,,,,,,,,,,,,,,,,,,,,,,,,,,,,,,,,,,,-999,-999,-999,1,1,121,,0.0,1,3,2,2,3,4,7,7,5,6,,,,,,,,,,,,,,,,,,,,,,,,,,,,,,,,,,,,,,,,,,,,,,,,1,1,1,,,,,,,,,,,,,,,,,,,,,,,,,,,,,,,,,,,,,,,,,,,,,,,,-999,1,1,121,,0.0,5,9,10,4,3,6,1,0,9,3,2,9,9,10,1,1,1,6,6,6,6,1,2,1,3,6,8,1,6,1,1,1,1,9,1,8,6,8,3,0,2,1,1,2,2,3,4,1,2,3,0,1,0,1,0,1,1,1,1,0,0,0,,1,1,-999,-999,-999,-999,-999,-999,1,1,121,,0.0,1,671088,3ue_671088,,2025-11-25T15:46:55.966Z,-999,,-999,,2,3,3,1,2,1,10,8,14,4,5,6,7,12,1,3,11,13,2,9,2,2,1,1,1
122,qtuhbe2h,yyj,0,23,23,app_end,End,2025-11-25 15:33:37.275700,1,,,0.0,1,e5y22b4i,,,,,0,1.0,0.0,SS_WS2526,122,,0.0,3,2,3,2025-11-25T15:33:37.738Z,1,2,1,1,122,,0.0,,,,,,,,,,,3,2,0,3,0,-999,-999,1,1,122,,0.0,cav,wom,0fo,hro,bty,jjt,5sz,ej8,ayq,x,x,x,x,x,x,x,x,x,x,x,x,x,x,x,x,x,x,x,x,x,x,x,x,x,x,x,x,x,x,x,x,x,x,x,x,x,x,x,x,x,1,0,0,0,0,1,0,0,1,1,0,0,0,1,0,1,0,1,1,1,1,1,0,0,0,1,0,0,0,0,0,1,0,0,0,0,0,1,0,0,1,1,1,1,1,0,0,0,0,0,0,0,0,0,0,0,0,0,0,0,0,0,0,0,0,0,0,0,0,0,0,0,0,0,0,0,0,0,0,0,0,0,0,0,0,0,0,0,0,0,0,0,0,0,0,0,0,0,0,0,0,0,0,0,0,0,0,0,0,0,0,0,0,0,0,0,0,0,0,0,0,0,0,0,0,0,0,0,0,0,0,0,0,0,0,0,0,0,0,0,0,0,0,0,0,0,0,0,0,0,0,0,0,0,0,0,0,0,0,0,0,0,0,0,0,0,0,0,0,0,0,0,0,0,0,0,0,0,0,0,0,0,0,0,0,0,0,0,0,0,0,0,0,0,0,0,0,0,0,0,0,0,0,0,0,0,0,0,0,0,0,0,0,0,0,0,0,0,0,0,0,0,0,0,0,0,0,0,0,0,0,0,0,0,0,0,0,0,0,0,0,0,0,0,0,0,0,0,0,0,1,1,1,1,2,2,2,2,1,,,,,,,,,,,,,,,,,,,,,,,,,,,,,,,,,,,,,,,,,,4,5,4,5,0,0,0,5,4,4,,,,,,,,,,,,,,,,,,,,,,,,,,,,,,,,,,,,,,,,,,-999,-999,-999,1,1,122,,0.0,,,,6,3.3,4,5,7,5,7,7,7,7,7,6,6,6,,,4,2,8,0,0,5,4,5,3,,,,,,,,,,,,,,,,,,,,,,,,,,,,,,,,,,,,,,,,,,-999,-999,-999,1,1,122,,0.0,3,3,5,3,2,3,6,3,2,3,4,3,0,0,4,3,,,,,,,,,,,,,,,,,,,,,,,,,,,,,,,,,,,,,,,,,,2,4,2,3,4,3,3,2,1,,,,,,,,,,,,,,,,,,,,,,,,,,,,,,,,,,,,,,,,,,-999,1,1,122,,0.0,7,7,8,5,4,6,4,11,8,4,3,9,10,3,1,5,2,8,0,8,0,1,0,0,3,0,0,0,0,3,1,1,1,8,3,6,9,7,0,0,0,0,0,4,3,4,2,4,2,4,0,0,1,1,0,1,1,1,1,0,0,0,,2,2,-999,-999,-999,-999,-999,-999,1,1,122,,0.0,2,378900,yyj_378900,,2025-11-25T15:45:55.790Z,-999,,-999,-999,2,1,2,3,3,1,9,8,14,7,11,13,6,2,10,3,12,1,4,5,2,1,2,1,1
123,nk6ngnte,c38,0,23,23,app_end,End,2025-11-25 15:33:37.770628,1,,,0.0,1,e5y22b4i,,,,,0,1.0,0.0,SS_WS2526,123,,0.0,3,2,3,2025-11-25T15:33:38.111Z,0,2,1,1,123,,0.0,,,,,,,,,,,2,3,2,3,0,-999,-999,1,1,123,,0.0,99v,zit,pdp,07h,x,x,x,x,x,x,x,x,x,x,x,x,x,x,x,x,x,x,x,x,x,x,x,x,x,x,x,x,x,x,x,x,x,x,x,x,x,x,x,x,x,x,x,x,x,x,0,0,0,0,0,0,0,0,0,0,0,0,0,0,0,1,0,1,0,1,0,0,0,0,0,0,0,0,0,0,0,0,0,0,0,0,0,0,0,0,0,0,0,0,0,0,0,0,0,0,0,0,0,0,0,0,0,0,0,0,0,0,0,0,0,0,0,0,0,0,0,0,0,0,0,0,0,0,0,0,0,0,0,0,0,0,0,0,0,0,0,0,0,0,0,0,0,0,0,0,0,0,0,0,0,0,0,0,0,0,0,0,0,0,0,0,0,0,0,0,0,0,0,0,0,0,0,0,0,0,0,0,0,0,0,0,0,0,0,0,0,0,0,0,0,0,0,0,0,0,0,0,0,0,0,0,0,0,0,0,0,0,0,0,0,0,0,0,0,0,0,0,0,0,0,0,0,0,0,0,0,0,0,0,0,0,0,0,0,0,0,0,0,0,0,0,0,0,0,0,0,0,0,0,0,0,0,0,0,0,0,0,0,0,0,0,0,0,0,0,0,0,0,0,0,0,0,0,0,0,0,0,0,0,0,0,0,0,0,0,0,0,0,0,0,0,0,0,0,0,4,3,2,1,,,,,,,,,,,,,,,,,,,,,,,,,,,,,,,,,,,,,,,,,,,,,,,1,0,0,0,7,,,,,,,,,,,,,,,,,,,,,,,,,,,,,,,,,,,,,,,,,,,,,,,-999,-999,-999,1,1,123,,0.0,,,,4,2.3,8,4,4,5,5,5,5,7,6,5,2,4,,,0,0,0,0,,,,,,,,,,,,,,,,,,,,,,,,,,,,,,,,,,,,,,,,,,,,,,,-999,-999,-999,1,1,123,,0.0,1,1,3,4,2,1,7,6,6,6,6,,,,,,,,,,,,,,,,,,,,,,,,,,,,,,,,,,,,,,,,,,,,,,,3,3,3,4,,,,,,,,,,,,,,,,,,,,,,,,,,,,,,,,,,,,,,,,,,,,,,,-999,1,1,123,,0.0,6,9,10,7,6,8,5,11,0,1,1,4,3,2,1,7,1,3,6,7,6,1,7,3,2,4,5,1,8,2,1,1,1,4,1,5,11,8,6,6,6,1,10,4,1,4,1,4,4,4,0,0,0,0,0,1,0,1,1,1,1,0,,1,1,-999,-999,-999,-999,-999,-999,1,1,123,,0.0,1,628608,c38_628608,,2025-11-25T15:44:47.482Z,-999,,-999,,2,3,3,2,2,3,8,7,13,4,5,12,3,11,14,1,9,10,6,2,2,1,2,1,1
124,ouqccbui,xfz,0,23,23,app_end,End,2025-11-25 15:33:37.943436,1,,,0.0,1,e5y22b4i,,,,,0,1.0,0.0,SS_WS2526,124,,0.0,2,5,3,2025-11-25T15:33:38.264Z,0,3,1,1,124,,0.0,,,,,,,,,,,1,3,1,3,25,-999,-999,1,1,124,,0.0,0dz,x,x,x,x,x,x,x,x,x,x,x,x,x,x,x,x,x,x,x,x,x,x,x,x,x,x,x,x,x,x,x,x,x,x,x,x,x,x,x,x,x,x,x,x,x,x,x,x,x,0,0,1,0,1,0,0,0,0,0,0,0,0,0,0,0,0,0,0,0,0,0,0,0,0,0,0,0,0,0,0,0,0,0,0,0,0,0,0,0,0,0,0,0,0,0,0,0,0,0,0,0,0,0,0,0,0,0,0,0,0,0,0,0,0,0,0,0,0,0,0,0,0,0,0,0,0,0,0,0,0,0,0,0,0,0,0,0,0,0,0,0,0,0,0,0,0,0,0,0,0,0,0,0,0,0,0,0,0,0,0,0,0,0,0,0,0,0,0,0,0,0,0,0,0,0,0,0,0,0,0,0,0,0,0,0,0,0,0,0,0,0,0,0,0,0,0,0,0,0,0,0,0,0,0,0,0,0,0,0,0,0,0,0,0,0,0,0,0,0,0,0,0,0,0,0,0,0,0,0,0,0,0,0,0,0,0,0,0,0,0,0,0,0,0,0,0,0,0,0,0,0,0,0,0,0,0,0,0,0,0,0,0,0,0,0,0,0,0,0,0,0,0,0,0,0,0,0,0,0,0,0,0,0,0,0,0,0,0,0,0,0,0,0,0,0,0,0,0,0,1,,,,,,,,,,,,,,,,,,,,,,,,,,,,,,,,,,,,,,,,,,,,,,,,,,4,3,,,,,,,,,,,,,,,,,,,,,,,,,,,,,,,,,,,,,,,,,,,,,,,,,,-999,-999,-999,1,1,124,,0.0,,,,3,3.0,2,6,0,6,3,3,5,6,6,4,2,4,,,6,,,,,,,,,,,,,,,,,,,,,,,,,,,,,,,,,,,,,,,,,,,,,,,,,,-999,-999,-999,1,1,124,,0.0,2,6,2,4,3,4,5,7,,,,,,,,,,,,,,,,,,,,,,,,,,,,,,,,,,,,,,,,,,,,,,,,,,1,,,,,,,,,,,,,,,,,,,,,,,,,,,,,,,,,,,,,,,,,,,,,,,,,,-999,1,1,124,,0.0,3,6,8,4,3,9,2,10,0,4,2,9,10,2,1,2,1,10,6,9,6,1,6,4,3,8,7,1,3,5,1,1,1,8,4,8,9,10,0,0,0,0,0,5,4,5,4,5,4,4,0,0,0,1,0,1,0,1,0,0,1,1,,1,1,-999,-999,-999,-999,-999,-999,1,1,124,,0.0,0,800767,xfz_800767,T,2025-11-25T15:46:54.623Z,-999,,-999,-999,3,2,2,1,1,2,9,11,2,3,7,13,10,5,4,14,1,6,12,8,1,1,2,1,1
125,gib0upid,u5b,0,23,23,app_end,End,2025-11-25 15:33:39.218425,1,,,0.0,1,e5y22b4i,,,,,0,1.0,0.0,SS_WS2526,125,,0.0,3,2,3,2025-11-25T15:33:39.410Z,1,2,1,1,125,,0.0,,,,,,,,,,,4,5,4,5,0,-999,-999,1,1,125,,0.0,rji,poi,8ke,bjp,l7r,i9d,h3h,30d,oae,zfv,cav,1k3,7mf,x,x,x,x,x,x,x,x,x,x,x,x,x,x,x,x,x,x,x,x,x,x,x,x,x,x,x,x,x,x,x,x,x,x,x,x,x,1,0,0,0,1,1,0,0,0,0,1,0,1,1,1,1,0,0,1,1,1,0,1,1,1,1,0,0,0,1,1,0,0,1,1,1,0,0,1,1,1,0,0,0,0,1,0,0,0,0,1,0,0,0,0,1,0,1,1,1,1,0,1,0,0,0,0,0,0,0,0,0,0,0,0,0,0,0,0,0,0,0,0,0,0,0,0,0,0,0,0,0,0,0,0,0,0,0,0,0,0,0,0,0,0,0,0,0,0,0,0,0,0,0,0,0,0,0,0,0,0,0,0,0,0,0,0,0,0,0,0,0,0,0,0,0,0,0,0,0,0,0,0,0,0,0,0,0,0,0,0,0,0,0,0,0,0,0,0,0,0,0,0,0,0,0,0,0,0,0,0,0,0,0,0,0,0,0,0,0,0,0,0,0,0,0,0,0,0,0,0,0,0,0,0,0,0,0,0,0,0,0,0,0,0,0,0,0,0,0,0,0,0,0,0,0,0,0,0,0,0,0,0,0,0,0,0,0,0,0,0,0,0,0,0,0,0,0,0,0,0,0,0,0,0,0,0,0,0,0,1,2,1,1,1,1,1,1,1,1,1,3,1,,,,,,,,,,,,,,,,,,,,,,,,,,,,,,,,,,,,,,6,6,3,3,6,3,4,3,3,4,5,4,3,3,,,,,,,,,,,,,,,,,,,,,,,,,,,,,,,,,,,,,,-999,-999,-999,1,1,125,,0.0,,,,2,2.7,5,6,5,5,7,6,7,7,2,5,6,6,,,6,6,6,6,6,6,6,6,6,6,6,6,6,,,,,,,,,,,,,,,,,,,,,,,,,,,,,,,,,,,,,,-999,-999,-999,1,1,125,,0.0,2,2,2,2,3,3,6,6,6,6,6,6,6,6,6,6,6,6,6,6,,,,,,,,,,,,,,,,,,,,,,,,,,,,,,,,,,,,,,2,2,2,2,2,2,2,2,2,2,2,2,2,,,,,,,,,,,,,,,,,,,,,,,,,,,,,,,,,,,,,,-999,1,1,125,,0.0,11,0,0,0,0,0,1,11,9,8,0,7,9,0,1,0,2,0,0,0,0,0,0,0,0,0,0,0,0,4,1,1,1,9,1,0,7,0,0,0,0,0,0,3,3,4,4,5,5,5,0,0,0,1,0,1,0,1,1,0,0,0,,1,2,-999,-999,-999,-999,-999,-999,1,1,125,,0.0,2,956893,u5b_956893,,2025-11-25T15:55:48.454Z,-999,,-999,-999,2,3,3,1,3,2,7,1,9,2,12,14,6,11,8,10,3,5,4,13,1,1,1,1,1
126,v70gngwu,5ga,0,23,23,app_end,End,2025-11-25 15:33:39.908892,1,,,0.0,1,e5y22b4i,,,,,0,1.0,0.0,SS_WS2526,126,,0.0,3,1,4,2025-11-25T15:35:02.864Z,0,,1,1,126,,0.0,,,,,,,,,,,4,3,2,3,0,-999,-999,1,1,126,,0.0,kfs,x,x,x,x,x,x,x,x,x,x,x,x,x,x,x,x,x,x,x,x,x,x,x,x,x,x,x,x,x,x,x,x,x,x,x,x,x,x,x,x,x,x,x,x,x,x,x,x,x,1,0,0,0,0,0,0,0,0,0,0,0,0,0,0,0,0,0,0,0,0,0,0,0,0,0,0,0,0,0,0,0,0,0,0,0,0,0,0,0,0,0,0,0,0,0,0,0,0,0,0,0,0,0,0,0,0,0,0,0,0,0,0,0,0,0,0,0,0,0,0,0,0,0,0,0,0,0,0,0,0,0,0,0,0,0,0,0,0,0,0,0,0,0,0,0,0,0,0,0,0,0,0,0,0,0,0,0,0,0,0,0,0,0,0,0,0,0,0,0,0,0,0,0,0,0,0,0,0,0,0,0,0,0,0,0,0,0,0,0,0,0,0,0,0,0,0,0,0,0,0,0,0,0,0,0,0,0,0,0,0,0,0,0,0,0,0,0,0,0,0,0,0,0,0,0,0,0,0,0,0,0,0,0,0,0,0,0,0,0,0,0,0,0,0,0,0,0,0,0,0,0,0,0,0,0,0,0,0,0,0,0,0,0,0,0,0,0,0,0,0,0,0,0,0,0,0,0,0,0,0,0,0,0,0,0,0,0,0,0,0,0,0,0,0,0,0,0,0,0,1,,,,,,,,,,,,,,,,,,,,,,,,,,,,,,,,,,,,,,,,,,,,,,,,,,4,6,,,,,,,,,,,,,,,,,,,,,,,,,,,,,,,,,,,,,,,,,,,,,,,,,,-999,-999,-999,1,1,126,,0.0,,,,5,4.0,5,3,3,3,1,3,4,4,7,3,4,0,,,1,,,,,,,,,,,,,,,,,,,,,,,,,,,,,,,,,,,,,,,,,,,,,,,,,,-999,-999,-999,1,1,126,,0.0,1,4,3,2,3,3,6,5,,,,,,,,,,,,,,,,,,,,,,,,,,,,,,,,,,,,,,,,,,,,,,,,,,1,,,,,,,,,,,,,,,,,,,,,,,,,,,,,,,,,,,,,,,,,,,,,,,,,,-999,1,1,126,,0.0,6,9,9,7,7,10,4,11,10,2,2,7,7,2,1,10,2,0,0,0,0,1,0,0,0,0,0,0,0,0,0,0,0,0,0,0,0,0,0,0,0,0,0,0,0,0,0,0,0,0,0,0,0,0,0,0,0,0,0,0,0,0,,2,1,-999,-999,-999,-999,-999,-999,1,1,126,,0.0,1,836664,5ga_836664,,2025-11-25T15:45:21.910Z,-999,,-999,,2,3,2,3,1,3,10,14,1,2,9,5,6,13,11,4,12,8,3,7,1,2,2,1,1
127,fw2zs4uj,qyx,0,23,23,app_end,End,2025-11-25 15:33:40.124735,1,,,0.0,1,e5y22b4i,,,,,0,1.0,0.0,SS_WS2526,127,,0.0,3,2,3,2025-11-25T15:33:40.383Z,0,2,1,1,127,,0.0,,,,,,,,,,,4,3,4,3,5,-999,-999,1,1,127,,0.0,x,x,x,x,x,x,x,x,x,x,x,x,x,x,x,x,x,x,x,x,x,x,x,x,x,x,x,x,x,x,x,x,x,x,x,x,x,x,x,x,x,x,x,x,x,x,x,x,x,x,0,0,0,0,0,0,0,0,0,0,0,0,0,0,0,0,0,0,0,0,0,0,0,0,0,0,0,0,0,0,0,0,0,0,0,0,0,0,0,0,0,0,0,0,0,0,0,0,0,0,0,0,0,0,0,0,0,0,0,0,0,0,0,0,0,0,0,0,0,0,0,0,0,0,0,0,0,0,0,0,0,0,0,0,0,0,0,0,0,0,0,0,0,0,0,0,0,0,0,0,0,0,0,0,0,0,0,0,0,0,0,0,0,0,0,0,0,0,0,0,0,0,0,0,0,0,0,0,0,0,0,0,0,0,0,0,0,0,0,0,0,0,0,0,0,0,0,0,0,0,0,0,0,0,0,0,0,0,0,0,0,0,0,0,0,0,0,0,0,0,0,0,0,0,0,0,0,0,0,0,0,0,0,0,0,0,0,0,0,0,0,0,0,0,0,0,0,0,0,0,0,0,0,0,0,0,0,0,0,0,0,0,0,0,0,0,0,0,0,0,0,0,0,0,0,0,0,0,0,0,0,0,0,0,0,0,0,0,0,0,0,0,0,0,0,0,0,0,0,0,,,,,,,,,,,,,,,,,,,,,,,,,,,,,,,,,,,,,,,,,,,,,,,,,,,,,,,,,,,,,,,,,,,,,,,,,,,,,,,,,,,,,,,,,,,,,,,,,,,,,,-999,-999,-999,1,1,127,,0.0,,,,1,2.7,2,6,6,6,4,4,5,6,3,6,6,6,,,,,,,,,,,,,,,,,,,,,,,,,,,,,,,,,,,,,,,,,,,,,,,,,,,,,-999,-999,-999,1,1,127,,0.0,3,7,6,6,3,6,4,,,,,,,,,,,,,,,,,,,,,,,,,,,,,,,,,,,,,,,,,,,,,,,,,,,,,,,,,,,,,,,,,,,,,,,,,,,,,,,,,,,,,,,,,,,,,,,,,,,,,-999,1,1,127,,0.0,1,9,0,1,3,0,1,11,2,11,11,3,1,9,1,1,1,6,6,0,0,1,1,8,10,6,6,6,10,10,1,1,1,1,1,4,6,6,0,5,5,4,3,4,3,3,3,2,2,2,0,0,0,1,0,0,1,1,1,0,0,0,,1,2,-999,-999,-999,-999,-999,-999,1,1,127,,0.0,2,249428,qyx_249428,:),2025-11-25T15:41:45.646Z,-999,,-999,-999,2,3,2,3,3,2,7,5,4,11,1,9,6,8,3,2,13,14,10,12,1,2,2,1,1
128,kzyzdvaj,wom,0,22,23,app_end,FirstEndPage,2025-11-25 15:33:40.307092,1,,,0.0,1,e5y22b4i,,,,,0,1.0,0.0,SS_WS2526,128,,0.0,3,2,3,2025-11-25T15:33:40.264Z,0,2,1,1,128,,0.0,,,,,,,,,,,4,2,4,3,,-999,-999,1,1,128,,0.0,cav,0fo,e42,hro,ayq,yyj,x,x,x,x,x,x,x,x,x,x,x,x,x,x,x,x,x,x,x,x,x,x,x,x,x,x,x,x,x,x,x,x,x,x,x,x,x,x,x,x,x,x,x,x,1,0,0,1,1,1,1,0,1,1,1,0,0,0,1,1,0,0,0,1,1,0,0,0,1,1,0,0,0,1,0,0,0,0,0,0,0,0,0,0,0,0,0,0,0,0,0,0,0,0,0,0,0,0,0,0,0,0,0,0,0,0,0,0,0,0,0,0,0,0,0,0,0,0,0,0,0,0,0,0,0,0,0,0,0,0,0,0,0,0,0,0,0,0,0,0,0,0,0,0,0,0,0,0,0,0,0,0,0,0,0,0,0,0,0,0,0,0,0,0,0,0,0,0,0,0,0,0,0,0,0,0,0,0,0,0,0,0,0,0,0,0,0,0,0,0,0,0,0,0,0,0,0,0,0,0,0,0,0,0,0,0,0,0,0,0,0,0,0,0,0,0,0,0,0,0,0,0,0,0,0,0,0,0,0,0,0,0,0,0,0,0,0,0,0,0,0,0,0,0,0,0,0,0,0,0,0,0,0,0,0,0,0,0,0,0,0,0,0,0,0,0,0,0,0,0,0,0,0,0,0,0,0,0,0,0,0,0,0,0,0,0,0,0,0,0,0,0,0,0,1,1,1,1,1,1,,,,,,,,,,,,,,,,,,,,,,,,,,,,,,,,,,,,,,,,,,,,,5,5,6,6,5,5,5,,,,,,,,,,,,,,,,,,,,,,,,,,,,,,,,,,,,,,,,,,,,,-999,-999,-999,1,1,128,,0.0,,,,1,2.0,8,4,3,6,7,5,5,7,4,6,6,6,,,4,4,4,4,4,4,,,,,,,,,,,,,,,,,,,,,,,,,,,,,,,,,,,,,,,,,,,,,-999,-999,-999,1,1,128,,0.0,3,5,5,4,5,5,3,2,2,4,4,4,5,,,,,,,,,,,,,,,,,,,,,,,,,,,,,,,,,,,,,,,,,,,,,5,5,4,4,4,4,,,,,,,,,,,,,,,,,,,,,,,,,,,,,,,,,,,,,,,,,,,,,-999,1,1,128,,0.0,1,8,8,4,3,0,1,11,4,8,2,10,6,9,1,3,1,9,9,0,0,1,0,9,3,0,9,1,0,4,1,1,1,5,1,7,7,0,0,0,0,0,0,5,4,4,3,4,4,4,0,0,0,1,0,1,1,1,1,0,0,0,,1,1,-999,-999,-999,-999,-999,-999,1,1,128,,0.0,1,362134,wom_362134,,-999,-999,,-999,,3,1,2,1,2,1,3,14,10,2,13,5,6,4,11,7,1,12,8,9,1,1,1,1,1
129,5fkhn5xk,kfs,0,23,23,app_end,End,2025-11-25 15:33:40.469811,1,,,0.0,1,e5y22b4i,,,,,0,1.0,0.0,SS_WS2526,129,,0.0,2,4,3,2025-11-25T15:33:40.154Z,0,3,1,1,129,,0.0,,,,,,,,,,,4,4,3,4,20,-999,-999,1,1,129,,0.0,hxt,g1x,xkh,x,x,x,x,x,x,x,x,x,x,x,x,x,x,x,x,x,x,x,x,x,x,x,x,x,x,x,x,x,x,x,x,x,x,x,x,x,x,x,x,x,x,x,x,x,x,x,1,0,0,0,0,0,1,0,0,0,0,0,1,0,1,0,0,0,0,0,0,0,0,0,0,0,0,0,0,0,0,0,0,0,0,0,0,0,0,0,0,0,0,0,0,0,0,0,0,0,0,0,0,0,0,0,0,0,0,0,0,0,0,0,0,0,0,0,0,0,0,0,0,0,0,0,0,0,0,0,0,0,0,0,0,0,0,0,0,0,0,0,0,0,0,0,0,0,0,0,0,0,0,0,0,0,0,0,0,0,0,0,0,0,0,0,0,0,0,0,0,0,0,0,0,0,0,0,0,0,0,0,0,0,0,0,0,0,0,0,0,0,0,0,0,0,0,0,0,0,0,0,0,0,0,0,0,0,0,0,0,0,0,0,0,0,0,0,0,0,0,0,0,0,0,0,0,0,0,0,0,0,0,0,0,0,0,0,0,0,0,0,0,0,0,0,0,0,0,0,0,0,0,0,0,0,0,0,0,0,0,0,0,0,0,0,0,0,0,0,0,0,0,0,0,0,0,0,0,0,0,0,0,0,0,0,0,0,0,0,0,0,0,0,0,0,0,0,0,0,,,,,,,,,,,,,,,,,,,,,,,,,,,,,,,,,,,,,,,,,,,,,,,,,,,4,5,5,5,,,,,,,,,,,,,,,,,,,,,,,,,,,,,,,,,,,,,,,,,,,,,,,,-999,-999,-999,1,1,129,,0.0,,,,5,4.0,6,5,4,5,1,4,7,4,5,,4,5,,,10,10,10,,,,,,,,,,,,,,,,,,,,,,,,,,,,,,,,,,,,,,,,,,,,,,,,-999,-999,-999,1,1,129,,0.0,4,4,4,4,4,4,4,4,4,4,,,,,,,,,,,,,,,,,,,,,,,,,,,,,,,,,,,,,,,,,,,,,,,,4,4,4,,,,,,,,,,,,,,,,,,,,,,,,,,,,,,,,,,,,,,,,,,,,,,,,-999,1,1,129,,0.0,7,8,8,4,3,8,1,11,2,2,3,11,10,3,1,9,1,6,6,10,1,1,6,6,6,0,0,0,0,0,0,0,0,0,0,0,0,0,0,0,0,0,0,0,0,0,0,0,0,0,0,0,0,1,0,1,1,1,0,0,0,0,,1,1,-999,-999,-999,-999,-999,-999,1,1,129,,0.0,0,542188,kfs_542188,,2025-11-25T15:44:06.601Z,-999,,-999,-999,1,2,2,3,3,2,2,3,7,11,1,14,8,6,12,13,4,10,9,5,2,1,1,1,1
130,ll6ey7ok,qoh,0,23,23,app_end,End,2025-11-25 15:33:40.872080,1,,,0.0,1,e5y22b4i,,,,,0,1.0,0.0,SS_WS2526,130,,0.0,3,2,3,2025-11-25T15:33:41.119Z,0,2,1,1,130,,0.0,,,,,,,,,,,5,3,4,3,0,-999,-999,1,1,130,,0.0,20r,mjb,i8x,x,x,x,x,x,x,x,x,x,x,x,x,x,x,x,x,x,x,x,x,x,x,x,x,x,x,x,x,x,x,x,x,x,x,x,x,x,x,x,x,x,x,x,x,x,x,x,1,0,0,0,0,1,0,0,0,0,1,0,0,0,0,0,0,0,0,0,0,0,0,0,0,0,0,0,0,0,0,0,0,0,0,0,0,0,0,0,0,0,0,0,0,0,0,0,0,0,0,0,0,0,0,0,0,0,0,0,0,0,0,0,0,0,0,0,0,0,0,0,0,0,0,0,0,0,0,0,0,0,0,0,0,0,0,0,0,0,0,0,0,0,0,0,0,0,0,0,0,0,0,0,0,0,0,0,0,0,0,0,0,0,0,0,0,0,0,0,0,0,0,0,0,0,0,0,0,0,0,0,0,0,0,0,0,0,0,0,0,0,0,0,0,0,0,0,0,0,0,0,0,0,0,0,0,0,0,0,0,0,0,0,0,0,0,0,0,0,0,0,0,0,0,0,0,0,0,0,0,0,0,0,0,0,0,0,0,0,0,0,0,0,0,0,0,0,0,0,0,0,0,0,0,0,0,0,0,0,0,0,0,0,0,0,0,0,0,0,0,0,0,0,0,0,0,0,0,0,0,0,0,0,0,0,0,0,0,0,0,0,0,0,0,0,0,0,0,0,,,,,,,,,,,,,,,,,,,,,,,,,,,,,,,,,,,,,,,,,,,,,,,,,,,7,4,4,4,,,,,,,,,,,,,,,,,,,,,,,,,,,,,,,,,,,,,,,,,,,,,,,,-999,-999,-999,1,1,130,,0.0,,,,6,2.7,,6,1,2,7,1,7,7,3,7,5,2,,,4,4,4,,,,,,,,,,,,,,,,,,,,,,,,,,,,,,,,,,,,,,,,,,,,,,,,-999,-999,-999,1,1,130,,0.0,5,7,5,5,6,6,4,6,6,6,,,,,,,,,,,,,,,,,,,,,,,,,,,,,,,,,,,,,,,,,,,,,,,,3,3,3,,,,,,,,,,,,,,,,,,,,,,,,,,,,,,,,,,,,,,,,,,,,,,,,-999,1,1,130,,0.0,1,7,8,6,5,7,2,10,9,9,8,,4,7,2,2,2,9,6,10,5,1,1,2,2,2,5,2,2,6,1,1,1,5,6,6,2,7,6,5,3,2,1,1,2,1,3,1,1,1,0,0,0,1,0,1,1,1,0,0,0,0,,2,1,-999,-999,-999,-999,-999,-999,1,1,130,,0.0,2,956030,qoh_956030,,2025-11-25T15:51:42.050Z,-999,,-999,-999,1,2,3,2,1,2,3,12,5,11,14,10,6,4,9,13,2,1,7,8,2,1,1,1,1
131,eco311c0,8ke,0,23,23,app_end,End,2025-11-25 15:33:41.037072,1,,,0.0,1,e5y22b4i,,,,,0,1.0,0.0,SS_WS2526,131,,0.0,2,5,3,2025-11-25T15:33:41.280Z,0,3,1,1,131,,0.0,,,,,,,,,,,4,3,4,3,10,-999,-999,1,1,131,,0.0,rji,vrj,poi,cx9,nre,u5b,l7r,x,3z0,1a7,bjp,30d,n64,98q,x,x,x,x,x,x,x,x,x,x,x,x,x,x,x,x,x,x,x,x,x,x,x,x,x,x,x,x,x,x,x,x,x,x,x,x,1,0,0,0,0,0,0,0,1,0,0,0,0,0,0,0,0,1,0,0,0,0,0,0,0,1,0,0,0,0,1,0,0,0,0,0,0,0,0,0,1,0,1,1,1,0,0,1,1,0,1,0,0,0,1,1,0,0,0,0,0,0,0,0,0,0,0,0,0,0,0,0,0,0,0,0,0,0,0,0,0,0,0,0,0,0,0,0,0,0,0,0,0,0,0,0,0,0,0,0,0,0,0,0,0,0,0,0,0,0,0,0,0,0,0,0,0,0,0,0,0,0,0,0,0,0,0,0,0,0,0,0,0,0,0,0,0,0,0,0,0,0,0,0,0,0,0,0,0,0,0,0,0,0,0,0,0,0,0,0,0,0,0,0,0,0,0,0,0,0,0,0,0,0,0,0,0,0,0,0,0,0,0,0,0,0,0,0,0,0,0,0,0,0,0,0,0,0,0,0,0,0,0,0,0,0,0,0,0,0,0,0,0,0,0,0,0,0,0,0,0,0,0,0,0,0,0,0,0,0,0,0,0,0,0,0,0,0,0,0,0,0,0,0,0,0,0,0,0,0,1,2,3,2,,1,1,,4,4,1,1,,2,,,,,,,,,,,,,,,,,,,,,,,,,,,,,,,,,,,,,4,7,8,3,7,4,5,7,,4,6,6,5,4,6,,,,,,,,,,,,,,,,,,,,,,,,,,,,,,,,,,,,,-999,-999,-999,1,1,131,,0.0,,,,6,3.7,2,5,3,4,5,3,3,5,4,3,5,4,,,7,8,4,8,5,7,7,,4,4,,6,10,7,,,,,,,,,,,,,,,,,,,,,,,,,,,,,,,,,,,,,-999,-999,-999,1,1,131,,0.0,4,6,4,3,3,4,6,3,4,5,5,5,5,4,,6,3,5,5,5,3,,,,,,,,,,,,,,,,,,,,,,,,,,,,,,,,,,,,,5,5,3,5,4,5,5,,2,4,5,3,2,5,,,,,,,,,,,,,,,,,,,,,,,,,,,,,,,,,,,,,-999,1,1,131,,0.0,7,7,8,5,4,6,2,11,7,3,2,6,10,3,1,7,1,9,8,11,0,1,0,2,2,3,6,1,8,3,1,1,1,9,2,0,9,9,0,0,0,0,0,4,4,5,2,3,3,4,0,1,0,1,0,1,0,1,0,0,1,1,,1,1,-999,-999,-999,-999,-999,-999,1,1,131,,0.0,1,303827,8ke_303827,,2025-11-25T16:16:21.609Z,-999,,-999,,1,3,3,1,2,1,3,10,11,7,14,12,1,5,4,13,8,6,9,2,1,1,1,1,1
132,lbkxvopn,2fc,0,23,23,app_end,End,2025-11-25 15:33:41.426330,1,,,0.0,1,e5y22b4i,,,,,0,1.0,0.0,SS_WS2526,132,,0.0,2,4,3,2025-11-25T15:33:41.811Z,1,3,1,1,132,,0.0,,,,,,,,,,,2,3,4,3,6,-999,-999,1,1,132,,0.0,cuz,li1,x,x,x,x,x,x,x,x,x,x,x,x,x,x,x,x,x,x,x,x,x,x,x,x,x,x,x,x,x,x,x,x,x,x,x,x,x,x,x,x,x,x,x,x,x,x,x,x,0,0,0,1,0,1,0,0,0,1,0,0,0,0,0,0,0,0,0,0,0,0,0,0,0,0,0,0,0,0,0,0,0,0,0,0,0,0,0,0,0,0,0,0,0,0,0,0,0,0,0,0,0,0,0,0,0,0,0,0,0,0,0,0,0,0,0,0,0,0,0,0,0,0,0,0,0,0,0,0,0,0,0,0,0,0,0,0,0,0,0,0,0,0,0,0,0,0,0,0,0,0,0,0,0,0,0,0,0,0,0,0,0,0,0,0,0,0,0,0,0,0,0,0,0,0,0,0,0,0,0,0,0,0,0,0,0,0,0,0,0,0,0,0,0,0,0,0,0,0,0,0,0,0,0,0,0,0,0,0,0,0,0,0,0,0,0,0,0,0,0,0,0,0,0,0,0,0,0,0,0,0,0,0,0,0,0,0,0,0,0,0,0,0,0,0,0,0,0,0,0,0,0,0,0,0,0,0,0,0,0,0,0,0,0,0,0,0,0,0,0,0,0,0,0,0,0,0,0,0,0,0,0,0,0,0,0,0,0,0,0,0,0,0,0,0,0,0,0,0,1,1,,,,,,,,,,,,,,,,,,,,,,,,,,,,,,,,,,,,,,,,,,,,,,,,,2,8,4,,,,,,,,,,,,,,,,,,,,,,,,,,,,,,,,,,,,,,,,,,,,,,,,,-999,-999,-999,1,1,132,,0.0,,,,4,2.3,10,5,5,7,7,4,5,7,7,7,4,2,,,6,6,,,,,,,,,,,,,,,,,,,,,,,,,,,,,,,,,,,,,,,,,,,,,,,,,-999,-999,-999,1,1,132,,0.0,4,1,1,1,1,1,6,3,5,,,,,,,,,,,,,,,,,,,,,,,,,,,,,,,,,,,,,,,,,,,,,,,,,3,3,,,,,,,,,,,,,,,,,,,,,,,,,,,,,,,,,,,,,,,,,,,,,,,,,-999,1,1,132,,0.0,11,6,0,5,6,0,4,9,0,0,0,0,0,0,1,0,0,0,0,0,0,0,0,0,0,0,0,0,0,0,1,1,1,5,1,0,10,0,0,0,0,0,0,4,3,3,3,5,5,5,0,0,0,0,0,1,0,1,1,0,0,0,,1,1,-999,-999,-999,-999,-999,-999,1,1,132,,0.0,0,156873,2fc_156873,,2025-11-25T15:46:27.077Z,-999,,-999,-999,1,3,1,3,1,3,1,5,3,2,7,9,4,10,6,11,13,12,14,8,2,2,2,1,1
133,9f6lujjq,l7r,0,23,23,app_end,End,2025-11-25 15:33:42.520312,1,,,0.0,1,e5y22b4i,,,,,0,1.0,0.0,SS_WS2526,133,,0.0,3,2,3,2025-11-25T15:33:42.644Z,0,2,1,1,133,,0.0,,,,,,,,,,,2,3,2,3,0,-999,-999,1,1,133,,0.0,rji,poi,cx9,8ke,zfv,bjp,cav,u5b,i9d,h3h,30d,x,x,x,x,x,x,x,x,x,x,x,x,x,x,x,x,x,x,x,x,x,x,x,x,x,x,x,x,x,x,x,x,x,x,x,x,x,x,x,1,0,0,1,1,1,0,0,1,1,1,0,0,1,1,1,0,0,1,1,1,0,0,1,1,1,0,0,1,1,1,0,0,1,1,1,0,0,1,1,1,0,0,1,1,1,0,0,1,1,1,0,0,1,1,0,0,0,0,0,0,0,0,0,0,0,0,0,0,0,0,0,0,0,0,0,0,0,0,0,0,0,0,0,0,0,0,0,0,0,0,0,0,0,0,0,0,0,0,0,0,0,0,0,0,0,0,0,0,0,0,0,0,0,0,0,0,0,0,0,0,0,0,0,0,0,0,0,0,0,0,0,0,0,0,0,0,0,0,0,0,0,0,0,0,0,0,0,0,0,0,0,0,0,0,0,0,0,0,0,0,0,0,0,0,0,0,0,0,0,0,0,0,0,0,0,0,0,0,0,0,0,0,0,0,0,0,0,0,0,0,0,0,0,0,0,0,0,0,0,0,0,0,0,0,0,0,0,0,0,0,0,0,0,0,0,0,0,0,0,0,0,0,0,0,0,0,0,0,0,0,0,0,0,0,0,0,0,0,0,0,0,0,0,0,0,0,0,0,0,1,1,1,1,1,1,1,1,1,1,1,,,,,,,,,,,,,,,,,,,,,,,,,,,,,,,,,,,,,,,,3,3,3,3,3,3,3,3,3,3,3,3,,,,,,,,,,,,,,,,,,,,,,,,,,,,,,,,,,,,,,,,-999,-999,-999,1,1,133,,0.0,,,,6,4.0,2,5,2,,3,3,2,5,7,5,5,5,,,7,7,7,7,7,7,7,7,7,7,7,,,,,,,,,,,,,,,,,,,,,,,,,,,,,,,,,,,,,,,,-999,-999,-999,1,1,133,,0.0,2,0,2,2,2,2,6,6,6,6,6,6,6,6,6,6,6,6,,,,,,,,,,,,,,,,,,,,,,,,,,,,,,,,,,,,,,,,2,2,2,2,2,2,2,2,2,2,2,,,,,,,,,,,,,,,,,,,,,,,,,,,,,,,,,,,,,,,,-999,1,1,133,,0.0,6,0,0,0,0,0,0,0,0,4,4,,9,6,1,9,1,0,0,0,0,1,0,0,0,0,0,0,0,0,1,1,1,0,0,0,0,0,0,0,0,0,0,0,0,0,0,0,0,0,0,0,0,1,0,0,1,1,0,0,0,0,,1,1,-999,-999,-999,-999,-999,-999,1,1,133,,0.0,0,139129,l7r_139129,,2025-11-25T15:54:44.781Z,-999,,-999,-999,3,2,1,3,3,2,4,11,9,7,1,8,2,12,10,3,13,14,5,6,2,2,2,1,1
134,46z4lzjf,685,0,23,23,app_end,End,2025-11-25 15:33:43.779616,1,,,0.0,1,e5y22b4i,,,,,0,1.0,0.0,SS_WS2526,134,,0.0,3,2,3,2025-11-25T15:33:43.873Z,0,2,1,1,134,,0.0,,,,,,,,,,,4,4,3,4,8,-999,-999,1,1,134,,0.0,it8,1zx,5sz,bty,4w0,x,x,x,x,x,x,x,x,x,x,x,x,x,x,x,x,x,x,x,x,x,x,x,x,x,x,x,x,x,x,x,x,x,x,x,x,x,x,x,x,x,x,x,x,x,1,0,0,0,0,1,0,0,0,0,1,0,0,0,0,1,0,0,0,0,1,0,0,0,0,0,0,0,0,0,0,0,0,0,0,0,0,0,0,0,0,0,0,0,0,0,0,0,0,0,0,0,0,0,0,0,0,0,0,0,0,0,0,0,0,0,0,0,0,0,0,0,0,0,0,0,0,0,0,0,0,0,0,0,0,0,0,0,0,0,0,0,0,0,0,0,0,0,0,0,0,0,0,0,0,0,0,0,0,0,0,0,0,0,0,0,0,0,0,0,0,0,0,0,0,0,0,0,0,0,0,0,0,0,0,0,0,0,0,0,0,0,0,0,0,0,0,0,0,0,0,0,0,0,0,0,0,0,0,0,0,0,0,0,0,0,0,0,0,0,0,0,0,0,0,0,0,0,0,0,0,0,0,0,0,0,0,0,0,0,0,0,0,0,0,0,0,0,0,0,0,0,0,0,0,0,0,0,0,0,0,0,0,0,0,0,0,0,0,0,0,0,0,0,0,0,0,0,0,0,0,0,0,0,0,0,0,0,0,0,0,0,0,0,0,0,0,0,0,0,1,2,2,2,2,,,,,,,,,,,,,,,,,,,,,,,,,,,,,,,,,,,,,,,,,,,,,,5,4,4,4,4,4,,,,,,,,,,,,,,,,,,,,,,,,,,,,,,,,,,,,,,,,,,,,,,-999,-999,-999,1,1,134,,0.0,,,,6,1.7,5,4,4,5,6,6,4,6,4,5,6,5,,,5,2,4,9,9,,,,,,,,,,,,,,,,,,,,,,,,,,,,,,,,,,,,,,,,,,,,,,-999,-999,-999,1,1,134,,0.0,2,4,4,3,3,4,6,5,6,6,6,6,,,,,,,,,,,,,,,,,,,,,,,,,,,,,,,,,,,,,,,,,,,,,,2,2,2,2,2,,,,,,,,,,,,,,,,,,,,,,,,,,,,,,,,,,,,,,,,,,,,,,-999,1,1,134,,0.0,7,7,8,4,3,7,1,11,8,3,3,8,10,3,1,5,2,8,8,10,9,1,6,5,3,8,8,1,6,3,1,1,1,8,1,0,6,10,0,0,0,0,0,2,3,2,2,3,1,2,0,0,0,1,1,1,1,1,1,0,0,0,,1,1,-999,-999,-999,-999,-999,-999,1,1,134,,0.0,2,983902,685_983902,,2025-11-25T15:46:33.734Z,-999,,-999,-999,2,1,2,3,3,2,2,1,5,6,7,3,10,13,12,14,9,11,4,8,2,2,1,1,1
135,vgiudcpp,m80,0,23,23,app_end,End,2025-11-25 15:33:43.841169,1,,,0.0,1,e5y22b4i,,,,,0,1.0,0.0,SS_WS2526,135,,0.0,2,4,3,2025-11-25T15:33:44.381Z,0,3,1,1,135,,0.0,,,,,,,,,,,4,2,4,3,10,-999,-999,1,1,135,,0.0,wep,vug,20r,hyf,x,x,x,x,x,x,x,x,x,x,x,x,x,x,x,x,x,x,x,x,x,x,x,x,x,x,x,x,x,x,x,x,x,x,x,x,x,x,x,x,x,x,x,x,x,x,1,0,0,0,0,1,0,0,0,0,1,0,0,0,0,1,0,0,0,0,0,0,0,0,0,0,0,0,0,0,0,0,0,0,0,0,0,0,0,0,0,0,0,0,0,0,0,0,0,0,0,0,0,0,0,0,0,0,0,0,0,0,0,0,0,0,0,0,0,0,0,0,0,0,0,0,0,0,0,0,0,0,0,0,0,0,0,0,0,0,0,0,0,0,0,0,0,0,0,0,0,0,0,0,0,0,0,0,0,0,0,0,0,0,0,0,0,0,0,0,0,0,0,0,0,0,0,0,0,0,0,0,0,0,0,0,0,0,0,0,0,0,0,0,0,0,0,0,0,0,0,0,0,0,0,0,0,0,0,0,0,0,0,0,0,0,0,0,0,0,0,0,0,0,0,0,0,0,0,0,0,0,0,0,0,0,0,0,0,0,0,0,0,0,0,0,0,0,0,0,0,0,0,0,0,0,0,0,0,0,0,0,0,0,0,0,0,0,0,0,0,0,0,0,0,0,0,0,0,0,0,0,0,0,0,0,0,0,0,0,0,0,0,0,0,0,0,0,0,0,1,1,1,1,,,,,,,,,,,,,,,,,,,,,,,,,,,,,,,,,,,,,,,,,,,,,,,,5,4,4,5,,,,,,,,,,,,,,,,,,,,,,,,,,,,,,,,,,,,,,,,,,,,,,,-999,-999,-999,1,1,135,,0.0,,,,,,,4,3,5,6,7,6,7,4,7,6,6,,,3,4,10,5,,,,,,,,,,,,,,,,,,,,,,,,,,,,,,,,,,,,,,,,,,,,,,,-999,-999,-999,1,1,135,,0.0,3,6,6,6,5,6,4,5,5,2,4,,,,,,,,,,,,,,,,,,,,,,,,,,,,,,,,,,,,,,,,,,,,,,,3,3,6,3,,,,,,,,,,,,,,,,,,,,,,,,,,,,,,,,,,,,,,,,,,,,,,,-999,1,1,135,,0.0,1,6,7,4,3,6,2,10,6,10,9,8,5,7,1,1,1,8,3,7,3,2,2,9,9,0,8,2,2,10,1,4,1,10,6,8,6,8,8,6,6,2,2,5,3,5,3,4,4,4,0,1,1,1,0,1,1,1,0,1,0,0,,2,1,-999,-999,-999,-999,-999,-999,1,1,135,,0.0,0,140743,m80_140743,Gut,2025-11-25T15:47:48.816Z,-999,,-999,-999,1,3,3,1,2,3,13,10,6,1,14,8,9,4,11,5,2,12,7,3,2,1,1,1,1
136,ob1zbufb,9jr,0,23,23,app_end,End,2025-11-25 15:33:44.604467,1,,,0.0,1,e5y22b4i,,,,,0,1.0,0.0,SS_WS2526,136,,0.0,2,4,2,2025-11-25T15:33:44.802Z,1,,1,1,136,,0.0,,,,,,,,,,,3,3,3,3,0,-999,-999,1,1,136,,0.0,8lm,uqn,3dg,cp4,joy,qlq,x,x,x,x,x,x,x,x,x,x,x,x,x,x,x,x,x,x,x,x,x,x,x,x,x,x,x,x,x,x,x,x,x,x,x,x,x,x,x,x,x,x,x,x,1,0,0,1,1,1,0,0,0,0,1,0,0,0,0,1,0,0,0,0,1,0,0,0,0,1,0,0,0,0,0,0,0,0,0,0,0,0,0,0,0,0,0,0,0,0,0,0,0,0,0,0,0,0,0,0,0,0,0,0,0,0,0,0,0,0,0,0,0,0,0,0,0,0,0,0,0,0,0,0,0,0,0,0,0,0,0,0,0,0,0,0,0,0,0,0,0,0,0,0,0,0,0,0,0,0,0,0,0,0,0,0,0,0,0,0,0,0,0,0,0,0,0,0,0,0,0,0,0,0,0,0,0,0,0,0,0,0,0,0,0,0,0,0,0,0,0,0,0,0,0,0,0,0,0,0,0,0,0,0,0,0,0,0,0,0,0,0,0,0,0,0,0,0,0,0,0,0,0,0,0,0,0,0,0,0,0,0,0,0,0,0,0,0,0,0,0,0,0,0,0,0,0,0,0,0,0,0,0,0,0,0,0,0,0,0,0,0,0,0,0,0,0,0,0,0,0,0,0,0,0,0,0,0,0,0,0,0,0,0,0,0,0,0,0,0,0,0,0,0,1,1,1,1,2,1,,,,,,,,,,,,,,,,,,,,,,,,,,,,,,,,,,,,,,,,,,,,,4,7,7,7,7,6,4,,,,,,,,,,,,,,,,,,,,,,,,,,,,,,,,,,,,,,,,,,,,,-999,-999,-999,1,1,136,,0.0,,,,3,2.0,11,5,3,5,7,5,5,6,7,5,3,3,,,7,7,6,5,5,5,,,,,,,,,,,,,,,,,,,,,,,,,,,,,,,,,,,,,,,,,,,,,-999,-999,-999,1,1,136,,0.0,4,4,4,4,4,4,4,4,4,4,4,4,4,,,,,,,,,,,,,,,,,,,,,,,,,,,,,,,,,,,,,,,,,,,,,4,4,4,4,4,4,,,,,,,,,,,,,,,,,,,,,,,,,,,,,,,,,,,,,,,,,,,,,-999,1,1,136,,0.0,3,7,7,3,3,2,3,10,1,7,,,,,,,,6,6,6,6,1,6,6,6,6,6,6,6,9,1,2,1,7,1,8,11,0,0,0,0,0,0,0,0,0,0,0,0,0,0,0,0,1,0,1,1,1,0,0,0,0,,2,1,-999,-999,-999,-999,-999,-999,1,1,136,,0.0,2,764274,9jr_764274,,2025-11-25T16:00:21.631Z,-999,,-999,-999,3,1,3,2,2,1,13,7,4,12,5,14,1,6,10,3,11,8,2,9,1,2,1,1,1
137,lrw94z82,i9d,0,23,23,app_end,End,2025-11-25 15:33:44.848323,1,,,0.0,1,e5y22b4i,,,,,0,1.0,0.0,SS_WS2526,137,,0.0,3,2,3,2025-11-25T15:33:45.828Z,0,1,1,1,137,,0.0,,,,,,,,,,,4,3,3,2,1,-999,-999,1,1,137,,0.0,3rt,cav,30d,7mf,8ke,bjp,l7r,685,cx9,u5b,zfv,fyg,x,x,x,x,x,x,x,x,x,x,x,x,x,x,x,x,x,x,x,x,x,x,x,x,x,x,x,x,x,x,x,x,x,x,x,x,x,x,1,0,1,1,1,1,0,0,1,1,1,0,0,0,0,0,0,1,0,0,1,0,0,0,0,0,0,0,0,0,1,0,0,1,1,1,0,0,0,0,0,0,1,0,0,1,0,0,0,1,1,0,0,0,0,1,0,1,0,0,0,0,0,0,0,0,0,0,0,0,0,0,0,0,0,0,0,0,0,0,0,0,0,0,0,0,0,0,0,0,0,0,0,0,0,0,0,0,0,0,0,0,0,0,0,0,0,0,0,0,0,0,0,0,0,0,0,0,0,0,0,0,0,0,0,0,0,0,0,0,0,0,0,0,0,0,0,0,0,0,0,0,0,0,0,0,0,0,0,0,0,0,0,0,0,0,0,0,0,0,0,0,0,0,0,0,0,0,0,0,0,0,0,0,0,0,0,0,0,0,0,0,0,0,0,0,0,0,0,0,0,0,0,0,0,0,0,0,0,0,0,0,0,0,0,0,0,0,0,0,0,0,0,0,0,0,0,0,0,0,0,0,0,0,0,0,0,0,0,0,0,0,0,0,0,0,0,0,0,0,0,0,0,0,0,0,0,0,0,0,1,2,2,5,2,2,2,3,4,2,2,1,,,,,,,,,,,,,,,,,,,,,,,,,,,,,,,,,,,,,,,6,4,5,5,8,7,5,4,6,7,4,4,6,,,,,,,,,,,,,,,,,,,,,,,,,,,,,,,,,,,,,,,-999,-999,-999,1,1,137,,0.0,,,,6,2.3,5,5,4,3,4,5,5,5,2,7,6,6,,,4,5,5,4,5,6,7,7,7,6,6,5,,,,,,,,,,,,,,,,,,,,,,,,,,,,,,,,,,,,,,,-999,-999,-999,1,1,137,,0.0,2,6,5,4,4,4,6,6,6,5,3,4,5,5,6,6,5,6,5,,,,,,,,,,,,,,,,,,,,,,,,,,,,,,,,,,,,,,,2,2,3,5,4,3,2,2,3,2,3,2,,,,,,,,,,,,,,,,,,,,,,,,,,,,,,,,,,,,,,,-999,1,1,137,,0.0,1,7,8,5,3,6,1,10,5,9,4,6,5,6,1,1,7,8,7,7,0,1,0,0,6,0,7,1,0,5,1,2,0,6,2,0,5,7,0,0,0,0,0,4,2,4,1,2,4,4,0,0,0,1,0,1,1,1,1,0,0,0,,1,1,-999,-999,-999,-999,-999,-999,1,1,137,,0.0,2,394220,i9d_394220,,2025-11-25T15:54:20.741Z,-999,,-999,-999,3,1,2,3,2,1,7,9,2,12,10,13,5,6,14,3,8,4,1,11,2,2,2,1,1
138,1z8mpukt,fw2,0,23,23,app_end,End,2025-11-25 15:33:46.108393,1,,,0.0,1,e5y22b4i,,,,,0,1.0,0.0,SS_WS2526,138,,0.0,2,5,3,2025-11-25T15:33:46.769Z,0,3,1,1,138,,0.0,,,,,,,,,,,4,4,4,4,10,-999,-999,1,1,138,,0.0,scs,x,x,x,x,x,x,x,x,x,x,x,x,x,x,x,x,x,x,x,x,x,x,x,x,x,x,x,x,x,x,x,x,x,x,x,x,x,x,x,x,x,x,x,x,x,x,x,x,x,1,0,0,0,0,0,0,0,0,0,0,0,0,0,0,0,0,0,0,0,0,0,0,0,0,0,0,0,0,0,0,0,0,0,0,0,0,0,0,0,0,0,0,0,0,0,0,0,0,0,0,0,0,0,0,0,0,0,0,0,0,0,0,0,0,0,0,0,0,0,0,0,0,0,0,0,0,0,0,0,0,0,0,0,0,0,0,0,0,0,0,0,0,0,0,0,0,0,0,0,0,0,0,0,0,0,0,0,0,0,0,0,0,0,0,0,0,0,0,0,0,0,0,0,0,0,0,0,0,0,0,0,0,0,0,0,0,0,0,0,0,0,0,0,0,0,0,0,0,0,0,0,0,0,0,0,0,0,0,0,0,0,0,0,0,0,0,0,0,0,0,0,0,0,0,0,0,0,0,0,0,0,0,0,0,0,0,0,0,0,0,0,0,0,0,0,0,0,0,0,0,0,0,0,0,0,0,0,0,0,0,0,0,0,0,0,0,0,0,0,0,0,0,0,0,0,0,0,0,0,0,0,0,0,0,0,0,0,0,0,0,0,0,0,0,0,0,0,0,0,1,,,,,,,,,,,,,,,,,,,,,,,,,,,,,,,,,,,,,,,,,,,,,,,,,,2,5,,,,,,,,,,,,,,,,,,,,,,,,,,,,,,,,,,,,,,,,,,,,,,,,,,-999,-999,-999,1,1,138,,0.0,,,,0,2.0,6,4,4,4,4,4,4,4,4,4,4,4,,,4,,,,,,,,,,,,,,,,,,,,,,,,,,,,,,,,,,,,,,,,,,,,,,,,,,-999,-999,-999,1,1,138,,0.0,2,4,2,2,2,2,6,6,,,,,,,,,,,,,,,,,,,,,,,,,,,,,,,,,,,,,,,,,,,,,,,,,,3,,,,,,,,,,,,,,,,,,,,,,,,,,,,,,,,,,,,,,,,,,,,,,,,,,-999,1,1,138,,0.0,6,7,8,4,4,7,3,9,6,4,3,8,9,5,2,10,5,7,6,8,0,4,6,5,3,6,6,5,6,5,1,1,1,5,4,6,8,5,6,6,6,6,6,4,3,4,3,4,4,4,0,0,0,1,0,1,0,0,0,0,0,0,,1,1,-999,-999,-999,-999,-999,-999,1,1,138,,0.0,1,949460,fw2_949460,,2025-11-25T15:46:56.843Z,-999,,-999,,1,3,3,2,1,2,5,8,13,3,14,11,4,9,10,12,1,7,2,6,2,2,2,1,1
139,1ve1geq5,9im,0,23,23,app_end,End,2025-11-25 15:33:46.411828,1,,,0.0,1,e5y22b4i,,,,,0,1.0,0.0,SS_WS2526,139,,0.0,2,4,3,2025-11-25T15:33:47.020Z,1,3,1,1,139,,0.0,,,,,,,,,,,0,0,0,0,0,-999,-999,1,1,139,,0.0,x,x,x,x,x,x,x,x,x,x,x,x,x,x,x,x,x,x,x,x,x,x,x,x,x,x,x,x,x,x,x,x,x,x,x,x,x,x,x,x,x,x,x,x,x,x,x,x,x,x,0,0,0,0,0,0,0,0,0,0,0,0,0,0,0,0,0,0,0,0,0,0,0,0,0,0,0,0,0,0,0,0,0,0,0,0,0,0,0,0,0,0,0,0,0,0,0,0,0,0,0,0,0,0,0,0,0,0,0,0,0,0,0,0,0,0,0,0,0,0,0,0,0,0,0,0,0,0,0,0,0,0,0,0,0,0,0,0,0,0,0,0,0,0,0,0,0,0,0,0,0,0,0,0,0,0,0,0,0,0,0,0,0,0,0,0,0,0,0,0,0,0,0,0,0,0,0,0,0,0,0,0,0,0,0,0,0,0,0,0,0,0,0,0,0,0,0,0,0,0,0,0,0,0,0,0,0,0,0,0,0,0,0,0,0,0,0,0,0,0,0,0,0,0,0,0,0,0,0,0,0,0,0,0,0,0,0,0,0,0,0,0,0,0,0,0,0,0,0,0,0,0,0,0,0,0,0,0,0,0,0,0,0,0,0,0,0,0,0,0,0,0,0,0,0,0,0,0,0,0,0,0,0,0,0,0,0,0,0,0,0,0,0,0,0,0,0,0,0,0,,,,,,,,,,,,,,,,,,,,,,,,,,,,,,,,,,,,,,,,,,,,,,,,,,,0,,,,,,,,,,,,,,,,,,,,,,,,,,,,,,,,,,,,,,,,,,,,,,,,,,,-999,-999,-999,1,1,139,,0.0,,,,,,5,0,0,0,0,0,0,0,0,0,0,0,,,,,,,,,,,,,,,,,,,,,,,,,,,,,,,,,,,,,,,,,,,,,,,,,,,,,-999,-999,-999,1,1,139,,0.0,0,0,0,0,0,0,0,,,,,,,,,,,,,,,,,,,,,,,,,,,,,,,,,,,,,,,,,,,,,,,,,,,,,,,,,,,,,,,,,,,,,,,,,,,,,,,,,,,,,,,,,,,,,,,,,,,,,-999,1,1,139,,0.0,0,0,0,0,0,0,0,0,0,0,0,0,0,0,0,0,0,0,0,0,0,0,0,0,0,0,0,0,0,0,0,0,0,0,0,0,0,0,0,0,0,0,0,0,0,0,0,0,0,0,0,0,0,1,0,0,0,1,1,0,0,0,,0,0,-999,-999,-999,-999,-999,-999,1,1,139,,0.0,0,576489,9im_576489,,2025-11-25T15:40:37.925Z,-999,,-999,-999,3,2,1,2,2,1,5,2,8,6,7,11,12,10,3,14,9,4,1,13,1,1,2,1,1
140,qgoz8wf4,fyg,0,23,23,app_end,End,2025-11-25 15:33:46.959358,1,,,0.0,1,e5y22b4i,,,,,0,1.0,0.0,SS_WS2526,140,,0.0,3,2,3,2025-11-25T15:33:47.700Z,0,1,1,1,140,,0.0,,,,,,,,,,,4,4,4,3,0,-999,-999,1,1,140,,0.0,3rt,i9d,1ey,x,x,x,x,x,x,x,x,x,x,x,x,x,x,x,x,x,x,x,x,x,x,x,x,x,x,x,x,x,x,x,x,x,x,x,x,x,x,x,x,x,x,x,x,x,x,x,1,0,1,0,1,1,0,0,0,1,1,0,1,0,1,0,0,0,0,0,0,0,0,0,0,0,0,0,0,0,0,0,0,0,0,0,0,0,0,0,0,0,0,0,0,0,0,0,0,0,0,0,0,0,0,0,0,0,0,0,0,0,0,0,0,0,0,0,0,0,0,0,0,0,0,0,0,0,0,0,0,0,0,0,0,0,0,0,0,0,0,0,0,0,0,0,0,0,0,0,0,0,0,0,0,0,0,0,0,0,0,0,0,0,0,0,0,0,0,0,0,0,0,0,0,0,0,0,0,0,0,0,0,0,0,0,0,0,0,0,0,0,0,0,0,0,0,0,0,0,0,0,0,0,0,0,0,0,0,0,0,0,0,0,0,0,0,0,0,0,0,0,0,0,0,0,0,0,0,0,0,0,0,0,0,0,0,0,0,0,0,0,0,0,0,0,0,0,0,0,0,0,0,0,0,0,0,0,0,0,0,0,0,0,0,0,0,0,0,0,0,0,0,0,0,0,0,0,0,0,0,0,0,0,0,0,0,0,0,0,0,0,0,0,0,0,0,0,0,0,1,1,1,,,,,,,,,,,,,,,,,,,,,,,,,,,,,,,,,,,,,,,,,,,,,,,,3,3,2,4,,,,,,,,,,,,,,,,,,,,,,,,,,,,,,,,,,,,,,,,,,,,,,,,-999,-999,-999,1,1,140,,0.0,,,,6,2.7,5,6,5,6,3,2,2,4,6,6,2,5,,,4,5,5,,,,,,,,,,,,,,,,,,,,,,,,,,,,,,,,,,,,,,,,,,,,,,,,-999,-999,-999,1,1,140,,0.0,1,2,1,1,3,2,7,6,5,6,,,,,,,,,,,,,,,,,,,,,,,,,,,,,,,,,,,,,,,,,,,,,,,,1,2,1,,,,,,,,,,,,,,,,,,,,,,,,,,,,,,,,,,,,,,,,,,,,,,,,-999,1,1,140,,0.0,6,8,9,4,3,7,1,11,10,3,2,9,10,3,1,10,2,5,7,8,0,1,0,2,2,2,5,1,0,3,1,1,1,3,1,4,10,7,0,0,0,0,0,4,2,5,3,4,4,4,0,0,0,1,0,1,0,1,0,0,1,1,,1,1,-999,-999,-999,-999,-999,-999,1,1,140,,0.0,1,597229,fyg_597229,,2025-11-25T15:49:53.727Z,-999,,-999,,3,2,3,2,1,3,2,11,1,13,8,9,12,10,4,14,3,6,7,5,1,2,2,1,1
141,nq59th9u,n64,0,22,23,app_end,FirstEndPage,2025-11-25 15:33:46.647867,1,,,0.0,1,e5y22b4i,,,,,0,1.0,0.0,SS_WS2526,141,,0.0,1,5,3,2025-11-25T15:33:46.827Z,0,2,1,1,141,,0.0,,,,,,,,,,,2,3,4,3,14,-999,-999,1,1,141,,0.0,hyf,vug,upq,6z8,nre,98q,oev,i8x,r9o,x,x,x,x,x,x,x,x,x,x,x,x,x,x,x,x,x,x,x,x,x,x,x,x,x,x,x,x,x,x,x,x,x,x,x,x,x,x,x,x,x,1,0,0,0,1,1,0,0,0,1,1,0,0,0,1,1,0,0,1,1,1,0,0,0,1,1,0,0,0,1,1,0,0,0,1,1,0,0,0,1,1,0,0,0,0,0,0,0,0,0,0,0,0,0,0,0,0,0,0,0,0,0,0,0,0,0,0,0,0,0,0,0,0,0,0,0,0,0,0,0,0,0,0,0,0,0,0,0,0,0,0,0,0,0,0,0,0,0,0,0,0,0,0,0,0,0,0,0,0,0,0,0,0,0,0,0,0,0,0,0,0,0,0,0,0,0,0,0,0,0,0,0,0,0,0,0,0,0,0,0,0,0,0,0,0,0,0,0,0,0,0,0,0,0,0,0,0,0,0,0,0,0,0,0,0,0,0,0,0,0,0,0,0,0,0,0,0,0,0,0,0,0,0,0,0,0,0,0,0,0,0,0,0,0,0,0,0,0,0,0,0,0,0,0,0,0,0,0,0,0,0,0,0,0,0,0,0,0,0,0,0,0,0,0,0,0,0,0,0,0,0,0,0,0,0,0,0,0,0,0,0,0,0,0,0,0,0,0,0,0,1,1,1,1,1,1,1,3,4,,,,,,,,,,,,,,,,,,,,,,,,,,,,,,,,,,,,,,,,,,3,3,3,3,3,3,3,3,3,3,,,,,,,,,,,,,,,,,,,,,,,,,,,,,,,,,,,,,,,,,,-999,-999,-999,1,1,141,,0.0,,,,3,3.7,,5,5,6,2,4,2,6,6,2,4,6,,,0,0,0,0,0,0,0,0,0,,,,,,,,,,,,,,,,,,,,,,,,,,,,,,,,,,,,,,,,,,-999,-999,-999,1,1,141,,0.0,1,3,2,2,4,2,7,0,0,0,0,0,0,0,0,0,,,,,,,,,,,,,,,,,,,,,,,,,,,,,,,,,,,,,,,,,,1,1,1,1,1,1,1,1,1,,,,,,,,,,,,,,,,,,,,,,,,,,,,,,,,,,,,,,,,,,-999,1,1,141,,0.0,7,9,9,6,3,6,2,11,0,3,3,7,9,6,1,,5,0,9,11,0,1,0,1,2,0,5,1,0,1,1,1,1,5,5,0,9,9,0,0,0,0,0,4,3,4,2,4,2,2,0,1,0,1,0,1,1,1,1,0,1,1,,1,1,-999,-999,-999,-999,-999,-999,1,1,141,,0.0,0,686207,n64_686207,,-999,-999,,-999,-999,1,3,3,2,3,2,1,11,10,13,6,3,14,2,7,4,12,8,5,9,2,2,2,1,1
142,dld7f1dg,3z0,0,23,23,app_end,End,2025-11-25 15:33:47.406449,1,,,0.0,1,e5y22b4i,,,,,0,1.0,0.0,SS_WS2526,142,,0.0,2,5,3,2025-11-25T15:33:47.572Z,0,3,1,1,142,,0.0,,,,,,,,,,,4,3,4,3,0,-999,-999,1,1,142,,0.0,8ke,1a7,vug,98q,i8x,pkl,x,x,x,x,x,x,x,x,x,x,x,x,x,x,x,x,x,x,x,x,x,x,x,x,x,x,x,x,x,x,x,x,x,x,x,x,x,x,x,x,x,x,x,x,1,0,1,1,1,1,0,1,1,0,1,0,0,0,0,1,0,0,0,0,1,0,1,0,0,1,0,0,0,1,0,0,0,0,0,0,0,0,0,0,0,0,0,0,0,0,0,0,0,0,0,0,0,0,0,0,0,0,0,0,0,0,0,0,0,0,0,0,0,0,0,0,0,0,0,0,0,0,0,0,0,0,0,0,0,0,0,0,0,0,0,0,0,0,0,0,0,0,0,0,0,0,0,0,0,0,0,0,0,0,0,0,0,0,0,0,0,0,0,0,0,0,0,0,0,0,0,0,0,0,0,0,0,0,0,0,0,0,0,0,0,0,0,0,0,0,0,0,0,0,0,0,0,0,0,0,0,0,0,0,0,0,0,0,0,0,0,0,0,0,0,0,0,0,0,0,0,0,0,0,0,0,0,0,0,0,0,0,0,0,0,0,0,0,0,0,0,0,0,0,0,0,0,0,0,0,0,0,0,0,0,0,0,0,0,0,0,0,0,0,0,0,0,0,0,0,0,0,0,0,0,0,0,0,0,0,0,0,0,0,0,0,0,0,0,0,0,0,0,0,1,1,2,2,1,3,,,,,,,,,,,,,,,,,,,,,,,,,,,,,,,,,,,,,,,,,,,,,3,3,4,3,3,2,4,,,,,,,,,,,,,,,,,,,,,,,,,,,,,,,,,,,,,,,,,,,,,-999,-999,-999,1,1,142,,0.0,,,,2,2.3,4,6,6,7,6,6,5,6,5,4,3,5,,,8,6,8,8,5,4,,,,,,,,,,,,,,,,,,,,,,,,,,,,,,,,,,,,,,,,,,,,,-999,-999,-999,1,1,142,,0.0,1,1,2,2,3,1,6,7,6,6,6,7,6,,,,,,,,,,,,,,,,,,,,,,,,,,,,,,,,,,,,,,,,,,,,,1,1,1,1,1,1,,,,,,,,,,,,,,,,,,,,,,,,,,,,,,,,,,,,,,,,,,,,,-999,1,1,142,,0.0,11,8,8,4,3,7,1,11,3,4,3,8,9,4,1,10,3,9,8,9,0,2,0,4,3,5,6,3,0,3,1,2,2,6,4,7,8,10,0,0,0,0,0,4,3,3,3,4,4,4,0,0,0,0,0,1,1,1,0,0,0,1,,2,1,-999,-999,-999,-999,-999,-999,1,1,142,,0.0,2,238059,3z0_238059,,2025-11-25T16:06:11.227Z,-999,,-999,-999,2,1,3,2,2,1,11,5,13,7,1,12,8,3,6,4,10,2,9,14,2,1,1,1,1
143,vht70tix,8dw,0,23,23,app_end,End,2025-11-25 15:33:48.308243,1,,,0.0,0,e5y22b4i,,,,,0,1.0,0.0,SS_WS2526,143,,0.0,1,4,3,2025-11-25T15:33:48.019Z,1,2,1,1,143,,0.0,2003,1,75,2023,2,1,1,1,0,0,4,4,5,4,0,-999,-999,1,1,143,,0.0,f4b,x,x,x,x,x,x,x,x,x,x,x,x,x,x,x,x,x,x,x,x,x,x,x,x,x,x,x,x,x,x,x,x,x,x,x,x,x,x,x,x,x,x,x,x,x,x,x,x,x,1,1,1,1,1,0,0,0,0,0,0,0,0,0,0,0,0,0,0,0,0,0,0,0,0,0,0,0,0,0,0,0,0,0,0,0,0,0,0,0,0,0,0,0,0,0,0,0,0,0,0,0,0,0,0,0,0,0,0,0,0,0,0,0,0,0,0,0,0,0,0,0,0,0,0,0,0,0,0,0,0,0,0,0,0,0,0,0,0,0,0,0,0,0,0,0,0,0,0,0,0,0,0,0,0,0,0,0,0,0,0,0,0,0,0,0,0,0,0,0,0,0,0,0,0,0,0,0,0,0,0,0,0,0,0,0,0,0,0,0,0,0,0,0,0,0,0,0,0,0,0,0,0,0,0,0,0,0,0,0,0,0,0,0,0,0,0,0,0,0,0,0,0,0,0,0,0,0,0,0,0,0,0,0,0,0,0,0,0,0,0,0,0,0,0,0,0,0,0,0,0,0,0,0,0,0,0,0,0,0,0,0,0,0,0,0,0,0,0,0,0,0,0,0,0,0,0,0,0,0,0,0,0,0,0,0,0,0,0,0,0,0,0,0,0,0,0,0,0,0,1,,,,,,,,,,,,,,,,,,,,,,,,,,,,,,,,,,,,,,,,,,,,,,,,,,5,5,,,,,,,,,,,,,,,,,,,,,,,,,,,,,,,,,,,,,,,,,,,,,,,,,,-999,-999,-999,1,1,143,,0.0,1,1,0,5,1.0,2,7,6,7,7,5,7,4,4,6,3,3,5,1,1,,,,,,,,,,,,,,,,,,,,,,,,,,,,,,,,,,,,,,,,,,,,,,,,,,-999,-999,-999,1,1,143,,0.0,1,3,4,3,4,5,5,5,,,,,,,,,,,,,,,,,,,,,,,,,,,,,,,,,,,,,,,,,,,,,,,,,,3,,,,,,,,,,,,,,,,,,,,,,,,,,,,,,,,,,,,,,,,,,,,,,,,,,-999,1,1,143,,0.0,9,7,7,4,4,7,2,10,6,3,3,6,4,3,1,6,3,4,4,2,3,1,3,4,2,3,3,3,3,1,1,1,3,1,4,4,10,4,4,4,4,4,4,4,3,5,2,5,5,5,1,1,0,1,0,1,0,1,1,1,1,0,,1,1,-999,-999,-999,-999,-999,-999,1,1,143,,0.0,1,668603,8dw_668603,,2025-11-25T15:49:30.804Z,-999,,-999,,3,1,1,3,2,3,2,3,11,14,9,8,6,10,1,13,4,5,12,7,2,1,1,1,1
144,ykx6iwdg,f4b,0,23,23,app_end,End,2025-11-25 15:33:48.744926,1,,,0.0,1,e5y22b4i,,,,,0,1.0,0.0,SS_WS2526,144,,0.0,2,4,3,2025-11-25T15:33:48.462Z,1,3,1,1,144,,0.0,,,,,,,,,,,3,3,4,3,10,-999,-999,1,1,144,,0.0,8dw,x,x,x,x,x,x,x,x,x,x,x,x,x,x,x,x,x,x,x,x,x,x,x,x,x,x,x,x,x,x,x,x,x,x,x,x,x,x,x,x,x,x,x,x,x,x,x,x,x,1,0,1,1,1,0,0,0,0,0,0,0,0,0,0,0,0,0,0,0,0,0,0,0,0,0,0,0,0,0,0,0,0,0,0,0,0,0,0,0,0,0,0,0,0,0,0,0,0,0,0,0,0,0,0,0,0,0,0,0,0,0,0,0,0,0,0,0,0,0,0,0,0,0,0,0,0,0,0,0,0,0,0,0,0,0,0,0,0,0,0,0,0,0,0,0,0,0,0,0,0,0,0,0,0,0,0,0,0,0,0,0,0,0,0,0,0,0,0,0,0,0,0,0,0,0,0,0,0,0,0,0,0,0,0,0,0,0,0,0,0,0,0,0,0,0,0,0,0,0,0,0,0,0,0,0,0,0,0,0,0,0,0,0,0,0,0,0,0,0,0,0,0,0,0,0,0,0,0,0,0,0,0,0,0,0,0,0,0,0,0,0,0,0,0,0,0,0,0,0,0,0,0,0,0,0,0,0,0,0,0,0,0,0,0,0,0,0,0,0,0,0,0,0,0,0,0,0,0,0,0,0,0,0,0,0,0,0,0,0,0,0,0,0,0,0,0,0,0,0,2,,,,,,,,,,,,,,,,,,,,,,,,,,,,,,,,,,,,,,,,,,,,,,,,,,4,3,,,,,,,,,,,,,,,,,,,,,,,,,,,,,,,,,,,,,,,,,,,,,,,,,,-999,-999,-999,1,1,144,,0.0,,,,5,0,6,6,6,6,7,6,7,7,6,5,5,6,,,0,,,,,,,,,,,,,,,,,,,,,,,,,,,,,,,,,,,,,,,,,,,,,,,,,,-999,-999,-999,1,1,144,,0.0,2,5,3,3,3,4,6,6,,,,,,,,,,,,,,,,,,,,,,,,,,,,,,,,,,,,,,,,,,,,,,,,,,2,,,,,,,,,,,,,,,,,,,,,,,,,,,,,,,,,,,,,,,,,,,,,,,,,,-999,1,1,144,,0.0,0,7,6,5,3,6,2,11,7,7,4,7,,4,1,6,2,9,0,6,0,1,0,0,6,0,0,0,0,5,2,1,1,5,2,0,6,0,0,0,0,0,0,4,2,4,3,4,4,4,0,0,0,1,0,1,0,1,1,0,0,0,,1,1,-999,-999,-999,-999,-999,-999,1,1,144,,0.0,1,447178,f4b_447178,,2025-11-25T15:50:05.598Z,-999,,-999,,1,2,2,1,2,1,7,3,8,4,10,13,1,14,2,12,9,6,11,5,1,1,1,1,1
145,icce6m7x,qip,0,23,23,app_end,End,2025-11-25 15:33:48.890947,1,,,0.0,1,e5y22b4i,,,,,0,1.0,0.0,SS_WS2526,145,,0.0,3,2,3,2025-11-25T15:33:49.009Z,0,2,1,1,145,,0.0,,,,,,,,,,,4,3,4,4,0,-999,-999,1,1,145,,0.0,aq6,7w1,r3x,qdi,wto,x,x,x,x,x,x,x,x,x,x,x,x,x,x,x,x,x,x,x,x,x,x,x,x,x,x,x,x,x,x,x,x,x,x,x,x,x,x,x,x,x,x,x,x,x,1,0,0,0,0,1,0,0,0,0,1,0,0,0,0,1,0,0,0,0,1,0,0,0,0,0,0,0,0,0,0,0,0,0,0,0,0,0,0,0,0,0,0,0,0,0,0,0,0,0,0,0,0,0,0,0,0,0,0,0,0,0,0,0,0,0,0,0,0,0,0,0,0,0,0,0,0,0,0,0,0,0,0,0,0,0,0,0,0,0,0,0,0,0,0,0,0,0,0,0,0,0,0,0,0,0,0,0,0,0,0,0,0,0,0,0,0,0,0,0,0,0,0,0,0,0,0,0,0,0,0,0,0,0,0,0,0,0,0,0,0,0,0,0,0,0,0,0,0,0,0,0,0,0,0,0,0,0,0,0,0,0,0,0,0,0,0,0,0,0,0,0,0,0,0,0,0,0,0,0,0,0,0,0,0,0,0,0,0,0,0,0,0,0,0,0,0,0,0,0,0,0,0,0,0,0,0,0,0,0,0,0,0,0,0,0,0,0,0,0,0,0,0,0,0,0,0,0,0,0,0,0,0,0,0,0,0,0,0,0,0,0,0,0,0,0,0,0,0,0,1,1,1,1,1,,,,,,,,,,,,,,,,,,,,,,,,,,,,,,,,,,,,,,,,,,,,,,4,4,4,4,4,4,,,,,,,,,,,,,,,,,,,,,,,,,,,,,,,,,,,,,,,,,,,,,,-999,-999,-999,1,1,145,,0.0,,,,6,3.0,4,2,2,5,3,4,3,6,4,6,5,4,,,6,5,6,5,6,,,,,,,,,,,,,,,,,,,,,,,,,,,,,,,,,,,,,,,,,,,,,,-999,-999,-999,1,1,145,,0.0,1,5,3,3,2,3,7,7,7,7,7,7,,,,,,,,,,,,,,,,,,,,,,,,,,,,,,,,,,,,,,,,,,,,,,1,1,1,1,1,,,,,,,,,,,,,,,,,,,,,,,,,,,,,,,,,,,,,,,,,,,,,,-999,1,1,145,,0.0,3,7,8,4,3,7,1,11,10,4,3,8,8,4,1,4,1,9,9,9,8,1,3,2,2,2,8,1,5,4,1,1,1,9,1,7,2,8,0,0,0,1,0,5,3,5,4,4,4,4,0,0,0,1,1,1,0,1,1,0,0,0,,1,1,-999,-999,-999,-999,-999,-999,1,1,145,,0.0,2,900374,qip_900374,,2025-11-25T15:46:40.935Z,-999,,-999,-999,3,2,2,3,3,2,14,13,10,11,4,8,7,6,12,9,1,5,3,2,2,2,2,1,1
146,opcujszt,dky,0,23,23,app_end,End,2025-11-25 15:33:50.123560,1,,,0.0,0,e5y22b4i,,,,,0,1.0,0.0,SS_WS2526,146,,0.0,2,5,3,2025-11-25T15:33:50.270Z,0,3,1,1,146,,0.0,2006,1,78,2024,2,2,1,2,1,2,4,3,4,3,10,-999,-999,1,1,146,,0.0,8ql,jed,q9a,x,x,x,x,x,x,x,x,x,x,x,x,x,x,x,x,x,x,x,x,x,x,x,x,x,x,x,x,x,x,x,x,x,x,x,x,x,x,x,x,x,x,x,x,x,x,x,1,0,0,1,0,0,0,0,0,1,0,0,0,0,1,0,0,0,0,0,0,0,0,0,0,0,0,0,0,0,0,0,0,0,0,0,0,0,0,0,0,0,0,0,0,0,0,0,0,0,0,0,0,0,0,0,0,0,0,0,0,0,0,0,0,0,0,0,0,0,0,0,0,0,0,0,0,0,0,0,0,0,0,0,0,0,0,0,0,0,0,0,0,0,0,0,0,0,0,0,0,0,0,0,0,0,0,0,0,0,0,0,0,0,0,0,0,0,0,0,0,0,0,0,0,0,0,0,0,0,0,0,0,0,0,0,0,0,0,0,0,0,0,0,0,0,0,0,0,0,0,0,0,0,0,0,0,0,0,0,0,0,0,0,0,0,0,0,0,0,0,0,0,0,0,0,0,0,0,0,0,0,0,0,0,0,0,0,0,0,0,0,0,0,0,0,0,0,0,0,0,0,0,0,0,0,0,0,0,0,0,0,0,0,0,0,0,0,0,0,0,0,0,0,0,0,0,0,0,0,0,0,0,0,0,0,0,0,0,0,0,0,0,0,0,0,0,0,0,0,1,1,1,,,,,,,,,,,,,,,,,,,,,,,,,,,,,,,,,,,,,,,,,,,,,,,,6,4,6,6,,,,,,,,,,,,,,,,,,,,,,,,,,,,,,,,,,,,,,,,,,,,,,,,-999,-999,-999,1,1,146,,0.0,1,2,1,2,2.0,5,5,3,7,6,6,5,7,1,6,6,5,5,1,4,3,3,,,,,,,,,,,,,,,,,,,,,,,,,,,,,,,,,,,,,,,,,,,,,,,,-999,-999,-999,1,1,146,,0.0,3,4,5,4,5,6,6,6,6,6,,,,,,,,,,,,,,,,,,,,,,,,,,,,,,,,,,,,,,,,,,,,,,,,3,3,3,,,,,,,,,,,,,,,,,,,,,,,,,,,,,,,,,,,,,,,,,,,,,,,,-999,1,1,146,,0.0,3,7,8,6,5,6,2,11,1,9,7,8,6,5,1,2,2,0,0,0,0,1,0,0,0,0,0,0,0,0,1,1,0,0,0,0,0,0,0,0,0,0,0,4,0,2,3,4,4,4,0,0,0,1,0,1,1,1,0,0,0,0,,2,1,-999,-999,-999,-999,-999,-999,1,1,146,,0.0,0,971991,dky_971991,,2025-11-25T15:51:37.690Z,-999,,-999,-999,1,2,1,3,1,2,8,14,3,1,13,7,5,4,9,2,11,10,6,12,1,1,2,1,1
147,qrdmpuu5,bjp,0,23,23,app_end,End,2025-11-25 15:33:50.821585,1,,,0.0,1,e5y22b4i,,,,,0,1.0,0.0,SS_WS2526,147,,0.0,3,2,3,2025-11-25T15:33:50.978Z,0,2,1,1,147,,0.0,,,,,,,,,,,4,4,4,4,0,-999,-999,1,1,147,,0.0,30d,f1r,f4b,un5,843,x,x,x,x,x,x,x,x,x,x,x,x,x,x,x,x,x,x,x,x,x,x,x,x,x,x,x,x,x,x,x,x,x,x,x,x,x,x,x,x,x,x,x,x,x,1,0,0,0,0,1,0,0,0,0,1,0,0,0,0,1,0,0,0,0,1,0,0,0,0,0,0,0,0,0,0,0,0,0,0,0,0,0,0,0,0,0,0,0,0,0,0,0,0,0,0,0,0,0,0,0,0,0,0,0,0,0,0,0,0,0,0,0,0,0,0,0,0,0,0,0,0,0,0,0,0,0,0,0,0,0,0,0,0,0,0,0,0,0,0,0,0,0,0,0,0,0,0,0,0,0,0,0,0,0,0,0,0,0,0,0,0,0,0,0,0,0,0,0,0,0,0,0,0,0,0,0,0,0,0,0,0,0,0,0,0,0,0,0,0,0,0,0,0,0,0,0,0,0,0,0,0,0,0,0,0,0,0,0,0,0,0,0,0,0,0,0,0,0,0,0,0,0,0,0,0,0,0,0,0,0,0,0,0,0,0,0,0,0,0,0,0,0,0,0,0,0,0,0,0,0,0,0,0,0,0,0,0,0,0,0,0,0,0,0,0,0,0,0,0,0,0,0,0,0,0,0,0,0,0,0,0,0,0,0,0,0,0,0,0,0,0,0,0,0,1,1,1,1,1,,,,,,,,,,,,,,,,,,,,,,,,,,,,,,,,,,,,,,,,,,,,,,3,3,,,,,,,,,,,,,,,,,,,,,,,,,,,,,,,,,,,,,,,,,,,,,,,,,,-999,-999,-999,1,1,147,,0.0,,,,3,3.7,6,3,6,4,6,6,4,6,6,6,4,4,,,9,,,,,,,,,,,,,,,,,,,,,,,,,,,,,,,,,,,,,,,,,,,,,,,,,,-999,-999,-999,1,1,147,,0.0,3,4,2,4,2,3,6,2,2,2,2,2,,,,,,,,,,,,,,,,,,,,,,,,,,,,,,,,,,,,,,,,,,,,,,3,3,3,3,3,,,,,,,,,,,,,,,,,,,,,,,,,,,,,,,,,,,,,,,,,,,,,,-999,1,1,147,,0.0,7,7,7,3,2,8,1,11,10,2,2,10,10,1,1,9,1,0,0,0,0,1,0,0,0,0,0,0,0,0,0,1,0,0,0,0,0,0,0,0,0,0,0,4,2,0,2,4,4,4,0,0,0,1,0,1,1,1,0,0,0,0,,1,1,-999,-999,-999,-999,-999,-999,1,1,147,,0.0,0,354599,bjp_354599,,2025-11-25T15:47:20.812Z,-999,,-999,-999,2,1,1,2,2,3,1,9,11,2,13,6,8,4,7,3,5,14,10,12,2,2,1,1,1
148,owukpf4a,39j,0,23,23,app_end,End,2025-11-25 15:33:50.957220,1,,,0.0,1,e5y22b4i,,,,,0,1.0,0.0,SS_WS2526,148,,0.0,3,3,3,2025-11-25T15:33:53.043Z,0,2,1,1,148,,0.0,,,,,,,,,,,5,4,4,4,0,-999,-999,1,1,148,,0.0,zme,oae,pkl,e30,gpm,yo0,k8p,x,x,x,x,x,x,x,x,x,x,x,x,x,x,x,x,x,x,x,x,x,x,x,x,x,x,x,x,x,x,x,x,x,x,x,x,x,x,x,x,x,x,x,1,0,0,0,0,1,0,1,0,0,1,0,0,0,0,1,0,1,1,0,1,0,1,1,1,1,0,1,1,1,1,0,1,1,1,0,0,0,0,0,0,0,0,0,0,0,0,0,0,0,0,0,0,0,0,0,0,0,0,0,0,0,0,0,0,0,0,0,0,0,0,0,0,0,0,0,0,0,0,0,0,0,0,0,0,0,0,0,0,0,0,0,0,0,0,0,0,0,0,0,0,0,0,0,0,0,0,0,0,0,0,0,0,0,0,0,0,0,0,0,0,0,0,0,0,0,0,0,0,0,0,0,0,0,0,0,0,0,0,0,0,0,0,0,0,0,0,0,0,0,0,0,0,0,0,0,0,0,0,0,0,0,0,0,0,0,0,0,0,0,0,0,0,0,0,0,0,0,0,0,0,0,0,0,0,0,0,0,0,0,0,0,0,0,0,0,0,0,0,0,0,0,0,0,0,0,0,0,0,0,0,0,0,0,0,0,0,0,0,0,0,0,0,0,0,0,0,0,0,0,0,0,0,0,0,0,0,0,0,0,0,0,0,0,0,0,0,0,0,0,2,2,2,1,1,1,1,,,,,,,,,,,,,,,,,,,,,,,,,,,,,,,,,,,,,,,,,,,,1,0,3,2,2,4,3,1,,,,,,,,,,,,,,,,,,,,,,,,,,,,,,,,,,,,,,,,,,,,-999,-999,-999,1,1,148,,0.0,,,,4,2.0,8,6,5,5,1,4,5,6,3,6,7,6,,,0,0,2,4,1,1,2,,,,,,,,,,,,,,,,,,,,,,,,,,,,,,,,,,,,,,,,,,,,-999,-999,-999,1,1,148,,0.0,1,1,1,1,1,1,7,7,7,7,7,7,7,7,,,,,,,,,,,,,,,,,,,,,,,,,,,,,,,,,,,,,,,,,,,,1,1,1,1,1,1,1,,,,,,,,,,,,,,,,,,,,,,,,,,,,,,,,,,,,,,,,,,,,-999,1,1,148,,0.0,6,10,11,6,4,10,1,11,11,2,2,7,10,1,1,11,1,8,8,11,11,1,10,1,1,2,7,1,11,2,1,1,1,7,1,9,11,10,0,0,0,0,0,5,3,5,3,5,4,4,0,0,0,1,0,1,1,1,0,1,1,0,,1,1,-999,-999,-999,-999,-999,-999,1,1,148,,0.0,0,238436,39j_238436,,2025-11-25T15:47:00.021Z,-999,,-999,-999,3,2,1,2,1,3,2,7,13,4,12,1,11,14,5,6,9,3,10,8,1,1,1,1,1
149,4hc1ctaq,mtz,0,23,23,app_end,End,2025-11-25 15:33:52.514449,1,,,0.0,1,e5y22b4i,,,,,0,1.0,0.0,SS_WS2526,149,,0.0,2,5,3,2025-11-25T15:33:52.859Z,0,3,1,1,149,,0.0,,,,,,,,,,,4,4,4,3,25,-999,-999,1,1,149,,0.0,y03,x,x,x,x,x,x,x,x,x,x,x,x,x,x,x,x,x,x,x,x,x,x,x,x,x,x,x,x,x,x,x,x,x,x,x,x,x,x,x,x,x,x,x,x,x,x,x,x,x,1,0,0,0,0,0,0,0,0,0,0,0,0,0,0,0,0,0,0,0,0,0,0,0,0,0,0,0,0,0,0,0,0,0,0,0,0,0,0,0,0,0,0,0,0,0,0,0,0,0,0,0,0,0,0,0,0,0,0,0,0,0,0,0,0,0,0,0,0,0,0,0,0,0,0,0,0,0,0,0,0,0,0,0,0,0,0,0,0,0,0,0,0,0,0,0,0,0,0,0,0,0,0,0,0,0,0,0,0,0,0,0,0,0,0,0,0,0,0,0,0,0,0,0,0,0,0,0,0,0,0,0,0,0,0,0,0,0,0,0,0,0,0,0,0,0,0,0,0,0,0,0,0,0,0,0,0,0,0,0,0,0,0,0,0,0,0,0,0,0,0,0,0,0,0,0,0,0,0,0,0,0,0,0,0,0,0,0,0,0,0,0,0,0,0,0,0,0,0,0,0,0,0,0,0,0,0,0,0,0,0,0,0,0,0,0,0,0,0,0,0,0,0,0,0,0,0,0,0,0,0,0,0,0,0,0,0,0,0,0,0,0,0,0,0,0,0,0,0,0,1,,,,,,,,,,,,,,,,,,,,,,,,,,,,,,,,,,,,,,,,,,,,,,,,,,5,2,,,,,,,,,,,,,,,,,,,,,,,,,,,,,,,,,,,,,,,,,,,,,,,,,,-999,-999,-999,1,1,149,,0.0,,,,6,4.0,10,2,2,4,2,5,2,7,7,6,6,4,,,7,,,,,,,,,,,,,,,,,,,,,,,,,,,,,,,,,,,,,,,,,,,,,,,,,,-999,-999,-999,1,1,149,,0.0,3,6,2,4,5,3,4,6,,,,,,,,,,,,,,,,,,,,,,,,,,,,,,,,,,,,,,,,,,,,,,,,,,3,,,,,,,,,,,,,,,,,,,,,,,,,,,,,,,,,,,,,,,,,,,,,,,,,,-999,1,1,149,,0.0,5,7,8,5,3,6,1,11,3,6,5,6,4,11,1,1,1,8,6,4,0,2,0,6,7,0,7,1,0,3,1,2,9,8,4,6,3,4,0,0,0,0,0,4,2,4,1,5,4,5,0,0,0,0,0,1,0,1,0,0,0,0,,2,1,-999,-999,-999,-999,-999,-999,1,1,149,,0.0,0,349248,mtz_349248,,2025-11-25T15:45:31.741Z,-999,,-999,-999,2,1,3,1,3,1,2,5,12,10,7,3,1,4,14,8,11,9,13,6,2,2,1,1,1
150,p62xxmh1,hyf,0,23,23,app_end,End,2025-11-25 15:33:53.256331,1,,,0.0,1,e5y22b4i,,,,,0,1.0,0.0,SS_WS2526,150,,0.0,3,2,3,2025-11-25T15:33:53.487Z,0,1,1,1,150,,0.0,,,,,,,,,,,4,2,4,2,10,-999,-999,1,1,150,,0.0,3z0,98q,oev,vug,upq,6z8,nre,n64,x,x,x,x,x,x,x,x,x,x,x,x,x,x,x,x,x,x,x,x,x,x,x,x,x,x,x,x,x,x,x,x,x,x,x,x,x,x,x,x,x,x,1,0,0,1,0,1,0,0,1,0,1,0,0,1,1,1,0,0,1,1,1,0,0,1,1,1,0,0,1,1,1,0,0,1,1,1,0,0,1,1,0,0,0,0,0,0,0,0,0,0,0,0,0,0,0,0,0,0,0,0,0,0,0,0,0,0,0,0,0,0,0,0,0,0,0,0,0,0,0,0,0,0,0,0,0,0,0,0,0,0,0,0,0,0,0,0,0,0,0,0,0,0,0,0,0,0,0,0,0,0,0,0,0,0,0,0,0,0,0,0,0,0,0,0,0,0,0,0,0,0,0,0,0,0,0,0,0,0,0,0,0,0,0,0,0,0,0,0,0,0,0,0,0,0,0,0,0,0,0,0,0,0,0,0,0,0,0,0,0,0,0,0,0,0,0,0,0,0,0,0,0,0,0,0,0,0,0,0,0,0,0,0,0,0,0,0,0,0,0,0,0,0,0,0,0,0,0,0,0,0,0,0,0,0,0,0,0,0,0,0,0,0,0,0,0,0,0,0,0,0,0,0,0,0,0,0,0,0,0,0,0,0,0,0,0,0,0,0,0,0,1,1,1,1,1,1,1,1,,,,,,,,,,,,,,,,,,,,,,,,,,,,,,,,,,,,,,,,,,,2,2,2,2,2,2,2,2,2,,,,,,,,,,,,,,,,,,,,,,,,,,,,,,,,,,,,,,,,,,,-999,-999,-999,1,1,150,,0.0,,,,2,3.0,1,7,6,6,2,4,1,7,7,6,5,7,,,0,0,0,0,0,0,0,0,,,,,,,,,,,,,,,,,,,,,,,,,,,,,,,,,,,,,,,,,,,-999,-999,-999,1,1,150,,0.0,1,2,1,2,2,1,7,7,7,7,7,7,7,7,7,,,,,,,,,,,,,,,,,,,,,,,,,,,,,,,,,,,,,,,,,,,1,1,1,1,1,1,1,1,,,,,,,,,,,,,,,,,,,,,,,,,,,,,,,,,,,,,,,,,,,-999,1,1,150,,0.0,6,8,9,4,4,7,2,11,8,2,1,6,9,2,1,11,3,0,0,0,0,1,0,0,0,0,0,0,0,0,0,0,0,0,0,0,0,0,0,0,0,0,0,4,2,4,2,4,4,4,1,0,1,1,0,1,1,1,0,0,0,0,,1,1,-999,-999,-999,-999,-999,-999,1,1,150,,0.0,2,628948,hyf_628948,,2025-11-25T15:46:44.138Z,-999,,-999,-999,3,2,1,3,2,1,3,4,8,2,14,5,11,9,1,10,12,13,6,7,2,2,1,1,1
151,7v4j9aky,ph3,0,23,23,app_end,End,2025-11-25 15:33:53.820960,1,,,0.0,1,e5y22b4i,,,,,0,1.0,0.0,SS_WS2526,151,,0.0,3,1,3,2025-11-25T15:33:54.822Z,0,1,1,1,151,,0.0,,,,,,,,,,,4,3,3,2,10,-999,-999,1,1,151,,0.0,2k4,8mx,fph,x,x,x,x,x,x,x,x,x,x,x,x,x,x,x,x,x,x,x,x,x,x,x,x,x,x,x,x,x,x,x,x,x,x,x,x,x,x,x,x,x,x,x,x,x,x,x,1,0,0,0,1,1,0,0,0,0,1,0,0,0,0,0,0,0,0,0,0,0,0,0,0,0,0,0,0,0,0,0,0,0,0,0,0,0,0,0,0,0,0,0,0,0,0,0,0,0,0,0,0,0,0,0,0,0,0,0,0,0,0,0,0,0,0,0,0,0,0,0,0,0,0,0,0,0,0,0,0,0,0,0,0,0,0,0,0,0,0,0,0,0,0,0,0,0,0,0,0,0,0,0,0,0,0,0,0,0,0,0,0,0,0,0,0,0,0,0,0,0,0,0,0,0,0,0,0,0,0,0,0,0,0,0,0,0,0,0,0,0,0,0,0,0,0,0,0,0,0,0,0,0,0,0,0,0,0,0,0,0,0,0,0,0,0,0,0,0,0,0,0,0,0,0,0,0,0,0,0,0,0,0,0,0,0,0,0,0,0,0,0,0,0,0,0,0,0,0,0,0,0,0,0,0,0,0,0,0,0,0,0,0,0,0,0,0,0,0,0,0,0,0,0,0,0,0,0,0,0,0,0,0,0,0,0,0,0,0,0,0,0,0,0,0,0,0,0,0,1,1,1,,,,,,,,,,,,,,,,,,,,,,,,,,,,,,,,,,,,,,,,,,,,,,,,2,4,1,2,,,,,,,,,,,,,,,,,,,,,,,,,,,,,,,,,,,,,,,,,,,,,,,,-999,-999,-999,1,1,151,,0.0,,,,4,4.0,1,5,4,5,2,2,2,6,7,5,6,7,,,2,2,2,,,,,,,,,,,,,,,,,,,,,,,,,,,,,,,,,,,,,,,,,,,,,,,,-999,-999,-999,1,1,151,,0.0,1,1,1,1,1,1,7,6,7,6,,,,,,,,,,,,,,,,,,,,,,,,,,,,,,,,,,,,,,,,,,,,,,,,3,1,2,,,,,,,,,,,,,,,,,,,,,,,,,,,,,,,,,,,,,,,,,,,,,,,,-999,1,1,151,,0.0,7,9,10,6,5,8,1,11,8,4,2,7,9,2,1,10,1,3,3,8,0,1,0,4,1,4,7,1,0,1,1,1,1,6,1,0,9,6,0,0,0,0,0,3,2,0,2,4,4,4,0,0,0,1,0,0,0,1,1,0,0,0,,1,1,-999,-999,-999,-999,-999,-999,1,1,151,,0.0,2,168252,ph3_168252,,2025-11-25T15:46:33.455Z,-999,,-999,-999,3,1,1,2,2,3,11,1,14,8,12,6,9,2,4,7,5,3,13,10,1,1,1,1,1
152,kk4x7rit,1a7,0,23,23,app_end,End,2025-11-25 15:33:54.433810,1,,,0.0,1,e5y22b4i,,,,,0,1.0,0.0,SS_WS2526,152,,0.0,2,4,3,2025-11-25T15:33:55.545Z,0,3,1,1,152,,0.0,,,,,,,,,,,4,3,4,3,0,-999,-999,1,1,152,,0.0,vja,8ke,3z0,x,x,x,x,x,x,x,x,x,x,x,x,x,x,x,x,x,x,x,x,x,x,x,x,x,x,x,x,x,x,x,x,x,x,x,x,x,x,x,x,x,x,x,x,x,x,x,1,0,0,0,0,1,0,0,0,0,1,0,0,0,0,0,0,0,0,0,0,0,0,0,0,0,0,0,0,0,0,0,0,0,0,0,0,0,0,0,0,0,0,0,0,0,0,0,0,0,0,0,0,0,0,0,0,0,0,0,0,0,0,0,0,0,0,0,0,0,0,0,0,0,0,0,0,0,0,0,0,0,0,0,0,0,0,0,0,0,0,0,0,0,0,0,0,0,0,0,0,0,0,0,0,0,0,0,0,0,0,0,0,0,0,0,0,0,0,0,0,0,0,0,0,0,0,0,0,0,0,0,0,0,0,0,0,0,0,0,0,0,0,0,0,0,0,0,0,0,0,0,0,0,0,0,0,0,0,0,0,0,0,0,0,0,0,0,0,0,0,0,0,0,0,0,0,0,0,0,0,0,0,0,0,0,0,0,0,0,0,0,0,0,0,0,0,0,0,0,0,0,0,0,0,0,0,0,0,0,0,0,0,0,0,0,0,0,0,0,0,0,0,0,0,0,0,0,0,0,0,0,0,0,0,0,0,0,0,0,0,0,0,0,0,0,0,0,0,0,2,1,1,,,,,,,,,,,,,,,,,,,,,,,,,,,,,,,,,,,,,,,,,,,,,,,,4,4,4,4,,,,,,,,,,,,,,,,,,,,,,,,,,,,,,,,,,,,,,,,,,,,,,,,-999,-999,-999,1,1,152,,0.0,,,,4,2.0,3,6,3,5,4,6,5,5,4,3,2,6,,,6,5,3,,,,,,,,,,,,,,,,,,,,,,,,,,,,,,,,,,,,,,,,,,,,,,,,-999,-999,-999,1,1,152,,0.0,2,0,1,2,1,3,7,6,6,6,,,,,,,,,,,,,,,,,,,,,,,,,,,,,,,,,,,,,,,,,,,,,,,,1,1,1,,,,,,,,,,,,,,,,,,,,,,,,,,,,,,,,,,,,,,,,,,,,,,,,-999,1,1,152,,0.0,3,8,9,5,6,7,2,11,0,3,2,9,8,6,1,5,1,9,9,8,0,2,0,0,4,0,0,0,0,4,1,1,2,6,4,6,6,3,0,0,0,0,0,0,0,0,0,0,0,0,0,0,0,0,0,1,0,1,0,0,1,0,,2,1,-999,-999,-999,-999,-999,-999,1,1,152,,0.0,2,612306,1a7_612306,,2025-11-25T15:47:34.162Z,-999,,-999,-999,1,2,1,2,3,1,14,6,10,9,7,4,2,5,3,11,1,12,8,13,2,2,2,1,1
153,cdt2u9tx,7w1,0,23,23,app_end,End,2025-11-25 15:33:56.008133,1,,,0.0,1,e5y22b4i,,,,,0,1.0,0.0,SS_WS2526,153,,0.0,2,5,3,2025-11-25T15:33:56.296Z,0,3,1,1,153,,0.0,,,,,,,,,,,5,3,4,3,,-999,-999,1,1,153,,0.0,aq6,qip,x,x,x,x,x,x,x,x,x,x,x,x,x,x,x,x,x,x,x,x,x,x,x,x,x,x,x,x,x,x,x,x,x,x,x,x,x,x,x,x,x,x,x,x,x,x,x,x,1,0,0,0,0,1,0,0,0,0,0,0,0,0,0,0,0,0,0,0,0,0,0,0,0,0,0,0,0,0,0,0,0,0,0,0,0,0,0,0,0,0,0,0,0,0,0,0,0,0,0,0,0,0,0,0,0,0,0,0,0,0,0,0,0,0,0,0,0,0,0,0,0,0,0,0,0,0,0,0,0,0,0,0,0,0,0,0,0,0,0,0,0,0,0,0,0,0,0,0,0,0,0,0,0,0,0,0,0,0,0,0,0,0,0,0,0,0,0,0,0,0,0,0,0,0,0,0,0,0,0,0,0,0,0,0,0,0,0,0,0,0,0,0,0,0,0,0,0,0,0,0,0,0,0,0,0,0,0,0,0,0,0,0,0,0,0,0,0,0,0,0,0,0,0,0,0,0,0,0,0,0,0,0,0,0,0,0,0,0,0,0,0,0,0,0,0,0,0,0,0,0,0,0,0,0,0,0,0,0,0,0,0,0,0,0,0,0,0,0,0,0,0,0,0,0,0,0,0,0,0,0,0,0,0,0,0,0,0,0,0,0,0,0,0,0,0,0,0,0,1,1,,,,,,,,,,,,,,,,,,,,,,,,,,,,,,,,,,,,,,,,,,,,,,,,,3,4,4,,,,,,,,,,,,,,,,,,,,,,,,,,,,,,,,,,,,,,,,,,,,,,,,,-999,-999,-999,1,1,153,,0.0,,,,2,3.3,6,6,3,5,4,4,2,4,6,4,5,5,,,6,6,,,,,,,,,,,,,,,,,,,,,,,,,,,,,,,,,,,,,,,,,,,,,,,,,-999,-999,-999,1,1,153,,0.0,2,2,2,1,2,1,6,6,6,,,,,,,,,,,,,,,,,,,,,,,,,,,,,,,,,,,,,,,,,,,,,,,,,2,2,,,,,,,,,,,,,,,,,,,,,,,,,,,,,,,,,,,,,,,,,,,,,,,,,-999,1,1,153,,0.0,6,10,11,5,4,8,1,0,9,1,1,6,9,1,1,10,1,1,0,9,0,1,4,2,1,6,8,1,11,1,1,1,1,5,1,1,11,11,0,0,0,0,0,4,3,5,3,4,5,4,0,0,0,0,1,1,1,1,1,0,0,0,,1,1,-999,-999,-999,-999,-999,-999,1,1,153,,0.0,2,699445,7w1_699445,,2025-11-25T15:47:09.970Z,-999,,-999,-999,1,3,1,2,2,3,2,1,4,13,10,11,12,5,14,3,7,6,8,9,2,2,2,1,1
154,nouhrw9n,8mx,0,23,23,app_end,End,2025-11-25 15:33:56.026754,1,,,0.0,1,e5y22b4i,,,,,0,1.0,0.0,SS_WS2526,154,,0.0,2,4,3,2025-11-25T15:33:56.211Z,0,3,1,1,154,,0.0,,,,,,,,,,,1,2,2,2,0,-999,-999,1,1,154,,0.0,fph,2k4,ph3,x,x,x,x,x,x,x,x,x,x,x,x,x,x,x,x,x,x,x,x,x,x,x,x,x,x,x,x,x,x,x,x,x,x,x,x,x,x,x,x,x,x,x,x,x,x,x,1,0,0,0,1,1,0,0,0,0,1,0,0,0,0,0,0,0,0,0,0,0,0,0,0,0,0,0,0,0,0,0,0,0,0,0,0,0,0,0,0,0,0,0,0,0,0,0,0,0,0,0,0,0,0,0,0,0,0,0,0,0,0,0,0,0,0,0,0,0,0,0,0,0,0,0,0,0,0,0,0,0,0,0,0,0,0,0,0,0,0,0,0,0,0,0,0,0,0,0,0,0,0,0,0,0,0,0,0,0,0,0,0,0,0,0,0,0,0,0,0,0,0,0,0,0,0,0,0,0,0,0,0,0,0,0,0,0,0,0,0,0,0,0,0,0,0,0,0,0,0,0,0,0,0,0,0,0,0,0,0,0,0,0,0,0,0,0,0,0,0,0,0,0,0,0,0,0,0,0,0,0,0,0,0,0,0,0,0,0,0,0,0,0,0,0,0,0,0,0,0,0,0,0,0,0,0,0,0,0,0,0,0,0,0,0,0,0,0,0,0,0,0,0,0,0,0,0,0,0,0,0,0,0,0,0,0,0,0,0,0,0,0,0,0,0,0,0,0,0,1,1,1,,,,,,,,,,,,,,,,,,,,,,,,,,,,,,,,,,,,,,,,,,,,,,,,1,1,4,4,,,,,,,,,,,,,,,,,,,,,,,,,,,,,,,,,,,,,,,,,,,,,,,,-999,-999,-999,1,1,154,,0.0,,,,,,5,3,3,5,3,7,5,7,7,5,7,6,,,,,,,,,,,,,,,,,,,,,,,,,,,,,,,,,,,,,,,,,,,,,,,,,,,,,-999,-999,-999,1,1,154,,0.0,1,1,1,1,3,1,6,7,4,4,,,,,,,,,,,,,,,,,,,,,,,,,,,,,,,,,,,,,,,,,,,,,,,,1,4,4,,,,,,,,,,,,,,,,,,,,,,,,,,,,,,,,,,,,,,,,,,,,,,,,-999,1,1,154,,0.0,6,11,11,6,7,11,4,11,11,1,1,3,1,1,1,10,1,3,1,6,1,1,1,1,1,1,1,1,9,1,1,1,1,1,1,1,1,1,1,1,1,1,1,4,1,1,1,4,4,4,0,0,0,1,0,1,0,1,1,0,0,0,,1,1,-999,-999,-999,-999,-999,-999,1,1,154,,0.0,1,489683,8mx_489683,,2025-11-25T15:47:04.933Z,-999,,-999,,2,3,2,1,1,3,12,8,2,13,1,7,3,5,14,10,11,4,6,9,1,2,1,1,1
155,21egdmih,swx,0,23,23,app_end,End,2025-11-25 15:33:56.224681,1,,,0.0,1,e5y22b4i,,,,,0,1.0,0.0,SS_WS2526,155,,0.0,2,5,3,2025-11-25T15:33:56.421Z,1,3,1,1,155,,0.0,,,,,,,,,,,4,4,3,2,0,-999,-999,1,1,155,,0.0,x,x,x,x,x,x,x,x,x,x,x,x,x,x,x,x,x,x,x,x,x,x,x,x,x,x,x,x,x,x,x,x,x,x,x,x,x,x,x,x,x,x,x,x,x,x,x,x,x,x,0,0,0,0,0,0,0,0,0,0,0,0,0,0,0,0,0,0,0,0,0,0,0,0,0,0,0,0,0,0,0,0,0,0,0,0,0,0,0,0,0,0,0,0,0,0,0,0,0,0,0,0,0,0,0,0,0,0,0,0,0,0,0,0,0,0,0,0,0,0,0,0,0,0,0,0,0,0,0,0,0,0,0,0,0,0,0,0,0,0,0,0,0,0,0,0,0,0,0,0,0,0,0,0,0,0,0,0,0,0,0,0,0,0,0,0,0,0,0,0,0,0,0,0,0,0,0,0,0,0,0,0,0,0,0,0,0,0,0,0,0,0,0,0,0,0,0,0,0,0,0,0,0,0,0,0,0,0,0,0,0,0,0,0,0,0,0,0,0,0,0,0,0,0,0,0,0,0,0,0,0,0,0,0,0,0,0,0,0,0,0,0,0,0,0,0,0,0,0,0,0,0,0,0,0,0,0,0,0,0,0,0,0,0,0,0,0,0,0,0,0,0,0,0,0,0,0,0,0,0,0,0,0,0,0,0,0,0,0,0,0,0,0,0,0,0,0,0,0,0,,,,,,,,,,,,,,,,,,,,,,,,,,,,,,,,,,,,,,,,,,,,,,,,,,,8,,,,,,,,,,,,,,,,,,,,,,,,,,,,,,,,,,,,,,,,,,,,,,,,,,,-999,-999,-999,1,1,155,,0.0,,,,5,2.3,60,4,3,6,5,5,7,6,7,5,5,5,,,,,,,,,,,,,,,,,,,,,,,,,,,,,,,,,,,,,,,,,,,,,,,,,,,,,-999,-999,-999,1,1,155,,0.0,0,0,0,0,3,5,0,,,,,,,,,,,,,,,,,,,,,,,,,,,,,,,,,,,,,,,,,,,,,,,,,,,,,,,,,,,,,,,,,,,,,,,,,,,,,,,,,,,,,,,,,,,,,,,,,,,,,-999,1,1,155,,0.0,11,7,7,5,4,6,2,11,0,7,7,5,4,10,2,2,0,0,0,4,0,0,0,0,0,0,0,0,0,7,1,3,3,8,4,5,3,0,0,0,0,0,0,1,0,4,0,4,4,4,0,1,0,0,0,1,0,1,0,0,1,1,,2,1,-999,-999,-999,-999,-999,-999,1,1,155,,0.0,0,915733,swx_915733,,2025-11-25T15:42:46.746Z,-999,,-999,-999,1,3,2,3,3,1,14,8,9,6,5,12,11,3,1,2,7,4,10,13,1,1,1,1,1
156,i9l4jyd5,rvu,0,23,23,app_end,End,2025-11-25 15:33:57.462629,1,,,0.0,1,e5y22b4i,,,,,0,1.0,0.0,SS_WS2526,156,,0.0,3,2,3,2025-11-25T15:33:57.816Z,0,2,1,1,156,,0.0,,,,,,,,,,,3,2,3,2,0,-999,-999,1,1,156,,0.0,zit,x,x,x,x,x,x,x,x,x,x,x,x,x,x,x,x,x,x,x,x,x,x,x,x,x,x,x,x,x,x,x,x,x,x,x,x,x,x,x,x,x,x,x,x,x,x,x,x,x,0,0,0,0,1,0,0,0,0,0,0,0,0,0,0,0,0,0,0,0,0,0,0,0,0,0,0,0,0,0,0,0,0,0,0,0,0,0,0,0,0,0,0,0,0,0,0,0,0,0,0,0,0,0,0,0,0,0,0,0,0,0,0,0,0,0,0,0,0,0,0,0,0,0,0,0,0,0,0,0,0,0,0,0,0,0,0,0,0,0,0,0,0,0,0,0,0,0,0,0,0,0,0,0,0,0,0,0,0,0,0,0,0,0,0,0,0,0,0,0,0,0,0,0,0,0,0,0,0,0,0,0,0,0,0,0,0,0,0,0,0,0,0,0,0,0,0,0,0,0,0,0,0,0,0,0,0,0,0,0,0,0,0,0,0,0,0,0,0,0,0,0,0,0,0,0,0,0,0,0,0,0,0,0,0,0,0,0,0,0,0,0,0,0,0,0,0,0,0,0,0,0,0,0,0,0,0,0,0,0,0,0,0,0,0,0,0,0,0,0,0,0,0,0,0,0,0,0,0,0,0,0,0,0,0,0,0,0,0,0,0,0,0,0,0,0,0,0,0,0,1,,,,,,,,,,,,,,,,,,,,,,,,,,,,,,,,,,,,,,,,,,,,,,,,,,2,3,,,,,,,,,,,,,,,,,,,,,,,,,,,,,,,,,,,,,,,,,,,,,,,,,,-999,-999,-999,1,1,156,,0.0,,,,5,3.0,3,7,5,6,6,5,5,5,7,5,2,6,,,4,,,,,,,,,,,,,,,,,,,,,,,,,,,,,,,,,,,,,,,,,,,,,,,,,,-999,-999,-999,1,1,156,,0.0,1,2,1,1,2,1,6,6,,,,,,,,,,,,,,,,,,,,,,,,,,,,,,,,,,,,,,,,,,,,,,,,,,1,,,,,,,,,,,,,,,,,,,,,,,,,,,,,,,,,,,,,,,,,,,,,,,,,,-999,1,1,156,,0.0,6,7,8,4,4,7,2,11,6,2,2,7,7,3,1,10,3,7,7,9,0,1,0,1,1,0,7,1,0,2,1,1,1,6,1,6,10,0,0,0,0,0,0,4,3,4,2,3,2,4,0,0,0,1,0,1,1,1,1,0,1,0,,1,1,-999,-999,-999,-999,-999,-999,1,1,156,,0.0,2,793684,rvu_793684,,2025-11-25T15:44:22.413Z,-999,,-999,-999,3,2,1,2,1,3,11,7,1,14,3,5,2,9,8,6,10,12,4,13,1,1,1,1,1
157,see682av,klf,0,23,23,app_end,End,2025-11-25 15:33:57.690452,1,,,0.0,1,e5y22b4i,,,,,0,1.0,0.0,SS_WS2526,157,,0.0,3,2,3,2025-11-25T15:33:57.996Z,0,2,1,1,157,,0.0,,,,,,,,,,,4,3,4,3,,-999,-999,1,1,157,,0.0,1ey,x,x,x,x,x,x,x,x,x,x,x,x,x,x,x,x,x,x,x,x,x,x,x,x,x,x,x,x,x,x,x,x,x,x,x,x,x,x,x,x,x,x,x,x,x,x,x,x,x,0,1,0,0,0,0,0,0,0,0,0,0,0,0,0,0,0,0,0,0,0,0,0,0,0,0,0,0,0,0,0,0,0,0,0,0,0,0,0,0,0,0,0,0,0,0,0,0,0,0,0,0,0,0,0,0,0,0,0,0,0,0,0,0,0,0,0,0,0,0,0,0,0,0,0,0,0,0,0,0,0,0,0,0,0,0,0,0,0,0,0,0,0,0,0,0,0,0,0,0,0,0,0,0,0,0,0,0,0,0,0,0,0,0,0,0,0,0,0,0,0,0,0,0,0,0,0,0,0,0,0,0,0,0,0,0,0,0,0,0,0,0,0,0,0,0,0,0,0,0,0,0,0,0,0,0,0,0,0,0,0,0,0,0,0,0,0,0,0,0,0,0,0,0,0,0,0,0,0,0,0,0,0,0,0,0,0,0,0,0,0,0,0,0,0,0,0,0,0,0,0,0,0,0,0,0,0,0,0,0,0,0,0,0,0,0,0,0,0,0,0,0,0,0,0,0,0,0,0,0,0,0,0,0,0,0,0,0,0,0,0,0,0,0,0,0,0,0,0,0,1,,,,,,,,,,,,,,,,,,,,,,,,,,,,,,,,,,,,,,,,,,,,,,,,,,7,6,,,,,,,,,,,,,,,,,,,,,,,,,,,,,,,,,,,,,,,,,,,,,,,,,,-999,-999,-999,1,1,157,,0.0,,,,2,3.0,3,7,0,6,5,5,7,7,7,7,5,5,,,6,,,,,,,,,,,,,,,,,,,,,,,,,,,,,,,,,,,,,,,,,,,,,,,,,,-999,-999,-999,1,1,157,,0.0,,7,5,4,5,6,6,5,,,,,,,,,,,,,,,,,,,,,,,,,,,,,,,,,,,,,,,,,,,,,,,,,,2,,,,,,,,,,,,,,,,,,,,,,,,,,,,,,,,,,,,,,,,,,,,,,,,,,-999,1,1,157,,0.0,1,7,8,5,4,7,1,11,5,10,9,9,9,9,1,2,1,10,8,8,7,1,1,5,8,7,8,1,8,9,1,2,1,8,3,8,1,8,7,0,0,0,0,4,4,4,4,5,5,4,0,0,0,1,0,0,1,1,1,0,0,0,,2,1,-999,-999,-999,-999,-999,-999,1,1,157,,0.0,2,721142,klf_721142,,2025-11-25T15:47:04.115Z,-999,,-999,-999,1,3,1,2,3,1,14,13,7,5,2,6,8,11,9,12,3,4,10,1,1,1,2,1,1
158,3reodvke,yo0,0,23,23,app_end,End,2025-11-25 15:33:58.946477,1,,,0.0,1,e5y22b4i,,,,,0,1.0,0.0,SS_WS2526,158,,0.0,3,1,3,2025-11-25T15:34:01.234Z,1,1,1,1,158,,0.0,,,,,,,,,,,4,5,4,5,10,-999,-999,1,1,158,,0.0,39j,gpm,k8p,e30,pkl,x,x,x,x,x,x,x,x,x,x,x,x,x,x,x,x,x,x,x,x,x,x,x,x,x,x,x,x,x,x,x,x,x,x,x,x,x,x,x,x,x,x,x,x,x,1,0,1,1,0,1,0,1,1,0,1,0,1,1,0,1,0,1,1,0,0,0,0,1,0,0,0,0,0,0,0,0,0,0,0,0,0,0,0,0,0,0,0,0,0,0,0,0,0,0,0,0,0,0,0,0,0,0,0,0,0,0,0,0,0,0,0,0,0,0,0,0,0,0,0,0,0,0,0,0,0,0,0,0,0,0,0,0,0,0,0,0,0,0,0,0,0,0,0,0,0,0,0,0,0,0,0,0,0,0,0,0,0,0,0,0,0,0,0,0,0,0,0,0,0,0,0,0,0,0,0,0,0,0,0,0,0,0,0,0,0,0,0,0,0,0,0,0,0,0,0,0,0,0,0,0,0,0,0,0,0,0,0,0,0,0,0,0,0,0,0,0,0,0,0,0,0,0,0,0,0,0,0,0,0,0,0,0,0,0,0,0,0,0,0,0,0,0,0,0,0,0,0,0,0,0,0,0,0,0,0,0,0,0,0,0,0,0,0,0,0,0,0,0,0,0,0,0,0,0,0,0,0,0,0,0,0,0,0,0,0,0,0,0,0,0,0,0,0,0,1,1,1,1,1,,,,,,,,,,,,,,,,,,,,,,,,,,,,,,,,,,,,,,,,,,,,,,7,2,4,4,3,6,,,,,,,,,,,,,,,,,,,,,,,,,,,,,,,,,,,,,,,,,,,,,,-999,-999,-999,1,1,158,,0.0,,,,5,3.0,20,6,6,5,5,2,1,7,3,7,6,6,,,5,2,4,8,4,,,,,,,,,,,,,,,,,,,,,,,,,,,,,,,,,,,,,,,,,,,,,,-999,-999,-999,1,1,158,,0.0,2,5,2,3,3,5,5,7,6,6,5,4,,,,,,,,,,,,,,,,,,,,,,,,,,,,,,,,,,,,,,,,,,,,,,2,2,2,2,2,,,,,,,,,,,,,,,,,,,,,,,,,,,,,,,,,,,,,,,,,,,,,,-999,1,1,158,,0.0,11,8,9,5,3,6,2,11,5,9,9,5,4,7,1,3,1,8,0,0,0,1,0,0,1,0,0,0,0,8,1,1,1,9,6,3,1,0,0,0,0,0,0,4,2,5,1,5,5,5,0,0,1,1,0,1,1,1,0,0,0,1,,2,1,-999,-999,-999,-999,-999,-999,1,1,158,,0.0,2,310161,yo0_310161,,2025-11-25T15:45:50.161Z,-999,,-999,-999,3,1,3,2,3,1,11,12,13,2,14,5,3,7,8,9,10,1,4,6,1,1,1,1,1
159,j8nob81e,w10,0,23,23,app_end,End,2025-11-25 15:33:59.313563,1,,,0.0,1,e5y22b4i,,,,,0,1.0,0.0,SS_WS2526,159,,0.0,3,2,3,2025-11-25T15:34:00.475Z,0,2,1,1,159,,0.0,,,,,,,,,,,5,2,5,3,5,-999,-999,1,1,159,,0.0,5ul,zit,fle,gd8,xfz,w9x,j0g,2g7,x,x,x,x,x,x,x,x,x,x,x,x,x,x,x,x,x,x,x,x,x,x,x,x,x,x,x,x,x,x,x,x,x,x,x,x,x,x,x,x,x,x,1,0,1,1,1,1,0,0,0,0,1,0,0,0,0,0,0,0,0,0,1,0,0,0,0,0,0,0,0,0,1,0,0,0,1,0,0,0,0,0,0,0,0,0,0,0,0,0,0,0,0,0,0,0,0,0,0,0,0,0,0,0,0,0,0,0,0,0,0,0,0,0,0,0,0,0,0,0,0,0,0,0,0,0,0,0,0,0,0,0,0,0,0,0,0,0,0,0,0,0,0,0,0,0,0,0,0,0,0,0,0,0,0,0,0,0,0,0,0,0,0,0,0,0,0,0,0,0,0,0,0,0,0,0,0,0,0,0,0,0,0,0,0,0,0,0,0,0,0,0,0,0,0,0,0,0,0,0,0,0,0,0,0,0,0,0,0,0,0,0,0,0,0,0,0,0,0,0,0,0,0,0,0,0,0,0,0,0,0,0,0,0,0,0,0,0,0,0,0,0,0,0,0,0,0,0,0,0,0,0,0,0,0,0,0,0,0,0,0,0,0,0,0,0,0,0,0,0,0,0,0,0,0,0,0,0,0,0,0,0,0,0,0,0,0,0,0,0,0,0,1,2,2,2,2,2,2,2,,,,,,,,,,,,,,,,,,,,,,,,,,,,,,,,,,,,,,,,,,,6,5,5,4,3,4,4,4,5,,,,,,,,,,,,,,,,,,,,,,,,,,,,,,,,,,,,,,,,,,,-999,-999,-999,1,1,159,,0.0,,,,3,0,5,3,3,7,2,6,6,6,3,6,6,6,,,0,0,0,0,0,0,0,0,,,,,,,,,,,,,,,,,,,,,,,,,,,,,,,,,,,,,,,,,,,-999,-999,-999,1,1,159,,0.0,4,7,6,4,6,7,5,5,5,6,7,6,6,6,5,,,,,,,,,,,,,,,,,,,,,,,,,,,,,,,,,,,,,,,,,,,3,3,2,1,2,2,2,2,,,,,,,,,,,,,,,,,,,,,,,,,,,,,,,,,,,,,,,,,,,-999,1,1,159,,0.0,5,6,7,5,4,6,1,11,0,11,9,6,4,11,1,1,1,10,9,4,3,1,1,10,9,10,8,1,1,10,1,3,4,10,9,10,1,6,11,11,11,1,1,5,4,5,4,5,5,5,0,1,1,1,0,1,1,1,1,0,0,1,,2,1,-999,-999,-999,-999,-999,-999,1,1,159,,0.0,1,794712,w10_794712,,2025-11-25T15:49:22.563Z,-999,,-999,,3,1,1,3,2,3,8,4,6,11,13,5,10,7,14,3,12,9,2,1,2,2,2,1,1
160,kn7w9s6r,gpm,0,22,23,app_end,FirstEndPage,2025-11-25 15:34:00.415166,1,,,0.0,1,e5y22b4i,,,,,0,1.0,0.0,SS_WS2526,160,,0.0,3,2,3,2025-11-25T15:34:01.952Z,0,2,1,1,160,,0.0,,,,,,,,,,,4,3,4,3,0,-999,-999,1,1,160,,0.0,k8p,yo0,39j,vja,e30,pkl,x,x,x,x,x,x,x,x,x,x,x,x,x,x,x,x,x,x,x,x,x,x,x,x,x,x,x,x,x,x,x,x,x,x,x,x,x,x,x,x,x,x,x,x,1,0,1,1,1,1,0,0,1,0,1,0,1,1,0,1,0,0,1,0,0,0,1,1,0,0,0,0,1,0,0,0,0,0,0,0,0,0,0,0,0,0,0,0,0,0,0,0,0,0,0,0,0,0,0,0,0,0,0,0,0,0,0,0,0,0,0,0,0,0,0,0,0,0,0,0,0,0,0,0,0,0,0,0,0,0,0,0,0,0,0,0,0,0,0,0,0,0,0,0,0,0,0,0,0,0,0,0,0,0,0,0,0,0,0,0,0,0,0,0,0,0,0,0,0,0,0,0,0,0,0,0,0,0,0,0,0,0,0,0,0,0,0,0,0,0,0,0,0,0,0,0,0,0,0,0,0,0,0,0,0,0,0,0,0,0,0,0,0,0,0,0,0,0,0,0,0,0,0,0,0,0,0,0,0,0,0,0,0,0,0,0,0,0,0,0,0,0,0,0,0,0,0,0,0,0,0,0,0,0,0,0,0,0,0,0,0,0,0,0,0,0,0,0,0,0,0,0,0,0,0,0,0,0,0,0,0,0,0,0,0,0,0,0,0,0,0,0,0,0,1,1,1,2,1,1,,,,,,,,,,,,,,,,,,,,,,,,,,,,,,,,,,,,,,,,,,,,,3,2,5,2,2,3,5,,,,,,,,,,,,,,,,,,,,,,,,,,,,,,,,,,,,,,,,,,,,,-999,-999,-999,1,1,160,,0.0,,,,2,2.0,15,5,4,6,3,6,6,6,5,7,6,7,,,3,3,4,6,6,5,,,,,,,,,,,,,,,,,,,,,,,,,,,,,,,,,,,,,,,,,,,,,-999,-999,-999,1,1,160,,0.0,1,3,2,1,1,1,7,7,5,7,7,6,5,,,,,,,,,,,,,,,,,,,,,,,,,,,,,,,,,,,,,,,,,,,,,1,1,1,1,1,1,,,,,,,,,,,,,,,,,,,,,,,,,,,,,,,,,,,,,,,,,,,,,-999,1,1,160,,0.0,7,8,9,5,4,7,2,11,7,2,1,9,10,3,1,10,1,8,9,10,11,1,9,1,1,1,8,1,8,1,1,1,1,4,2,8,8,10,1,0,8,1,10,4,2,4,3,4,4,4,0,0,0,0,1,1,1,1,0,0,1,0,,2,2,-999,-999,-999,-999,-999,-999,1,1,160,,0.0,1,278295,gpm_278295,,-999,-999,,-999,,2,1,2,3,3,1,12,3,11,1,2,6,7,10,8,13,5,9,4,14,2,2,2,1,1
161,rzq48zjk,1k3,0,22,23,app_end,FirstEndPage,2025-11-25 15:34:01.632925,1,,,0.0,1,e5y22b4i,,,,,0,1.0,0.0,SS_WS2526,161,,0.0,3,1,3,2025-11-25T15:34:02.265Z,0,1,1,1,161,,0.0,,,,,,,,,,,3,4,4,4,,-999,-999,1,1,161,,0.0,pgw,zrm,g8f,1ds,x,x,x,x,x,x,x,x,x,x,x,x,x,x,x,x,x,x,x,x,x,x,x,x,x,x,x,x,x,x,x,x,x,x,x,x,x,x,x,x,x,x,x,x,x,x,1,0,0,0,0,1,0,0,0,0,1,0,0,0,0,1,0,0,0,0,0,0,0,0,0,0,0,0,0,0,0,0,0,0,0,0,0,0,0,0,0,0,0,0,0,0,0,0,0,0,0,0,0,0,0,0,0,0,0,0,0,0,0,0,0,0,0,0,0,0,0,0,0,0,0,0,0,0,0,0,0,0,0,0,0,0,0,0,0,0,0,0,0,0,0,0,0,0,0,0,0,0,0,0,0,0,0,0,0,0,0,0,0,0,0,0,0,0,0,0,0,0,0,0,0,0,0,0,0,0,0,0,0,0,0,0,0,0,0,0,0,0,0,0,0,0,0,0,0,0,0,0,0,0,0,0,0,0,0,0,0,0,0,0,0,0,0,0,0,0,0,0,0,0,0,0,0,0,0,0,0,0,0,0,0,0,0,0,0,0,0,0,0,0,0,0,0,0,0,0,0,0,0,0,0,0,0,0,0,0,0,0,0,0,0,0,0,0,0,0,0,0,0,0,0,0,0,0,0,0,0,0,0,0,0,0,0,0,0,0,0,0,0,0,0,0,0,0,0,0,1,1,1,1,,,,,,,,,,,,,,,,,,,,,,,,,,,,,,,,,,,,,,,,,,,,,,,5,4,7,5,4,,,,,,,,,,,,,,,,,,,,,,,,,,,,,,,,,,,,,,,,,,,,,,,-999,-999,-999,1,1,161,,0.0,,,,3,2.0,6,4,4,6,5,6,6,,5,6,5,7,,,5,3,4,6,,,,,,,,,,,,,,,,,,,,,,,,,,,,,,,,,,,,,,,,,,,,,,,-999,-999,-999,1,1,161,,0.0,2,5,3,4,5,4,6,6,7,6,1,,,,,,,,,,,,,,,,,,,,,,,,,,,,,,,,,,,,,,,,,,,,,,,5,6,3,4,,,,,,,,,,,,,,,,,,,,,,,,,,,,,,,,,,,,,,,,,,,,,,,-999,1,1,161,,0.0,3,7,8,4,6,8,1,11,7,5,4,9,9,7,1,7,7,8,6,6,6,3,4,4,8,5,6,6,6,3,1,1,1,7,8,5,4,5,4,5,3,4,6,4,3,3,3,4,4,4,1,0,0,1,0,1,1,1,0,0,0,0,,2,2,-999,-999,-999,-999,-999,-999,1,1,161,,0.0,0,336815,1k3_336815,,-999,-999,,-999,-999,3,2,3,1,3,1,4,7,6,11,3,8,13,5,9,10,12,2,14,1,1,1,1,1,1
162,pr5qewrf,i49,0,22,23,app_end,FirstEndPage,2025-11-25 15:34:01.679002,1,,,0.0,1,e5y22b4i,,,,,0,1.0,0.0,SS_WS2526,162,,0.0,3,2,3,2025-11-25T15:34:02.460Z,0,2,1,1,162,,0.0,,,,,,,,,,,4,3,5,4,0,-999,-999,1,1,162,,0.0,obm,7a9,n3q,x,x,x,x,x,x,x,x,x,x,x,x,x,x,x,x,x,x,x,x,x,x,x,x,x,x,x,x,x,x,x,x,x,x,x,x,x,x,x,x,x,x,x,x,x,x,x,1,0,0,1,0,1,0,1,1,0,0,0,0,1,1,0,0,0,0,0,0,0,0,0,0,0,0,0,0,0,0,0,0,0,0,0,0,0,0,0,0,0,0,0,0,0,0,0,0,0,0,0,0,0,0,0,0,0,0,0,0,0,0,0,0,0,0,0,0,0,0,0,0,0,0,0,0,0,0,0,0,0,0,0,0,0,0,0,0,0,0,0,0,0,0,0,0,0,0,0,0,0,0,0,0,0,0,0,0,0,0,0,0,0,0,0,0,0,0,0,0,0,0,0,0,0,0,0,0,0,0,0,0,0,0,0,0,0,0,0,0,0,0,0,0,0,0,0,0,0,0,0,0,0,0,0,0,0,0,0,0,0,0,0,0,0,0,0,0,0,0,0,0,0,0,0,0,0,0,0,0,0,0,0,0,0,0,0,0,0,0,0,0,0,0,0,0,0,0,0,0,0,0,0,0,0,0,0,0,0,0,0,0,0,0,0,0,0,0,0,0,0,0,0,0,0,0,0,0,0,0,0,0,0,0,0,0,0,0,0,0,0,0,0,0,0,0,0,0,0,1,1,1,,,,,,,,,,,,,,,,,,,,,,,,,,,,,,,,,,,,,,,,,,,,,,,,4,4,5,7,,,,,,,,,,,,,,,,,,,,,,,,,,,,,,,,,,,,,,,,,,,,,,,,-999,-999,-999,1,1,162,,0.0,,,,6,3.7,8,6,6,3,4,3,6,7,3,5,7,3,,,9,10,8,,,,,,,,,,,,,,,,,,,,,,,,,,,,,,,,,,,,,,,,,,,,,,,,-999,-999,-999,1,1,162,,0.0,1,2,2,2,1,1,6,6,5,5,,,,,,,,,,,,,,,,,,,,,,,,,,,,,,,,,,,,,,,,,,,,,,,,2,3,3,,,,,,,,,,,,,,,,,,,,,,,,,,,,,,,,,,,,,,,,,,,,,,,,-999,1,1,162,,0.0,7,8,9,5,6,8,2,11,10,3,2,6,9,4,1,7,1,9,0,10,0,1,0,3,1,0,6,1,0,4,1,1,1,6,0,8,7,9,0,0,0,1,0,4,2,2,2,4,4,4,1,0,0,1,0,1,1,1,0,0,0,0,,1,1,-999,-999,-999,-999,-999,-999,1,1,162,,0.0,1,890419,i49_890419,,-999,-999,,-999,,2,3,1,2,3,1,12,7,8,10,6,3,9,13,2,14,11,1,5,4,2,2,1,1,1
163,611iihxg,k8p,0,23,23,app_end,End,2025-11-25 15:34:01.696359,1,,,0.0,1,e5y22b4i,,,,,0,1.0,0.0,SS_WS2526,163,,0.0,3,3,3,2025-11-25T15:34:03.123Z,0,2,1,1,163,,0.0,,,,,,,,,,,4,3,4,3,0,-999,-999,1,1,163,,0.0,yo0,39j,vja,e30,pkl,gpm,x,x,x,x,x,x,x,x,x,x,x,x,x,x,x,x,x,x,x,x,x,x,x,x,x,x,x,x,x,x,x,x,x,x,x,x,x,x,x,x,x,x,x,x,1,0,0,1,0,1,0,0,1,0,1,0,0,1,0,0,0,0,1,0,0,0,0,1,0,1,0,1,1,1,0,0,0,0,0,0,0,0,0,0,0,0,0,0,0,0,0,0,0,0,0,0,0,0,0,0,0,0,0,0,0,0,0,0,0,0,0,0,0,0,0,0,0,0,0,0,0,0,0,0,0,0,0,0,0,0,0,0,0,0,0,0,0,0,0,0,0,0,0,0,0,0,0,0,0,0,0,0,0,0,0,0,0,0,0,0,0,0,0,0,0,0,0,0,0,0,0,0,0,0,0,0,0,0,0,0,0,0,0,0,0,0,0,0,0,0,0,0,0,0,0,0,0,0,0,0,0,0,0,0,0,0,0,0,0,0,0,0,0,0,0,0,0,0,0,0,0,0,0,0,0,0,0,0,0,0,0,0,0,0,0,0,0,0,0,0,0,0,0,0,0,0,0,0,0,0,0,0,0,0,0,0,0,0,0,0,0,0,0,0,0,0,0,0,0,0,0,0,0,0,0,0,0,0,0,0,0,0,0,0,0,0,0,0,0,0,0,0,0,0,1,1,2,1,1,1,,,,,,,,,,,,,,,,,,,,,,,,,,,,,,,,,,,,,,,,,,,,,2,5,2,3,4,4,3,,,,,,,,,,,,,,,,,,,,,,,,,,,,,,,,,,,,,,,,,,,,,-999,-999,-999,1,1,163,,0.0,,,,4,2.3,15,4,5,6,4,5,6,5,7,6,6,7,,,5,4,4,5,5,3,,,,,,,,,,,,,,,,,,,,,,,,,,,,,,,,,,,,,,,,,,,,,-999,-999,-999,1,1,163,,0.0,1,3,2,1,3,3,7,5,7,6,7,7,7,,,,,,,,,,,,,,,,,,,,,,,,,,,,,,,,,,,,,,,,,,,,,1,1,1,1,1,1,,,,,,,,,,,,,,,,,,,,,,,,,,,,,,,,,,,,,,,,,,,,,-999,1,1,163,,0.0,6,7,8,5,4,8,2,11,9,2,1,9,9,3,1,10,2,8,9,8,10,1,9,1,1,3,3,1,11,2,1,1,1,1,1,9,10,7,3,0,0,0,0,4,2,4,3,4,4,4,0,0,0,1,1,1,1,1,1,0,1,1,,2,1,-999,-999,-999,-999,-999,-999,1,1,163,,0.0,2,531750,k8p_531750,,2025-11-25T15:48:27.403Z,-999,,-999,-999,3,2,3,1,2,3,7,12,11,14,3,4,1,9,6,2,10,5,13,8,1,2,2,1,1
164,qcwacy9b,vja,0,23,23,app_end,End,2025-11-25 15:34:04.064087,1,,,0.0,1,e5y22b4i,,,,,0,1.0,0.0,SS_WS2526,164,,0.0,3,3,3,2025-11-25T15:34:06.828Z,0,2,1,1,164,,0.0,,,,,,,,,,,2,3,2,2,4,-999,-999,1,1,164,,0.0,k8p,gpm,e30,x,x,x,x,x,x,x,x,x,x,x,x,x,x,x,x,x,x,x,x,x,x,x,x,x,x,x,x,x,x,x,x,x,x,x,x,x,x,x,x,x,x,x,x,x,x,x,1,0,0,0,0,1,0,0,1,0,1,0,0,0,0,0,0,0,0,0,0,0,0,0,0,0,0,0,0,0,0,0,0,0,0,0,0,0,0,0,0,0,0,0,0,0,0,0,0,0,0,0,0,0,0,0,0,0,0,0,0,0,0,0,0,0,0,0,0,0,0,0,0,0,0,0,0,0,0,0,0,0,0,0,0,0,0,0,0,0,0,0,0,0,0,0,0,0,0,0,0,0,0,0,0,0,0,0,0,0,0,0,0,0,0,0,0,0,0,0,0,0,0,0,0,0,0,0,0,0,0,0,0,0,0,0,0,0,0,0,0,0,0,0,0,0,0,0,0,0,0,0,0,0,0,0,0,0,0,0,0,0,0,0,0,0,0,0,0,0,0,0,0,0,0,0,0,0,0,0,0,0,0,0,0,0,0,0,0,0,0,0,0,0,0,0,0,0,0,0,0,0,0,0,0,0,0,0,0,0,0,0,0,0,0,0,0,0,0,0,0,0,0,0,0,0,0,0,0,0,0,0,0,0,0,0,0,0,0,0,0,0,0,0,0,0,0,0,0,0,1,1,1,,,,,,,,,,,,,,,,,,,,,,,,,,,,,,,,,,,,,,,,,,,,,,,,3,4,4,5,,,,,,,,,,,,,,,,,,,,,,,,,,,,,,,,,,,,,,,,,,,,,,,,-999,-999,-999,1,1,164,,0.0,,,,3,2.3,8,2,3,5,6,7,7,5,6,6,5,7,,,2,2,3,,,,,,,,,,,,,,,,,,,,,,,,,,,,,,,,,,,,,,,,,,,,,,,,-999,-999,-999,1,1,164,,0.0,1,2,2,2,3,2,7,6,6,6,,,,,,,,,,,,,,,,,,,,,,,,,,,,,,,,,,,,,,,,,,,,,,,,2,2,2,,,,,,,,,,,,,,,,,,,,,,,,,,,,,,,,,,,,,,,,,,,,,,,,-999,1,1,164,,0.0,6,7,8,5,5,8,2,11,5,3,3,9,9,3,1,10,8,8,8,9,7,1,9,3,5,4,6,1,10,2,1,1,1,3,1,3,11,8,7,0,0,0,0,5,2,5,1,5,5,5,1,1,0,1,0,1,0,1,1,0,1,1,,1,1,-999,-999,-999,-999,-999,-999,1,1,164,,0.0,0,833652,vja_833652,,2025-11-25T15:44:55.097Z,-999,,-999,-999,3,2,1,2,2,1,1,10,5,9,8,7,14,6,2,3,11,13,4,12,2,1,1,1,1
165,znfpda0z,20r,0,23,23,app_end,End,2025-11-25 15:34:04.077241,1,,,0.0,1,e5y22b4i,,,,,0,1.0,0.0,SS_WS2526,165,,0.0,2,5,3,2025-11-25T15:34:04.499Z,0,3,1,1,165,,0.0,,,,,,,,,,,5,3,5,3,0,-999,-999,1,1,165,,0.0,vug,x,x,x,x,x,x,x,x,x,x,x,x,x,x,x,x,x,x,x,x,x,x,x,x,x,x,x,x,x,x,x,x,x,x,x,x,x,x,x,x,x,x,x,x,x,x,x,x,x,1,0,1,0,0,0,0,0,0,0,0,0,0,0,0,0,0,0,0,0,0,0,0,0,0,0,0,0,0,0,0,0,0,0,0,0,0,0,0,0,0,0,0,0,0,0,0,0,0,0,0,0,0,0,0,0,0,0,0,0,0,0,0,0,0,0,0,0,0,0,0,0,0,0,0,0,0,0,0,0,0,0,0,0,0,0,0,0,0,0,0,0,0,0,0,0,0,0,0,0,0,0,0,0,0,0,0,0,0,0,0,0,0,0,0,0,0,0,0,0,0,0,0,0,0,0,0,0,0,0,0,0,0,0,0,0,0,0,0,0,0,0,0,0,0,0,0,0,0,0,0,0,0,0,0,0,0,0,0,0,0,0,0,0,0,0,0,0,0,0,0,0,0,0,0,0,0,0,0,0,0,0,0,0,0,0,0,0,0,0,0,0,0,0,0,0,0,0,0,0,0,0,0,0,0,0,0,0,0,0,0,0,0,0,0,0,0,0,0,0,0,0,0,0,0,0,0,0,0,0,0,0,0,0,0,0,0,0,0,0,0,0,0,0,0,0,0,0,0,0,1,,,,,,,,,,,,,,,,,,,,,,,,,,,,,,,,,,,,,,,,,,,,,,,,,,8,4,,,,,,,,,,,,,,,,,,,,,,,,,,,,,,,,,,,,,,,,,,,,,,,,,,-999,-999,-999,1,1,165,,0.0,,,,2,3.0,2,3,1,4,4,7,5,7,3,2,6,6,,,5,,,,,,,,,,,,,,,,,,,,,,,,,,,,,,,,,,,,,,,,,,,,,,,,,,-999,-999,-999,1,1,165,,0.0,7,7,7,7,6,6,2,5,,,,,,,,,,,,,,,,,,,,,,,,,,,,,,,,,,,,,,,,,,,,,,,,,,3,,,,,,,,,,,,,,,,,,,,,,,,,,,,,,,,,,,,,,,,,,,,,,,,,,-999,1,1,165,,0.0,1,7,8,4,3,7,1,9,1,9,6,4,10,7,1,1,1,9,4,11,4,1,1,2,4,2,9,1,0,9,1,2,3,7,5,7,3,8,0,0,0,8,0,5,4,0,4,4,4,4,0,0,1,1,0,1,1,1,0,0,0,0,,2,2,-999,-999,-999,-999,-999,-999,1,1,165,,0.0,0,799003,20r_799003,,2025-11-25T15:46:26.501Z,-999,,-999,-999,1,3,1,3,1,3,2,5,14,11,3,12,6,8,7,10,13,4,9,1,2,2,1,1,1
166,eb85zxr5,ctx,0,23,23,app_end,End,2025-11-25 15:34:04.089163,1,,,0.0,1,e5y22b4i,,,,,0,1.0,0.0,SS_WS2526,166,,0.0,2,5,3,2025-11-25T15:34:05.955Z,0,3,1,1,166,,0.0,,,,,,,,,,,1,4,2,4,0,-999,-999,1,1,166,,0.0,5ci,r9o,x,x,x,x,x,x,x,x,x,x,x,x,x,x,x,x,x,x,x,x,x,x,x,x,x,x,x,x,x,x,x,x,x,x,x,x,x,x,x,x,x,x,x,x,x,x,x,x,1,0,0,0,1,1,1,0,0,1,0,0,0,0,0,0,0,0,0,0,0,0,0,0,0,0,0,0,0,0,0,0,0,0,0,0,0,0,0,0,0,0,0,0,0,0,0,0,0,0,0,0,0,0,0,0,0,0,0,0,0,0,0,0,0,0,0,0,0,0,0,0,0,0,0,0,0,0,0,0,0,0,0,0,0,0,0,0,0,0,0,0,0,0,0,0,0,0,0,0,0,0,0,0,0,0,0,0,0,0,0,0,0,0,0,0,0,0,0,0,0,0,0,0,0,0,0,0,0,0,0,0,0,0,0,0,0,0,0,0,0,0,0,0,0,0,0,0,0,0,0,0,0,0,0,0,0,0,0,0,0,0,0,0,0,0,0,0,0,0,0,0,0,0,0,0,0,0,0,0,0,0,0,0,0,0,0,0,0,0,0,0,0,0,0,0,0,0,0,0,0,0,0,0,0,0,0,0,0,0,0,0,0,0,0,0,0,0,0,0,0,0,0,0,0,0,0,0,0,0,0,0,0,0,0,0,0,0,0,0,0,0,0,0,0,0,0,0,0,0,1,1,,,,,,,,,,,,,,,,,,,,,,,,,,,,,,,,,,,,,,,,,,,,,,,,,6,6,4,,,,,,,,,,,,,,,,,,,,,,,,,,,,,,,,,,,,,,,,,,,,,,,,,-999,-999,-999,1,1,166,,0.0,,,,4,3.3,0,5,5,3,2,4,2,5,7,2,2,5,,,9,5,,,,,,,,,,,,,,,,,,,,,,,,,,,,,,,,,,,,,,,,,,,,,,,,,-999,-999,-999,1,1,166,,0.0,5,7,6,6,5,6,5,2,6,,,,,,,,,,,,,,,,,,,,,,,,,,,,,,,,,,,,,,,,,,,,,,,,,3,5,,,,,,,,,,,,,,,,,,,,,,,,,,,,,,,,,,,,,,,,,,,,,,,,,-999,1,1,166,,0.0,5,7,8,3,4,6,1,10,5,8,5,5,3,10,1,1,1,8,5,4,4,2,2,4,9,4,3,1,4,6,3,1,1,8,5,2,1,4,3,2,4,4,4,4,2,4,1,4,4,5,0,0,0,1,0,0,1,1,1,0,1,0,,1,2,-999,-999,-999,-999,-999,-999,1,1,166,,0.0,2,503703,ctx_503703,,2025-11-25T15:43:40.733Z,-999,,-999,-999,3,2,3,2,2,3,9,4,6,14,11,10,3,5,13,7,2,12,1,8,2,1,2,1,1
167,nzh2e0w5,8ql,0,23,23,app_end,End,2025-11-25 15:34:04.101372,1,,,0.0,1,e5y22b4i,,,,,0,1.0,0.0,SS_WS2526,167,,0.0,2,5,3,2025-11-25T15:34:04.354Z,0,3,1,1,167,,0.0,,,,,,,,,,,3,3,3,3,0,-999,-999,1,1,167,,0.0,jed,q9a,dky,x,x,x,x,x,x,x,x,x,x,x,x,x,x,x,x,x,x,x,x,x,x,x,x,x,x,x,x,x,x,x,x,x,x,x,x,x,x,x,x,x,x,x,x,x,x,x,0,0,0,0,1,0,0,0,0,1,1,0,0,0,0,0,0,0,0,0,0,0,0,0,0,0,0,0,0,0,0,0,0,0,0,0,0,0,0,0,0,0,0,0,0,0,0,0,0,0,0,0,0,0,0,0,0,0,0,0,0,0,0,0,0,0,0,0,0,0,0,0,0,0,0,0,0,0,0,0,0,0,0,0,0,0,0,0,0,0,0,0,0,0,0,0,0,0,0,0,0,0,0,0,0,0,0,0,0,0,0,0,0,0,0,0,0,0,0,0,0,0,0,0,0,0,0,0,0,0,0,0,0,0,0,0,0,0,0,0,0,0,0,0,0,0,0,0,0,0,0,0,0,0,0,0,0,0,0,0,0,0,0,0,0,0,0,0,0,0,0,0,0,0,0,0,0,0,0,0,0,0,0,0,0,0,0,0,0,0,0,0,0,0,0,0,0,0,0,0,0,0,0,0,0,0,0,0,0,0,0,0,0,0,0,0,0,0,0,0,0,0,0,0,0,0,0,0,0,0,0,0,0,0,0,0,0,0,0,0,0,0,0,0,0,0,0,0,0,0,1,1,1,,,,,,,,,,,,,,,,,,,,,,,,,,,,,,,,,,,,,,,,,,,,,,,,2,3,5,3,,,,,,,,,,,,,,,,,,,,,,,,,,,,,,,,,,,,,,,,,,,,,,,,-999,-999,-999,1,1,167,,0.0,,,,2,2.0,5,4,6,7,6,5,5,7,4,6,7,6,,,3,3,4,,,,,,,,,,,,,,,,,,,,,,,,,,,,,,,,,,,,,,,,,,,,,,,,-999,-999,-999,1,1,167,,0.0,1,1,2,2,4,2,7,2,2,2,,,,,,,,,,,,,,,,,,,,,,,,,,,,,,,,,,,,,,,,,,,,,,,,2,2,2,,,,,,,,,,,,,,,,,,,,,,,,,,,,,,,,,,,,,,,,,,,,,,,,-999,1,1,167,,0.0,6,8,6,6,3,5,1,11,0,3,3,6,10,3,1,10,3,0,0,11,0,1,0,0,6,0,0,0,0,3,1,1,6,7,0,0,10,0,0,0,0,0,0,4,4,5,4,4,4,4,0,0,0,1,1,1,1,1,1,0,0,0,,1,1,-999,-999,-999,-999,-999,-999,1,1,167,,0.0,2,206016,8ql_206016,,2025-11-25T15:47:32.465Z,-999,,-999,-999,3,1,3,1,2,1,5,12,1,10,7,14,13,4,11,3,9,6,2,8,1,2,1,1,1
168,6l5e9cf0,k3y,0,23,23,app_end,End,2025-11-25 15:34:04.563281,1,,,0.0,1,e5y22b4i,,,,,0,1.0,0.0,SS_WS2526,168,,0.0,3,2,3,2025-11-25T15:34:04.819Z,0,2,1,1,168,,0.0,,,,,,,,,,,3,3,3,3,0,-999,-999,1,1,168,,0.0,yc4,hjk,om3,99v,x,x,x,x,x,x,x,x,x,x,x,x,x,x,x,x,x,x,x,x,x,x,x,x,x,x,x,x,x,x,x,x,x,x,x,x,x,x,x,x,x,x,x,x,x,x,1,0,0,0,0,1,0,0,0,0,1,0,0,0,0,1,0,0,0,0,0,0,0,0,0,0,0,0,0,0,0,0,0,0,0,0,0,0,0,0,0,0,0,0,0,0,0,0,0,0,0,0,0,0,0,0,0,0,0,0,0,0,0,0,0,0,0,0,0,0,0,0,0,0,0,0,0,0,0,0,0,0,0,0,0,0,0,0,0,0,0,0,0,0,0,0,0,0,0,0,0,0,0,0,0,0,0,0,0,0,0,0,0,0,0,0,0,0,0,0,0,0,0,0,0,0,0,0,0,0,0,0,0,0,0,0,0,0,0,0,0,0,0,0,0,0,0,0,0,0,0,0,0,0,0,0,0,0,0,0,0,0,0,0,0,0,0,0,0,0,0,0,0,0,0,0,0,0,0,0,0,0,0,0,0,0,0,0,0,0,0,0,0,0,0,0,0,0,0,0,0,0,0,0,0,0,0,0,0,0,0,0,0,0,0,0,0,0,0,0,0,0,0,0,0,0,0,0,0,0,0,0,0,0,0,0,0,0,0,0,0,0,0,0,0,0,0,0,0,0,1,1,1,1,,,,,,,,,,,,,,,,,,,,,,,,,,,,,,,,,,,,,,,,,,,,,,,1,2,2,3,2,,,,,,,,,,,,,,,,,,,,,,,,,,,,,,,,,,,,,,,,,,,,,,,-999,-999,-999,1,1,168,,0.0,,,,6,3.7,2,7,4,1,3,2,2,7,7,4,4,3,,,6,3,4,4,,,,,,,,,,,,,,,,,,,,,,,,,,,,,,,,,,,,,,,,,,,,,,,-999,-999,-999,1,1,168,,0.0,1,1,1,1,1,1,7,6,6,6,6,,,,,,,,,,,,,,,,,,,,,,,,,,,,,,,,,,,,,,,,,,,,,,,1,1,1,1,,,,,,,,,,,,,,,,,,,,,,,,,,,,,,,,,,,,,,,,,,,,,,,-999,1,1,168,,0.0,6,9,8,6,7,6,3,10,7,1,1,9,9,1,1,10,1,0,0,0,0,0,0,0,0,0,0,0,0,0,0,0,0,0,0,0,0,0,0,0,0,0,0,4,1,5,0,2,3,2,0,0,0,1,0,1,1,1,1,0,0,0,,1,1,-999,-999,-999,-999,-999,-999,1,1,168,,0.0,2,267562,k3y_267562,,2025-11-25T15:50:19.118Z,-999,,-999,-999,1,3,3,2,2,1,5,12,13,1,7,4,2,6,3,9,14,11,10,8,1,1,1,1,1
169,oaojrb31,fno,0,23,23,app_end,End,2025-11-25 15:34:05.560988,1,,,0.0,1,e5y22b4i,,,,,0,1.0,0.0,SS_WS2526,169,,0.0,3,2,3,2025-11-25T15:34:13.092Z,0,2,1,1,169,,0.0,,,,,,,,,,,3,2,3,2,0,-999,-999,1,1,169,,0.0,dq4,m7x,7y2,x,x,x,x,x,x,x,x,x,x,x,x,x,x,x,x,x,x,x,x,x,x,x,x,x,x,x,x,x,x,x,x,x,x,x,x,x,x,x,x,x,x,x,x,x,x,x,1,0,1,0,0,1,0,1,0,0,1,0,1,0,0,0,0,0,0,0,0,0,0,0,0,0,0,0,0,0,0,0,0,0,0,0,0,0,0,0,0,0,0,0,0,0,0,0,0,0,0,0,0,0,0,0,0,0,0,0,0,0,0,0,0,0,0,0,0,0,0,0,0,0,0,0,0,0,0,0,0,0,0,0,0,0,0,0,0,0,0,0,0,0,0,0,0,0,0,0,0,0,0,0,0,0,0,0,0,0,0,0,0,0,0,0,0,0,0,0,0,0,0,0,0,0,0,0,0,0,0,0,0,0,0,0,0,0,0,0,0,0,0,0,0,0,0,0,0,0,0,0,0,0,0,0,0,0,0,0,0,0,0,0,0,0,0,0,0,0,0,0,0,0,0,0,0,0,0,0,0,0,0,0,0,0,0,0,0,0,0,0,0,0,0,0,0,0,0,0,0,0,0,0,0,0,0,0,0,0,0,0,0,0,0,0,0,0,0,0,0,0,0,0,0,0,0,0,0,0,0,0,0,0,0,0,0,0,0,0,0,0,0,0,0,0,0,0,0,0,1,1,1,,,,,,,,,,,,,,,,,,,,,,,,,,,,,,,,,,,,,,,,,,,,,,,,2,3,3,3,,,,,,,,,,,,,,,,,,,,,,,,,,,,,,,,,,,,,,,,,,,,,,,,-999,-999,-999,1,1,169,,0.0,,,,6,2.0,5,5,3,6,4,5,5,7,5,5,4,6,,,4,4,4,,,,,,,,,,,,,,,,,,,,,,,,,,,,,,,,,,,,,,,,,,,,,,,,-999,-999,-999,1,1,169,,0.0,1,2,4,4,4,5,6,6,6,6,,,,,,,,,,,,,,,,,,,,,,,,,,,,,,,,,,,,,,,,,,,,,,,,4,4,4,,,,,,,,,,,,,,,,,,,,,,,,,,,,,,,,,,,,,,,,,,,,,,,,-999,1,1,169,,0.0,6,8,8,4,3,7,1,11,9,2,2,8,7,3,1,11,2,6,0,6,0,1,0,5,3,0,0,1,0,2,1,1,0,6,1,0,11,0,0,0,0,0,0,4,3,4,2,4,4,4,0,1,0,1,0,1,1,1,1,0,0,0,,1,1,-999,-999,-999,-999,-999,-999,1,1,169,,0.0,1,943668,fno_943668,,2025-11-25T15:45:52.281Z,-999,,-999,,3,2,2,3,2,3,12,7,13,9,14,1,2,5,3,8,4,11,10,6,2,1,2,1,1
170,4drhxetk,yc4,0,23,23,app_end,End,2025-11-25 15:34:05.805814,1,,,0.0,1,e5y22b4i,,,,,0,1.0,0.0,SS_WS2526,170,,0.0,3,2,3,2025-11-25T15:34:06.230Z,0,2,1,1,170,,0.0,,,,,,,,,,,4,3,3,3,0,-999,-999,1,1,170,,0.0,k3y,om3,hjk,99v,467,6t0,x,x,x,x,x,x,x,x,x,x,x,x,x,x,x,x,x,x,x,x,x,x,x,x,x,x,x,x,x,x,x,x,x,x,x,x,x,x,x,x,x,x,x,x,1,0,1,1,1,1,0,1,1,1,1,0,1,1,1,1,0,1,1,1,0,0,0,0,0,0,0,0,0,0,0,0,0,0,0,0,0,0,0,0,0,0,0,0,0,0,0,0,0,0,0,0,0,0,0,0,0,0,0,0,0,0,0,0,0,0,0,0,0,0,0,0,0,0,0,0,0,0,0,0,0,0,0,0,0,0,0,0,0,0,0,0,0,0,0,0,0,0,0,0,0,0,0,0,0,0,0,0,0,0,0,0,0,0,0,0,0,0,0,0,0,0,0,0,0,0,0,0,0,0,0,0,0,0,0,0,0,0,0,0,0,0,0,0,0,0,0,0,0,0,0,0,0,0,0,0,0,0,0,0,0,0,0,0,0,0,0,0,0,0,0,0,0,0,0,0,0,0,0,0,0,0,0,0,0,0,0,0,0,0,0,0,0,0,0,0,0,0,0,0,0,0,0,0,0,0,0,0,0,0,0,0,0,0,0,0,0,0,0,0,0,0,0,0,0,0,0,0,0,0,0,0,0,0,0,0,0,0,0,0,0,0,0,0,0,0,0,0,0,0,1,1,1,1,,,,,,,,,,,,,,,,,,,,,,,,,,,,,,,,,,,,,,,,,,,,,,,2,2,3,2,1,,,,,,,,,,,,,,,,,,,,,,,,,,,,,,,,,,,,,,,,,,,,,,,-999,-999,-999,1,1,170,,0.0,,,,6,3.3,10,3,3,5,5,5,2,5,3,4,3,3,,,7,5,3,6,5,5,,,,,,,,,,,,,,,,,,,,,,,,,,,,,,,,,,,,,,,,,,,,,-999,-999,-999,1,1,170,,0.0,4,0,4,4,3,3,6,7,7,7,7,7,7,,,,,,,,,,,,,,,,,,,,,,,,,,,,,,,,,,,,,,,,,,,,,2,2,2,2,2,2,,,,,,,,,,,,,,,,,,,,,,,,,,,,,,,,,,,,,,,,,,,,,-999,1,1,170,,0.0,6,8,8,5,3,10,1,11,0,2,2,7,10,2,1,10,1,0,0,9,0,1,0,0,2,0,0,0,0,2,1,1,0,3,0,0,11,0,0,0,0,0,0,3,3,2,3,4,5,4,0,0,0,1,0,1,1,1,1,0,0,0,,1,1,-999,-999,-999,-999,-999,-999,1,1,170,,0.0,1,237927,yc4_237927,,2025-11-25T15:52:36.842Z,-999,,-999,,2,3,3,1,2,1,2,13,4,6,12,9,10,3,1,7,8,14,5,11,2,2,2,1,1
171,xiiovz7h,1n8,0,23,23,app_end,End,2025-11-25 15:34:06.674232,1,,,0.0,1,e5y22b4i,,,,,0,1.0,0.0,SS_WS2526,171,,0.0,3,2,3,2025-11-25T15:34:07.437Z,0,2,1,1,171,,0.0,,,,,,,,,,,2,2,3,2,16,-999,-999,1,1,171,,0.0,wu1,x,x,x,x,x,x,x,x,x,x,x,x,x,x,x,x,x,x,x,x,x,x,x,x,x,x,x,x,x,x,x,x,x,x,x,x,x,x,x,x,x,x,x,x,x,x,x,x,x,1,0,0,0,0,0,0,0,0,0,0,0,0,0,0,0,0,0,0,0,0,0,0,0,0,0,0,0,0,0,0,0,0,0,0,0,0,0,0,0,0,0,0,0,0,0,0,0,0,0,0,0,0,0,0,0,0,0,0,0,0,0,0,0,0,0,0,0,0,0,0,0,0,0,0,0,0,0,0,0,0,0,0,0,0,0,0,0,0,0,0,0,0,0,0,0,0,0,0,0,0,0,0,0,0,0,0,0,0,0,0,0,0,0,0,0,0,0,0,0,0,0,0,0,0,0,0,0,0,0,0,0,0,0,0,0,0,0,0,0,0,0,0,0,0,0,0,0,0,0,0,0,0,0,0,0,0,0,0,0,0,0,0,0,0,0,0,0,0,0,0,0,0,0,0,0,0,0,0,0,0,0,0,0,0,0,0,0,0,0,0,0,0,0,0,0,0,0,0,0,0,0,0,0,0,0,0,0,0,0,0,0,0,0,0,0,0,0,0,0,0,0,0,0,0,0,0,0,0,0,0,0,0,0,0,0,0,0,0,0,0,0,0,0,0,0,0,0,0,0,1,,,,,,,,,,,,,,,,,,,,,,,,,,,,,,,,,,,,,,,,,,,,,,,,,,6,0,,,,,,,,,,,,,,,,,,,,,,,,,,,,,,,,,,,,,,,,,,,,,,,,,,-999,-999,-999,1,1,171,,0.0,,,,4,2.7,8,2,1,1,2,1,2,7,5,3,3,4,,,6,,,,,,,,,,,,,,,,,,,,,,,,,,,,,,,,,,,,,,,,,,,,,,,,,,-999,-999,-999,1,1,171,,0.0,5,7,6,5,6,5,4,0,,,,,,,,,,,,,,,,,,,,,,,,,,,,,,,,,,,,,,,,,,,,,,,,,,0,,,,,,,,,,,,,,,,,,,,,,,,,,,,,,,,,,,,,,,,,,,,,,,,,,-999,1,1,171,,0.0,0,6,7,2,2,5,1,11,0,8,5,2,3,10,1,1,1,8,0,5,0,2,0,0,7,0,3,1,0,8,0,0,0,6,0,0,2,0,0,0,0,0,0,4,1,3,1,5,5,4,0,0,0,0,0,1,1,1,0,0,0,0,,2,0,-999,-999,-999,-999,-999,-999,1,1,171,,0.0,2,146457,1n8_146457,,2025-11-25T15:52:43.158Z,-999,,-999,-999,2,1,2,3,2,3,7,1,9,5,12,3,2,10,8,13,6,14,4,11,2,1,1,1,1
172,ajjvu3qr,7a9,0,23,23,app_end,End,2025-11-25 15:34:08.772237,1,,,0.0,1,e5y22b4i,,,,,0,1.0,0.0,SS_WS2526,172,,0.0,3,2,3,2025-11-25T15:34:09.794Z,0,1,1,1,172,,0.0,,,,,,,,,,,4,3,4,3,0,-999,-999,1,1,172,,0.0,i49,n3q,obm,x,x,x,x,x,x,x,x,x,x,x,x,x,x,x,x,x,x,x,x,x,x,x,x,x,x,x,x,x,x,x,x,x,x,x,x,x,x,x,x,x,x,x,x,x,x,x,1,0,1,0,0,1,1,1,0,1,1,0,0,0,0,0,0,0,0,0,0,0,0,0,0,0,0,0,0,0,0,0,0,0,0,0,0,0,0,0,0,0,0,0,0,0,0,0,0,0,0,0,0,0,0,0,0,0,0,0,0,0,0,0,0,0,0,0,0,0,0,0,0,0,0,0,0,0,0,0,0,0,0,0,0,0,0,0,0,0,0,0,0,0,0,0,0,0,0,0,0,0,0,0,0,0,0,0,0,0,0,0,0,0,0,0,0,0,0,0,0,0,0,0,0,0,0,0,0,0,0,0,0,0,0,0,0,0,0,0,0,0,0,0,0,0,0,0,0,0,0,0,0,0,0,0,0,0,0,0,0,0,0,0,0,0,0,0,0,0,0,0,0,0,0,0,0,0,0,0,0,0,0,0,0,0,0,0,0,0,0,0,0,0,0,0,0,0,0,0,0,0,0,0,0,0,0,0,0,0,0,0,0,0,0,0,0,0,0,0,0,0,0,0,0,0,0,0,0,0,0,0,0,0,0,0,0,0,0,0,0,0,0,0,0,0,0,0,0,0,1,1,1,,,,,,,,,,,,,,,,,,,,,,,,,,,,,,,,,,,,,,,,,,,,,,,,5,4,7,5,,,,,,,,,,,,,,,,,,,,,,,,,,,,,,,,,,,,,,,,,,,,,,,,-999,-999,-999,1,1,172,,0.0,,,,6,3.3,3,4,2,3,4,6,3,6,4,5,4,3,,,8,6,9,,,,,,,,,,,,,,,,,,,,,,,,,,,,,,,,,,,,,,,,,,,,,,,,-999,-999,-999,1,1,172,,0.0,2,4,5,4,3,4,6,6,6,6,,,,,,,,,,,,,,,,,,,,,,,,,,,,,,,,,,,,,,,,,,,,,,,,2,2,2,,,,,,,,,,,,,,,,,,,,,,,,,,,,,,,,,,,,,,,,,,,,,,,,-999,1,1,172,,0.0,3,8,8,5,3,8,1,11,2,7,5,10,9,6,1,3,1,10,10,11,5,1,0,6,4,9,8,1,9,9,1,1,1,7,2,8,5,11,4,0,0,2,0,4,2,4,3,4,4,4,0,0,0,1,0,1,1,1,1,0,0,0,,2,2,-999,-999,-999,-999,-999,-999,1,1,172,,0.0,1,679086,7a9_679086,,2025-11-25T15:45:26.856Z,-999,,-999,,1,2,3,1,3,2,8,11,10,4,5,13,6,9,14,2,1,12,3,7,2,2,2,1,1
173,khiio03z,r9o,0,23,23,app_end,End,2025-11-25 15:34:10.587380,1,,,0.0,1,e5y22b4i,,,,,0,1.0,0.0,SS_WS2526,173,,0.0,3,2,3,2025-11-25T15:34:10.640Z,0,2,1,1,173,,0.0,,,,,,,,,,,4,4,4,4,0,-999,-999,1,1,173,,0.0,ctx,5ci,n64,x,x,x,x,x,x,x,x,x,x,x,x,x,x,x,x,x,x,x,x,x,x,x,x,x,x,x,x,x,x,x,x,x,x,x,x,x,x,x,x,x,x,x,x,x,x,x,1,1,0,0,1,1,0,0,0,1,1,0,0,1,1,0,0,0,0,0,0,0,0,0,0,0,0,0,0,0,0,0,0,0,0,0,0,0,0,0,0,0,0,0,0,0,0,0,0,0,0,0,0,0,0,0,0,0,0,0,0,0,0,0,0,0,0,0,0,0,0,0,0,0,0,0,0,0,0,0,0,0,0,0,0,0,0,0,0,0,0,0,0,0,0,0,0,0,0,0,0,0,0,0,0,0,0,0,0,0,0,0,0,0,0,0,0,0,0,0,0,0,0,0,0,0,0,0,0,0,0,0,0,0,0,0,0,0,0,0,0,0,0,0,0,0,0,0,0,0,0,0,0,0,0,0,0,0,0,0,0,0,0,0,0,0,0,0,0,0,0,0,0,0,0,0,0,0,0,0,0,0,0,0,0,0,0,0,0,0,0,0,0,0,0,0,0,0,0,0,0,0,0,0,0,0,0,0,0,0,0,0,0,0,0,0,0,0,0,0,0,0,0,0,0,0,0,0,0,0,0,0,0,0,0,0,0,0,0,0,0,0,0,0,0,0,0,0,0,0,1,1,2,,,,,,,,,,,,,,,,,,,,,,,,,,,,,,,,,,,,,,,,,,,,,,,,3,,5,,,,,,,,,,,,,,,,,,,,,,,,,,,,,,,,,,,,,,,,,,,,,,,,,-999,-999,-999,1,1,173,,0.0,,,,2,3.0,2,7,2,4,1,6,6,7,5,1,4,6,,,9,9,4,,,,,,,,,,,,,,,,,,,,,,,,,,,,,,,,,,,,,,,,,,,,,,,,-999,-999,-999,1,1,173,,0.0,2,6,4,5,4,7,7,2,1,7,,,,,,,,,,,,,,,,,,,,,,,,,,,,,,,,,,,,,,,,,,,,,,,,2,1,7,,,,,,,,,,,,,,,,,,,,,,,,,,,,,,,,,,,,,,,,,,,,,,,,-999,1,1,173,,0.0,7,7,8,4,2,6,1,10,5,4,3,7,9,3,1,6,4,8,0,11,0,1,0,0,2,0,5,0,0,1,1,1,1,9,1,0,6,11,0,0,0,0,0,4,3,5,2,4,4,4,0,1,0,1,0,1,1,1,1,0,1,0,,1,1,-999,-999,-999,-999,-999,-999,1,1,173,,0.0,1,844073,r9o_844073,,2025-11-25T15:44:32.661Z,-999,,-999,,2,1,1,3,3,2,6,4,3,2,9,14,12,13,11,8,1,7,5,10,2,1,2,1,1
174,jj2ttw9r,1zx,0,23,23,app_end,End,2025-11-25 15:34:11.264166,1,,,0.0,1,e5y22b4i,,,,,0,1.0,0.0,SS_WS2526,174,,0.0,3,2,3,2025-11-25T15:34:11.376Z,0,2,1,1,174,,0.0,,,,,,,,,,,2,3,4,4,0,-999,-999,1,1,174,,0.0,685,5sz,bty,4w0,klf,26o,ej8,ayq,yyj,x,x,x,x,x,x,x,x,x,x,x,x,x,x,x,x,x,x,x,x,x,x,x,x,x,x,x,x,x,x,x,x,x,x,x,x,x,x,x,x,x,1,0,0,0,0,1,0,0,0,0,1,0,0,1,0,1,0,0,1,0,0,0,0,0,0,1,0,0,0,0,1,0,0,0,0,1,0,0,0,0,1,0,0,0,0,0,0,0,0,0,0,0,0,0,0,0,0,0,0,0,0,0,0,0,0,0,0,0,0,0,0,0,0,0,0,0,0,0,0,0,0,0,0,0,0,0,0,0,0,0,0,0,0,0,0,0,0,0,0,0,0,0,0,0,0,0,0,0,0,0,0,0,0,0,0,0,0,0,0,0,0,0,0,0,0,0,0,0,0,0,0,0,0,0,0,0,0,0,0,0,0,0,0,0,0,0,0,0,0,0,0,0,0,0,0,0,0,0,0,0,0,0,0,0,0,0,0,0,0,0,0,0,0,0,0,0,0,0,0,0,0,0,0,0,0,0,0,0,0,0,0,0,0,0,0,0,0,0,0,0,0,0,0,0,0,0,0,0,0,0,0,0,0,0,0,0,0,0,0,0,0,0,0,0,0,0,0,0,0,0,0,0,0,0,0,0,0,0,0,0,0,0,0,0,0,0,0,0,0,0,1,2,2,2,2,2,2,2,2,,,,,,,,,,,,,,,,,,,,,,,,,,,,,,,,,,,,,,,,,,3,3,5,4,6,4,4,3,2,2,,,,,,,,,,,,,,,,,,,,,,,,,,,,,,,,,,,,,,,,,,-999,-999,-999,1,1,174,,0.0,,,,3,3.0,5,6,3,6,3,5,5,7,6,4,7,6,,,9,7,8,4,9,9,8,9,9,,,,,,,,,,,,,,,,,,,,,,,,,,,,,,,,,,,,,,,,,,-999,-999,-999,1,1,174,,0.0,1,3,3,3,1,2,7,6,6,6,6,6,6,6,6,6,,,,,,,,,,,,,,,,,,,,,,,,,,,,,,,,,,,,,,,,,,2,2,2,2,2,2,2,2,2,,,,,,,,,,,,,,,,,,,,,,,,,,,,,,,,,,,,,,,,,,-999,1,1,174,,0.0,7,8,8,4,3,7,1,11,9,1,1,10,11,1,1,8,1,9,9,11,10,1,8,4,3,0,10,1,0,2,1,1,1,7,2,7,9,10,0,0,0,0,0,4,2,5,2,5,4,3,1,0,0,1,1,1,1,1,0,0,0,0,,1,1,-999,-999,-999,-999,-999,-999,1,1,174,,0.0,0,311326,1zx_311326,,2025-11-25T15:47:18.688Z,-999,,-999,-999,1,2,2,1,2,3,5,7,10,8,3,13,4,1,11,9,14,6,2,12,2,2,2,1,1
175,xxcp3flx,vug,0,23,23,app_end,End,2025-11-25 15:34:11.484743,1,,,0.0,1,e5y22b4i,,,,,0,1.0,0.0,SS_WS2526,175,,0.0,3,2,3,2025-11-25T15:34:12.471Z,0,2,1,1,175,,0.0,,,,,,,,,,,2,4,4,4,0,-999,-999,1,1,175,,0.0,hyf,upq,6z8,nre,n64,20r,m80,x,x,x,x,x,x,x,x,x,x,x,x,x,x,x,x,x,x,x,x,x,x,x,x,x,x,x,x,x,x,x,x,x,x,x,x,x,x,x,x,x,x,x,1,0,0,0,0,1,0,0,0,0,1,0,0,0,0,1,0,0,0,0,1,0,0,0,0,1,0,0,0,0,1,0,0,0,0,0,0,0,0,0,0,0,0,0,0,0,0,0,0,0,0,0,0,0,0,0,0,0,0,0,0,0,0,0,0,0,0,0,0,0,0,0,0,0,0,0,0,0,0,0,0,0,0,0,0,0,0,0,0,0,0,0,0,0,0,0,0,0,0,0,0,0,0,0,0,0,0,0,0,0,0,0,0,0,0,0,0,0,0,0,0,0,0,0,0,0,0,0,0,0,0,0,0,0,0,0,0,0,0,0,0,0,0,0,0,0,0,0,0,0,0,0,0,0,0,0,0,0,0,0,0,0,0,0,0,0,0,0,0,0,0,0,0,0,0,0,0,0,0,0,0,0,0,0,0,0,0,0,0,0,0,0,0,0,0,0,0,0,0,0,0,0,0,0,0,0,0,0,0,0,0,0,0,0,0,0,0,0,0,0,0,0,0,0,0,0,0,0,0,0,0,0,0,0,0,0,0,0,0,0,0,0,0,0,0,0,0,0,0,0,1,1,1,1,1,2,2,,,,,,,,,,,,,,,,,,,,,,,,,,,,,,,,,,,,,,,,,,,,,3,3,3,3,3,5,5,,,,,,,,,,,,,,,,,,,,,,,,,,,,,,,,,,,,,,,,,,,,-999,-999,-999,1,1,175,,0.0,,,,2,3.0,,6,4,4,2,2,2,4,6,6,7,6,,,5,5,5,5,5,10,7,,,,,,,,,,,,,,,,,,,,,,,,,,,,,,,,,,,,,,,,,,,,-999,-999,-999,1,1,175,,0.0,1,4,1,2,1,2,6,6,6,6,6,6,4,4,,,,,,,,,,,,,,,,,,,,,,,,,,,,,,,,,,,,,,,,,,,,1,1,1,1,1,2,2,,,,,,,,,,,,,,,,,,,,,,,,,,,,,,,,,,,,,,,,,,,,-999,1,1,175,,0.0,7,7,7,5,3,5,1,11,2,2,2,9,10,2,1,10,1,0,0,0,0,1,0,0,0,0,0,0,0,2,1,1,0,0,0,0,0,0,0,0,0,0,0,4,2,4,2,5,5,4,0,0,0,1,1,1,1,1,0,1,0,0,,2,1,-999,-999,-999,-999,-999,-999,1,1,175,,0.0,0,407280,vug_407280,Gut ,2025-11-25T15:48:26.070Z,-999,,-999,-999,1,3,1,3,2,3,10,11,12,14,13,1,7,6,9,3,5,4,2,8,1,1,1,1,1
176,bwbdun07,j0g,0,23,23,app_end,End,2025-11-25 15:34:13.959003,1,,,0.0,1,e5y22b4i,,,,,0,1.0,0.0,SS_WS2526,176,,0.0,3,2,3,2025-11-25T15:34:14.406Z,0,2,1,1,176,,0.0,,,,,,,,,,,3,3,3,3,0,-999,-999,1,1,176,,0.0,yws,x,x,x,x,x,x,x,x,x,x,x,x,x,x,x,x,x,x,x,x,x,x,x,x,x,x,x,x,x,x,x,x,x,x,x,x,x,x,x,x,x,x,x,x,x,x,x,x,x,1,0,0,0,0,0,0,0,0,0,0,0,0,0,0,0,0,0,0,0,0,0,0,0,0,0,0,0,0,0,0,0,0,0,0,0,0,0,0,0,0,0,0,0,0,0,0,0,0,0,0,0,0,0,0,0,0,0,0,0,0,0,0,0,0,0,0,0,0,0,0,0,0,0,0,0,0,0,0,0,0,0,0,0,0,0,0,0,0,0,0,0,0,0,0,0,0,0,0,0,0,0,0,0,0,0,0,0,0,0,0,0,0,0,0,0,0,0,0,0,0,0,0,0,0,0,0,0,0,0,0,0,0,0,0,0,0,0,0,0,0,0,0,0,0,0,0,0,0,0,0,0,0,0,0,0,0,0,0,0,0,0,0,0,0,0,0,0,0,0,0,0,0,0,0,0,0,0,0,0,0,0,0,0,0,0,0,0,0,0,0,0,0,0,0,0,0,0,0,0,0,0,0,0,0,0,0,0,0,0,0,0,0,0,0,0,0,0,0,0,0,0,0,0,0,0,0,0,0,0,0,0,0,0,0,0,0,0,0,0,0,0,0,0,0,0,0,0,0,0,1,,,,,,,,,,,,,,,,,,,,,,,,,,,,,,,,,,,,,,,,,,,,,,,,,,4,3,,,,,,,,,,,,,,,,,,,,,,,,,,,,,,,,,,,,,,,,,,,,,,,,,,-999,-999,-999,1,1,176,,0.0,,,,3,1.7,6,5,5,7,4,4,6,7,4,7,7,6,,,3,,,,,,,,,,,,,,,,,,,,,,,,,,,,,,,,,,,,,,,,,,,,,,,,,,-999,-999,-999,1,1,176,,0.0,4,5,4,6,4,4,5,6,,,,,,,,,,,,,,,,,,,,,,,,,,,,,,,,,,,,,,,,,,,,,,,,,,4,,,,,,,,,,,,,,,,,,,,,,,,,,,,,,,,,,,,,,,,,,,,,,,,,,-999,1,1,176,,0.0,6,7,7,6,4,7,1,11,9,4,4,6,8,6,1,7,2,9,7,10,6,1,7,9,4,11,7,6,6,3,1,1,6,6,4,3,11,6,6,6,6,6,6,4,4,4,4,4,4,4,0,0,1,1,1,1,1,1,0,1,0,0,,1,1,-999,-999,-999,-999,-999,-999,1,1,176,,0.0,2,898164,j0g_898164,,2025-11-25T15:47:10.338Z,-999,,-999,-999,3,2,1,2,1,3,2,11,7,1,14,9,8,6,10,12,13,5,4,3,1,1,2,1,1
177,9so7p5vm,mjb,0,22,23,app_end,FirstEndPage,2025-11-25 15:34:14.448899,1,,,0.0,1,e5y22b4i,,,,,0,1.0,0.0,SS_WS2526,177,,0.0,3,1,2,2025-11-25T15:34:15.684Z,0,1,1,1,177,,0.0,,,,,,,,,,,3,3,4,3,0,-999,-999,1,1,177,,0.0,qoh,i8x,15f,1ds,afp,843,zrm,cx9,x,x,x,x,x,x,x,x,x,x,x,x,x,x,x,x,x,x,x,x,x,x,x,x,x,x,x,x,x,x,x,x,x,x,x,x,x,x,x,x,x,x,1,0,0,0,1,0,0,0,0,0,1,0,0,0,0,1,0,0,0,1,1,0,0,0,0,1,0,0,0,1,1,0,1,1,1,1,0,1,0,1,0,0,0,0,0,0,0,0,0,0,0,0,0,0,0,0,0,0,0,0,0,0,0,0,0,0,0,0,0,0,0,0,0,0,0,0,0,0,0,0,0,0,0,0,0,0,0,0,0,0,0,0,0,0,0,0,0,0,0,0,0,0,0,0,0,0,0,0,0,0,0,0,0,0,0,0,0,0,0,0,0,0,0,0,0,0,0,0,0,0,0,0,0,0,0,0,0,0,0,0,0,0,0,0,0,0,0,0,0,0,0,0,0,0,0,0,0,0,0,0,0,0,0,0,0,0,0,0,0,0,0,0,0,0,0,0,0,0,0,0,0,0,0,0,0,0,0,0,0,0,0,0,0,0,0,0,0,0,0,0,0,0,0,0,0,0,0,0,0,0,0,0,0,0,0,0,0,0,0,0,0,0,0,0,0,0,0,0,0,0,0,0,0,0,0,0,0,0,0,0,0,0,0,0,0,0,0,0,0,0,1,3,1,1,2,2,2,2,,,,,,,,,,,,,,,,,,,,,,,,,,,,,,,,,,,,,,,,,,,3,6,5,4,4,3,4,3,3,,,,,,,,,,,,,,,,,,,,,,,,,,,,,,,,,,,,,,,,,,,-999,-999,-999,1,1,177,,0.0,,,,2,2.7,3,5,5,6,5,1,3,3,7,4,6,6,,,4,4,5,5,6,6,5,7,,,,,,,,,,,,,,,,,,,,,,,,,,,,,,,,,,,,,,,,,,,-999,-999,-999,1,1,177,,0.0,1,1,2,2,1,2,7,5,5,5,6,7,6,7,7,,,,,,,,,,,,,,,,,,,,,,,,,,,,,,,,,,,,,,,,,,,4,3,,2,1,3,1,1,,,,,,,,,,,,,,,,,,,,,,,,,,,,,,,,,,,,,,,,,,,-999,1,1,177,,0.0,6,8,9,6,4,8,2,11,6,3,2,6,8,2,1,10,1,5,8,7,7,1,9,3,3,5,5,1,9,3,1,1,1,6,3,0,11,7,0,0,0,0,0,4,2,4,3,3,3,3,0,0,0,1,0,1,1,1,1,0,0,0,,1,1,-999,-999,-999,-999,-999,-999,1,1,177,,0.0,2,609996,mjb_609996,,-999,-999,,-999,-999,1,3,2,3,1,2,9,8,1,10,6,5,4,11,2,13,7,12,3,14,2,2,2,1,1
178,zw4au0sf,e30,0,23,23,app_end,End,2025-11-25 15:34:14.763905,1,,,0.0,1,e5y22b4i,,,,,0,1.0,0.0,SS_WS2526,178,,0.0,3,1,2,2025-11-25T15:34:18.093Z,0,2,1,1,178,,0.0,,,,,,,,,,,3,4,4,3,0,-999,-999,1,1,178,,0.0,gpm,39j,yo0,pkl,oae,x,x,x,x,x,x,x,x,x,x,x,x,x,x,x,x,x,x,x,x,x,x,x,x,x,x,x,x,x,x,x,x,x,x,x,x,x,x,x,x,x,x,x,x,x,1,0,0,1,1,1,0,1,1,1,1,0,1,1,1,1,0,1,1,1,1,0,1,1,1,0,0,0,0,0,0,0,0,0,0,0,0,0,0,0,0,0,0,0,0,0,0,0,0,0,0,0,0,0,0,0,0,0,0,0,0,0,0,0,0,0,0,0,0,0,0,0,0,0,0,0,0,0,0,0,0,0,0,0,0,0,0,0,0,0,0,0,0,0,0,0,0,0,0,0,0,0,0,0,0,0,0,0,0,0,0,0,0,0,0,0,0,0,0,0,0,0,0,0,0,0,0,0,0,0,0,0,0,0,0,0,0,0,0,0,0,0,0,0,0,0,0,0,0,0,0,0,0,0,0,0,0,0,0,0,0,0,0,0,0,0,0,0,0,0,0,0,0,0,0,0,0,0,0,0,0,0,0,0,0,0,0,0,0,0,0,0,0,0,0,0,0,0,0,0,0,0,0,0,0,0,0,0,0,0,0,0,0,0,0,0,0,0,0,0,0,0,0,0,0,0,0,0,0,0,0,0,0,0,0,0,0,0,0,0,0,0,0,0,0,0,0,0,0,0,1,1,1,1,1,,,,,,,,,,,,,,,,,,,,,,,,,,,,,,,,,,,,,,,,,,,,,,3,2,2,5,2,2,,,,,,,,,,,,,,,,,,,,,,,,,,,,,,,,,,,,,,,,,,,,,,-999,-999,-999,1,1,178,,0.0,,,,6,3.0,6,6,3,6,5,4,4,6,6,6,6,5,,,4,6,6,4,7,,,,,,,,,,,,,,,,,,,,,,,,,,,,,,,,,,,,,,,,,,,,,,-999,-999,-999,1,1,178,,0.0,1,2,1,1,1,1,7,7,7,7,7,7,,,,,,,,,,,,,,,,,,,,,,,,,,,,,,,,,,,,,,,,,,,,,,1,1,2,1,1,,,,,,,,,,,,,,,,,,,,,,,,,,,,,,,,,,,,,,,,,,,,,,-999,1,1,178,,0.0,7,8,9,6,4,7,1,11,7,3,2,5,10,2,1,9,1,8,3,9,10,1,6,2,1,2,5,1,3,2,1,1,1,4,2,5,9,9,3,5,5,0,0,5,4,4,3,5,4,4,0,0,0,1,0,1,0,1,0,0,1,1,,1,2,-999,-999,-999,-999,-999,-999,1,1,178,,0.0,1,556294,e30_556294,,2025-11-25T15:46:31.787Z,-999,,-999,,3,2,1,3,2,1,7,2,4,6,13,14,8,9,5,12,11,1,3,10,2,2,1,1,1
179,nb6w4gwu,hjk,0,23,23,app_end,End,2025-11-25 15:34:15.408377,1,,,0.0,1,e5y22b4i,,,,,0,1.0,0.0,SS_WS2526,179,,0.0,3,2,3,2025-11-25T15:34:46.228Z,0,1,1,1,179,,0.0,,,,,,,,,,,1,3,4,3,0,-999,-999,1,1,179,,0.0,om3,99v,yc4,k3y,x,x,x,x,x,x,x,x,x,x,x,x,x,x,x,x,x,x,x,x,x,x,x,x,x,x,x,x,x,x,x,x,x,x,x,x,x,x,x,x,x,x,x,x,x,x,1,1,1,1,1,1,0,1,1,1,1,0,1,0,1,1,0,1,0,1,0,0,0,0,0,0,0,0,0,0,0,0,0,0,0,0,0,0,0,0,0,0,0,0,0,0,0,0,0,0,0,0,0,0,0,0,0,0,0,0,0,0,0,0,0,0,0,0,0,0,0,0,0,0,0,0,0,0,0,0,0,0,0,0,0,0,0,0,0,0,0,0,0,0,0,0,0,0,0,0,0,0,0,0,0,0,0,0,0,0,0,0,0,0,0,0,0,0,0,0,0,0,0,0,0,0,0,0,0,0,0,0,0,0,0,0,0,0,0,0,0,0,0,0,0,0,0,0,0,0,0,0,0,0,0,0,0,0,0,0,0,0,0,0,0,0,0,0,0,0,0,0,0,0,0,0,0,0,0,0,0,0,0,0,0,0,0,0,0,0,0,0,0,0,0,0,0,0,0,0,0,0,0,0,0,0,0,0,0,0,0,0,0,0,0,0,0,0,0,0,0,0,0,0,0,0,0,0,0,0,0,0,0,0,0,0,0,0,0,0,0,0,0,0,0,0,0,0,0,0,1,,,,,,,,,,,,,,,,,,,,,,,,,,,,,,,,,,,,,,,,,,,,,,,,,,3,3,2,4,2,,,,,,,,,,,,,,,,,,,,,,,,,,,,,,,,,,,,,,,,,,,,,,,-999,-999,-999,1,1,179,,0.0,,,,6,2.0,4,7,7,7,7,5,6,7,7,5,5,6,,,3,4,6,7,,,,,,,,,,,,,,,,,,,,,,,,,,,,,,,,,,,,,,,,,,,,,,,-999,-999,-999,1,1,179,,0.0,1,1,1,1,1,1,6,6,6,6,6,,,,,,,,,,,,,,,,,,,,,,,,,,,,,,,,,,,,,,,,,,,,,,,1,1,1,1,,,,,,,,,,,,,,,,,,,,,,,,,,,,,,,,,,,,,,,,,,,,,,,-999,1,1,179,,0.0,6,8,9,6,4,8,1,11,10,2,1,8,9,2,1,9,1,8,0,9,0,1,0,0,2,0,7,1,9,0,1,1,1,8,6,0,8,7,0,0,0,0,0,3,4,3,2,4,4,4,1,0,0,1,1,1,0,1,0,0,0,0,,1,1,-999,-999,-999,-999,-999,-999,1,1,179,,0.0,1,202195,hjk_202195,,2025-11-25T15:53:22.184Z,-999,,-999,,1,3,1,2,2,3,1,13,6,5,10,7,8,12,14,11,3,9,2,4,1,1,1,1,1
180,8dugd4je,hcw,0,23,23,app_end,End,2025-11-25 15:34:16.412453,1,,,0.0,0,e5y22b4i,,,,,0,1.0,0.0,SS_WS2526,180,,0.0,2,4,3,2025-11-25T15:34:17.390Z,0,3,1,1,180,,0.0,1996,2,0,2014,1,2,1,0,1,1,2,3,4,2,0,-999,-999,1,1,180,,0.0,x,x,x,x,x,x,x,x,x,x,x,x,x,x,x,x,x,x,x,x,x,x,x,x,x,x,x,x,x,x,x,x,x,x,x,x,x,x,x,x,x,x,x,x,x,x,x,x,x,x,0,0,0,0,0,0,0,0,0,0,0,0,0,0,0,0,0,0,0,0,0,0,0,0,0,0,0,0,0,0,0,0,0,0,0,0,0,0,0,0,0,0,0,0,0,0,0,0,0,0,0,0,0,0,0,0,0,0,0,0,0,0,0,0,0,0,0,0,0,0,0,0,0,0,0,0,0,0,0,0,0,0,0,0,0,0,0,0,0,0,0,0,0,0,0,0,0,0,0,0,0,0,0,0,0,0,0,0,0,0,0,0,0,0,0,0,0,0,0,0,0,0,0,0,0,0,0,0,0,0,0,0,0,0,0,0,0,0,0,0,0,0,0,0,0,0,0,0,0,0,0,0,0,0,0,0,0,0,0,0,0,0,0,0,0,0,0,0,0,0,0,0,0,0,0,0,0,0,0,0,0,0,0,0,0,0,0,0,0,0,0,0,0,0,0,0,0,0,0,0,0,0,0,0,0,0,0,0,0,0,0,0,0,0,0,0,0,0,0,0,0,0,0,0,0,0,0,0,0,0,0,0,0,0,0,0,0,0,0,0,0,0,0,0,0,0,0,0,0,0,,,,,,,,,,,,,,,,,,,,,,,,,,,,,,,,,,,,,,,,,,,,,,,,,,,5,,,,,,,,,,,,,,,,,,,,,,,,,,,,,,,,,,,,,,,,,,,,,,,,,,,-999,-999,-999,1,1,180,,0.0,1,1,3,4,2.0,9,4,7,7,6,3,7,7,7,6,2,6,5,0,,,,,,,,,,,,,,,,,,,,,,,,,,,,,,,,,,,,,,,,,,,,,,,,,,,-999,-999,-999,1,1,180,,0.0,1,6,3,4,1,3,7,,,,,,,,,,,,,,,,,,,,,,,,,,,,,,,,,,,,,,,,,,,,,,,,,,,,,,,,,,,,,,,,,,,,,,,,,,,,,,,,,,,,,,,,,,,,,,,,,,,,,-999,1,1,180,,0.0,2,7,6,4,2,6,1,11,8,8,10,9,6,6,1,,3,11,0,8,0,1,0,0,9,0,0,0,0,6,1,1,1,7,5,0,11,4,0,0,0,0,0,3,3,2,2,4,4,4,0,0,0,0,0,1,0,0,0,0,0,0,,2,2,-999,-999,-999,-999,-999,-999,1,1,180,,0.0,2,713547,hcw_713547,,2025-11-25T17:10:20.860Z,-999,,-999,-999,2,3,1,3,2,3,1,3,10,14,8,12,5,2,4,11,13,7,6,9,1,2,2,1,1
181,qe0nq4ur,bty,0,22,23,app_end,FirstEndPage,2025-11-25 15:34:19.462751,1,,,0.0,1,e5y22b4i,,,,,0,1.0,0.0,SS_WS2526,181,,0.0,3,2,3,2025-11-25T15:34:20.439Z,0,2,1,1,181,,0.0,,,,,,,,,,,5,5,4,5,0,-999,-999,1,1,181,,0.0,685,4w0,1zx,26o,klf,5sz,ayq,ej8,yyj,x,x,x,x,x,x,x,x,x,x,x,x,x,x,x,x,x,x,x,x,x,x,x,x,x,x,x,x,x,x,x,x,x,x,x,x,x,x,x,x,x,1,0,0,0,0,1,0,1,1,1,1,0,1,1,1,1,0,0,0,1,1,0,0,0,0,1,0,1,0,0,1,0,0,0,0,1,0,1,0,0,1,0,0,0,0,0,0,0,0,0,0,0,0,0,0,0,0,0,0,0,0,0,0,0,0,0,0,0,0,0,0,0,0,0,0,0,0,0,0,0,0,0,0,0,0,0,0,0,0,0,0,0,0,0,0,0,0,0,0,0,0,0,0,0,0,0,0,0,0,0,0,0,0,0,0,0,0,0,0,0,0,0,0,0,0,0,0,0,0,0,0,0,0,0,0,0,0,0,0,0,0,0,0,0,0,0,0,0,0,0,0,0,0,0,0,0,0,0,0,0,0,0,0,0,0,0,0,0,0,0,0,0,0,0,0,0,0,0,0,0,0,0,0,0,0,0,0,0,0,0,0,0,0,0,0,0,0,0,0,0,0,0,0,0,0,0,0,0,0,0,0,0,0,0,0,0,0,0,0,0,0,0,0,0,0,0,0,0,0,0,0,0,0,0,0,0,0,0,0,0,0,0,0,0,0,0,0,0,0,0,1,2,2,2,2,2,2,2,2,,,,,,,,,,,,,,,,,,,,,,,,,,,,,,,,,,,,,,,,,,4,4,5,5,5,5,5,5,5,5,,,,,,,,,,,,,,,,,,,,,,,,,,,,,,,,,,,,,,,,,,-999,-999,-999,1,1,181,,0.0,,,,3,3.7,4,6,6,5,4,4,5,7,3,6,6,6,,,9,4,4,8,8,8,8,8,8,,,,,,,,,,,,,,,,,,,,,,,,,,,,,,,,,,,,,,,,,,-999,-999,-999,1,1,181,,0.0,2,4,4,4,2,4,6,6,6,6,6,6,6,6,6,6,,,,,,,,,,,,,,,,,,,,,,,,,,,,,,,,,,,,,,,,,,2,2,2,2,2,2,2,2,2,,,,,,,,,,,,,,,,,,,,,,,,,,,,,,,,,,,,,,,,,,-999,1,1,181,,0.0,7,7,8,5,3,0,2,11,8,1,1,8,10,1,1,8,1,9,8,11,9,1,8,1,1,6,7,1,7,1,1,1,1,7,1,6,2,11,6,6,6,6,6,4,3,4,3,4,4,4,0,0,0,1,0,1,1,1,1,0,0,0,,1,1,-999,-999,-999,-999,-999,-999,1,1,181,,0.0,1,280696,bty_280696,,-999,-999,,-999,,1,3,1,3,1,3,13,5,6,11,14,8,9,4,3,2,7,1,12,10,1,2,1,1,1
182,vjcagp07,t6m,0,23,23,app_end,End,2025-11-25 15:34:20.386150,1,,,0.0,1,e5y22b4i,,,,,0,1.0,0.0,SS_WS2526,182,,0.0,2,4,3,2025-11-25T15:34:21.978Z,0,3,1,1,182,,0.0,,,,,,,,,,,5,4,4,4,0,-999,-999,1,1,182,,0.0,zvr,x,x,x,x,x,x,x,x,x,x,x,x,x,x,x,x,x,x,x,x,x,x,x,x,x,x,x,x,x,x,x,x,x,x,x,x,x,x,x,x,x,x,x,x,x,x,x,x,x,1,0,1,1,1,0,0,0,0,0,0,0,0,0,0,0,0,0,0,0,0,0,0,0,0,0,0,0,0,0,0,0,0,0,0,0,0,0,0,0,0,0,0,0,0,0,0,0,0,0,0,0,0,0,0,0,0,0,0,0,0,0,0,0,0,0,0,0,0,0,0,0,0,0,0,0,0,0,0,0,0,0,0,0,0,0,0,0,0,0,0,0,0,0,0,0,0,0,0,0,0,0,0,0,0,0,0,0,0,0,0,0,0,0,0,0,0,0,0,0,0,0,0,0,0,0,0,0,0,0,0,0,0,0,0,0,0,0,0,0,0,0,0,0,0,0,0,0,0,0,0,0,0,0,0,0,0,0,0,0,0,0,0,0,0,0,0,0,0,0,0,0,0,0,0,0,0,0,0,0,0,0,0,0,0,0,0,0,0,0,0,0,0,0,0,0,0,0,0,0,0,0,0,0,0,0,0,0,0,0,0,0,0,0,0,0,0,0,0,0,0,0,0,0,0,0,0,0,0,0,0,0,0,0,0,0,0,0,0,0,0,0,0,0,0,0,0,0,0,0,1,,,,,,,,,,,,,,,,,,,,,,,,,,,,,,,,,,,,,,,,,,,,,,,,,,3,3,,,,,,,,,,,,,,,,,,,,,,,,,,,,,,,,,,,,,,,,,,,,,,,,,,-999,-999,-999,1,1,182,,0.0,,,,6,3.7,4,7,5,6,5,4,5,5,4,6,4,6,,,4,,,,,,,,,,,,,,,,,,,,,,,,,,,,,,,,,,,,,,,,,,,,,,,,,,-999,-999,-999,1,1,182,,0.0,1,4,2,2,2,5,6,6,,,,,,,,,,,,,,,,,,,,,,,,,,,,,,,,,,,,,,,,,,,,,,,,,,3,,,,,,,,,,,,,,,,,,,,,,,,,,,,,,,,,,,,,,,,,,,,,,,,,,-999,1,1,182,,0.0,6,8,8,5,4,7,1,10,8,2,2,6,10,4,1,10,2,4,0,11,0,1,0,0,3,0,0,0,0,2,1,1,0,9,0,0,10,8,0,0,0,0,0,4,1,3,3,4,4,4,0,0,0,1,0,1,1,1,0,0,1,0,,1,1,-999,-999,-999,-999,-999,-999,1,1,182,,0.0,2,557464,t6m_557464,,2025-11-25T15:48:55.420Z,-999,,-999,-999,2,1,3,2,3,1,1,11,10,12,8,14,9,7,5,6,2,13,4,3,2,1,2,1,1
183,90ssnb4v,vhs,0,23,23,app_end,End,2025-11-25 15:34:20.574092,1,,,0.0,1,e5y22b4i,,,,,0,1.0,0.0,SS_WS2526,183,,0.0,1,4,3,2025-11-25T15:34:22.954Z,0,2,1,1,183,,0.0,,,,,,,,,,,2,3,2,3,2,-999,-999,1,1,183,,0.0,6hy,x,x,x,x,x,x,x,x,x,x,x,x,x,x,x,x,x,x,x,x,x,x,x,x,x,x,x,x,x,x,x,x,x,x,x,x,x,x,x,x,x,x,x,x,x,x,x,x,x,1,0,0,0,0,0,0,0,0,0,0,0,0,0,0,0,0,0,0,0,0,0,0,0,0,0,0,0,0,0,0,0,0,0,0,0,0,0,0,0,0,0,0,0,0,0,0,0,0,0,0,0,0,0,0,0,0,0,0,0,0,0,0,0,0,0,0,0,0,0,0,0,0,0,0,0,0,0,0,0,0,0,0,0,0,0,0,0,0,0,0,0,0,0,0,0,0,0,0,0,0,0,0,0,0,0,0,0,0,0,0,0,0,0,0,0,0,0,0,0,0,0,0,0,0,0,0,0,0,0,0,0,0,0,0,0,0,0,0,0,0,0,0,0,0,0,0,0,0,0,0,0,0,0,0,0,0,0,0,0,0,0,0,0,0,0,0,0,0,0,0,0,0,0,0,0,0,0,0,0,0,0,0,0,0,0,0,0,0,0,0,0,0,0,0,0,0,0,0,0,0,0,0,0,0,0,0,0,0,0,0,0,0,0,0,0,0,0,0,0,0,0,0,0,0,0,0,0,0,0,0,0,0,0,0,0,0,0,0,0,0,0,0,0,0,0,0,0,0,0,1,,,,,,,,,,,,,,,,,,,,,,,,,,,,,,,,,,,,,,,,,,,,,,,,,,6,4,,,,,,,,,,,,,,,,,,,,,,,,,,,,,,,,,,,,,,,,,,,,,,,,,,-999,-999,-999,1,1,183,,0.0,,,,1,4.0,4,6,3,7,5,7,7,7,7,7,3,7,,,8,,,,,,,,,,,,,,,,,,,,,,,,,,,,,,,,,,,,,,,,,,,,,,,,,,-999,-999,-999,1,1,183,,0.0,2,7,5,5,4,7,6,5,,,,,,,,,,,,,,,,,,,,,,,,,,,,,,,,,,,,,,,,,,,,,,,,,,1,,,,,,,,,,,,,,,,,,,,,,,,,,,,,,,,,,,,,,,,,,,,,,,,,,-999,1,1,183,,0.0,7,8,9,4,2,8,1,11,4,9,8,6,8,7,2,2,9,10,0,4,0,1,0,0,3,0,9,0,0,6,1,1,1,8,0,0,10,8,0,0,0,0,0,4,2,4,1,4,4,4,0,0,0,1,0,1,1,1,1,0,0,0,,1,1,-999,-999,-999,-999,-999,-999,1,1,183,,0.0,2,868666,vhs_868666,,2025-11-25T15:46:04.323Z,-999,,-999,-999,2,3,3,1,2,3,14,1,4,7,5,6,11,3,13,9,12,10,2,8,2,1,2,1,1
184,ypjrg84p,6hy,0,23,23,app_end,End,2025-11-25 15:34:23.045443,1,,,0.0,1,e5y22b4i,,,,,0,1.0,0.0,SS_WS2526,184,,0.0,3,2,3,2025-11-25T15:34:25.485Z,0,2,1,1,184,,0.0,,,,,,,,,,,2,3,4,3,6,-999,-999,1,1,184,,0.0,ier,is2,vhs,x,x,x,x,x,x,x,x,x,x,x,x,x,x,x,x,x,x,x,x,x,x,x,x,x,x,x,x,x,x,x,x,x,x,x,x,x,x,x,x,x,x,x,x,x,x,x,0,0,0,1,0,0,0,0,1,0,0,0,0,1,0,0,0,0,0,0,0,0,0,0,0,0,0,0,0,0,0,0,0,0,0,0,0,0,0,0,0,0,0,0,0,0,0,0,0,0,0,0,0,0,0,0,0,0,0,0,0,0,0,0,0,0,0,0,0,0,0,0,0,0,0,0,0,0,0,0,0,0,0,0,0,0,0,0,0,0,0,0,0,0,0,0,0,0,0,0,0,0,0,0,0,0,0,0,0,0,0,0,0,0,0,0,0,0,0,0,0,0,0,0,0,0,0,0,0,0,0,0,0,0,0,0,0,0,0,0,0,0,0,0,0,0,0,0,0,0,0,0,0,0,0,0,0,0,0,0,0,0,0,0,0,0,0,0,0,0,0,0,0,0,0,0,0,0,0,0,0,0,0,0,0,0,0,0,0,0,0,0,0,0,0,0,0,0,0,0,0,0,0,0,0,0,0,0,0,0,0,0,0,0,0,0,0,0,0,0,0,0,0,0,0,0,0,0,0,0,0,0,0,0,0,0,0,0,0,0,0,0,0,0,0,0,0,0,0,0,1,1,2,,,,,,,,,,,,,,,,,,,,,,,,,,,,,,,,,,,,,,,,,,,,,,,,3,3,3,3,,,,,,,,,,,,,,,,,,,,,,,,,,,,,,,,,,,,,,,,,,,,,,,,-999,-999,-999,1,1,184,,0.0,,,,6,3.0,4,4,6,6,5,6,6,6,7,6,4,5,,,5,7,3,,,,,,,,,,,,,,,,,,,,,,,,,,,,,,,,,,,,,,,,,,,,,,,,-999,-999,-999,1,1,184,,0.0,1,5,4,3,2,6,7,6,6,6,,,,,,,,,,,,,,,,,,,,,,,,,,,,,,,,,,,,,,,,,,,,,,,,1,1,1,,,,,,,,,,,,,,,,,,,,,,,,,,,,,,,,,,,,,,,,,,,,,,,,-999,1,1,184,,0.0,8,8,8,5,5,5,1,11,4,4,4,8,7,7,1,9,11,8,6,7,6,1,6,2,10,6,6,6,6,2,4,5,1,5,7,6,6,7,6,6,6,6,6,4,2,4,2,4,4,4,1,0,0,1,0,1,1,1,1,0,0,0,,1,1,-999,-999,-999,-999,-999,-999,1,1,184,,0.0,2,394830,6hy_394830,,2025-11-25T15:43:56.081Z,-999,,-999,-999,3,2,1,3,2,3,10,12,7,9,2,6,11,4,1,5,8,13,14,3,1,2,2,1,1
185,o4xwqpj4,843,0,23,23,app_end,End,2025-11-25 15:34:23.515478,1,,,0.0,1,e5y22b4i,,,,,0,1.0,0.0,SS_WS2526,185,,0.0,2,5,3,2025-11-25T15:34:25.574Z,0,3,1,1,185,,0.0,,,,,,,,,,,2,3,3,3,7,-999,-999,1,1,185,,0.0,afp,un5,8wd,x,x,x,x,x,x,x,x,x,x,x,x,x,x,x,x,x,x,x,x,x,x,x,x,x,x,x,x,x,x,x,x,x,x,x,x,x,x,x,x,x,x,x,x,x,x,x,1,0,1,1,0,1,0,1,1,1,0,0,0,0,0,0,0,0,0,0,0,0,0,0,0,0,0,0,0,0,0,0,0,0,0,0,0,0,0,0,0,0,0,0,0,0,0,0,0,0,0,0,0,0,0,0,0,0,0,0,0,0,0,0,0,0,0,0,0,0,0,0,0,0,0,0,0,0,0,0,0,0,0,0,0,0,0,0,0,0,0,0,0,0,0,0,0,0,0,0,0,0,0,0,0,0,0,0,0,0,0,0,0,0,0,0,0,0,0,0,0,0,0,0,0,0,0,0,0,0,0,0,0,0,0,0,0,0,0,0,0,0,0,0,0,0,0,0,0,0,0,0,0,0,0,0,0,0,0,0,0,0,0,0,0,0,0,0,0,0,0,0,0,0,0,0,0,0,0,0,0,0,0,0,0,0,0,0,0,0,0,0,0,0,0,0,0,0,0,0,0,0,0,0,0,0,0,0,0,0,0,0,0,0,0,0,0,0,0,0,0,0,0,0,0,0,0,0,0,0,0,0,0,0,0,0,0,0,0,0,0,0,0,0,0,0,0,0,0,0,1,1,2,,,,,,,,,,,,,,,,,,,,,,,,,,,,,,,,,,,,,,,,,,,,,,,,5,3,2,3,,,,,,,,,,,,,,,,,,,,,,,,,,,,,,,,,,,,,,,,,,,,,,,,-999,-999,-999,1,1,185,,0.0,,,,2,5.0,1,6,6,3,3,4,2,3,7,5,6,5,,,2,3,5,,,,,,,,,,,,,,,,,,,,,,,,,,,,,,,,,,,,,,,,,,,,,,,,-999,-999,-999,1,1,185,,0.0,4,4,4,2,4,4,5,6,6,6,,,,,,,,,,,,,,,,,,,,,,,,,,,,,,,,,,,,,,,,,,,,,,,,1,1,1,,,,,,,,,,,,,,,,,,,,,,,,,,,,,,,,,,,,,,,,,,,,,,,,-999,1,1,185,,0.0,3,8,9,4,3,6,1,11,8,10,8,10,4,2,1,2,4,6,7,7,5,3,0,7,6,7,7,0,0,8,1,1,1,4,3,4,3,9,0,0,0,0,0,4,2,3,4,4,4,3,1,1,0,1,0,1,1,1,1,1,1,1,,1,1,-999,-999,-999,-999,-999,-999,1,1,185,,0.0,2,445022,843_445022,,2025-11-25T15:45:29.719Z,-999,,-999,-999,2,3,1,2,3,2,6,12,3,4,8,11,5,2,13,1,14,10,7,9,1,2,2,1,1
186,ctep84gl,1ds,0,23,23,app_end,End,2025-11-25 15:34:27.523610,1,,,0.0,1,e5y22b4i,,,,,0,1.0,0.0,SS_WS2526,186,,0.0,3,2,3,2025-11-25T15:34:29.632Z,0,2,1,1,186,,0.0,,,,,,,,,,,3,5,3,4,0,-999,-999,1,1,186,,0.0,g8f,zrm,1k3,pgw,qoh,mjb,8bz,15f,x,x,x,x,x,x,x,x,x,x,x,x,x,x,x,x,x,x,x,x,x,x,x,x,x,x,x,x,x,x,x,x,x,x,x,x,x,x,x,x,x,x,1,0,0,0,0,1,0,0,0,0,1,0,0,0,0,1,0,0,0,0,1,0,0,0,0,1,0,0,0,0,1,0,0,0,0,1,0,0,0,0,0,0,0,0,0,0,0,0,0,0,0,0,0,0,0,0,0,0,0,0,0,0,0,0,0,0,0,0,0,0,0,0,0,0,0,0,0,0,0,0,0,0,0,0,0,0,0,0,0,0,0,0,0,0,0,0,0,0,0,0,0,0,0,0,0,0,0,0,0,0,0,0,0,0,0,0,0,0,0,0,0,0,0,0,0,0,0,0,0,0,0,0,0,0,0,0,0,0,0,0,0,0,0,0,0,0,0,0,0,0,0,0,0,0,0,0,0,0,0,0,0,0,0,0,0,0,0,0,0,0,0,0,0,0,0,0,0,0,0,0,0,0,0,0,0,0,0,0,0,0,0,0,0,0,0,0,0,0,0,0,0,0,0,0,0,0,0,0,0,0,0,0,0,0,0,0,0,0,0,0,0,0,0,0,0,0,0,0,0,0,0,0,0,0,0,0,0,0,0,0,0,0,0,0,0,0,0,0,0,0,1,1,1,1,1,1,1,1,,,,,,,,,,,,,,,,,,,,,,,,,,,,,,,,,,,,,,,,,,,2,3,4,5,3,4,4,4,4,,,,,,,,,,,,,,,,,,,,,,,,,,,,,,,,,,,,,,,,,,,-999,-999,-999,1,1,186,,0.0,,,,6,3.3,3,5,3,6,3,6,2,7,4,5,6,6,,,5,6,4,6,8,6,,5,,,,,,,,,,,,,,,,,,,,,,,,,,,,,,,,,,,,,,,,,,,-999,-999,-999,1,1,186,,0.0,2,2,4,1,2,1,6,6,,5,6,6,5,6,6,,,,,,,,,,,,,,,,,,,,,,,,,,,,,,,,,,,,,,,,,,,4,4,4,4,4,4,4,4,,,,,,,,,,,,,,,,,,,,,,,,,,,,,,,,,,,,,,,,,,,-999,1,1,186,,0.0,6,7,8,5,5,6,1,0,5,1,2,5,6,1,1,9,4,6,6,9,6,1,6,1,1,6,8,1,6,3,1,1,1,2,1,4,10,8,6,6,6,6,6,4,2,4,3,4,4,2,0,0,0,1,0,1,1,1,0,0,0,0,,1,1,-999,-999,-999,-999,-999,-999,1,1,186,,0.0,1,523494,1ds_523494,,2025-11-25T15:54:05.813Z,-999,,-999,,3,2,2,1,2,3,9,8,7,13,11,12,10,5,14,3,6,1,2,4,2,2,2,1,1
187,lesr5txb,99v,0,23,23,app_end,End,2025-11-25 15:34:27.001339,1,,,0.0,1,e5y22b4i,,,,,0,1.0,0.0,SS_WS2526,187,,0.0,3,2,3,2025-11-25T15:34:29.113Z,0,2,1,1,187,,0.0,,,,,,,,,,,1,3,3,3,10,-999,-999,1,1,187,,0.0,yc4,om3,hjk,k3y,x,x,x,x,x,x,x,x,x,x,x,x,x,x,x,x,x,x,x,x,x,x,x,x,x,x,x,x,x,x,x,x,x,x,x,x,x,x,x,x,x,x,x,x,x,x,1,1,1,0,1,1,1,1,0,1,1,1,1,0,1,1,1,1,0,1,0,0,0,0,0,0,0,0,0,0,0,0,0,0,0,0,0,0,0,0,0,0,0,0,0,0,0,0,0,0,0,0,0,0,0,0,0,0,0,0,0,0,0,0,0,0,0,0,0,0,0,0,0,0,0,0,0,0,0,0,0,0,0,0,0,0,0,0,0,0,0,0,0,0,0,0,0,0,0,0,0,0,0,0,0,0,0,0,0,0,0,0,0,0,0,0,0,0,0,0,0,0,0,0,0,0,0,0,0,0,0,0,0,0,0,0,0,0,0,0,0,0,0,0,0,0,0,0,0,0,0,0,0,0,0,0,0,0,0,0,0,0,0,0,0,0,0,0,0,0,0,0,0,0,0,0,0,0,0,0,0,0,0,0,0,0,0,0,0,0,0,0,0,0,0,0,0,0,0,0,0,0,0,0,0,0,0,0,0,0,0,0,0,0,0,0,0,0,0,0,0,0,0,0,0,0,0,0,0,0,0,0,0,0,0,0,0,0,0,0,0,0,0,0,0,0,0,0,0,0,1,1,1,1,,,,,,,,,,,,,,,,,,,,,,,,,,,,,,,,,,,,,,,,,,,,,,,2,3,2,2,2,,,,,,,,,,,,,,,,,,,,,,,,,,,,,,,,,,,,,,,,,,,,,,,-999,-999,-999,1,1,187,,0.0,,,,6,3.3,1,1,4,3,3,2,4,1,2,4,5,4,,,4,4,3,5,,,,,,,,,,,,,,,,,,,,,,,,,,,,,,,,,,,,,,,,,,,,,,,-999,-999,-999,1,1,187,,0.0,1,1,1,1,1,1,7,7,7,7,7,,,,,,,,,,,,,,,,,,,,,,,,,,,,,,,,,,,,,,,,,,,,,,,1,1,1,1,,,,,,,,,,,,,,,,,,,,,,,,,,,,,,,,,,,,,,,,,,,,,,,-999,1,1,187,,0.0,6,8,9,6,4,8,2,11,9,1,1,5,7,1,1,10,1,0,0,11,0,1,0,1,1,0,0,0,0,1,1,1,1,0,0,0,11,9,0,0,0,0,0,0,0,4,0,5,5,4,0,0,0,1,1,1,1,1,1,0,0,0,,1,1,-999,-999,-999,-999,-999,-999,1,1,187,,0.0,0,649057,99v_649057,,2025-11-25T15:52:11.867Z,-999,,-999,-999,1,2,2,3,1,2,7,14,1,13,5,10,9,8,12,3,2,6,4,11,2,1,1,1,1
188,hsk4mw1r,7mf,0,23,23,app_end,End,2025-11-25 15:34:28.132939,1,,,0.0,1,e5y22b4i,,,,,0,1.0,0.0,SS_WS2526,188,,0.0,3,2,3,2025-11-25T15:34:54.480Z,0,2,1,1,188,,0.0,,,,,,,,,,,4,3,4,3,0,-999,-999,1,1,188,,0.0,6t0,199,yws,j0g,rji,3rt,cp4,x,x,x,x,x,x,x,x,x,x,x,x,x,x,x,x,x,x,x,x,x,x,x,x,x,x,x,x,x,x,x,x,x,x,x,x,x,x,x,x,x,x,x,1,0,1,0,0,1,0,0,0,0,1,0,0,0,0,1,0,0,0,0,1,0,0,0,0,1,1,1,0,0,1,0,0,0,0,0,0,0,0,0,0,0,0,0,0,0,0,0,0,0,0,0,0,0,0,0,0,0,0,0,0,0,0,0,0,0,0,0,0,0,0,0,0,0,0,0,0,0,0,0,0,0,0,0,0,0,0,0,0,0,0,0,0,0,0,0,0,0,0,0,0,0,0,0,0,0,0,0,0,0,0,0,0,0,0,0,0,0,0,0,0,0,0,0,0,0,0,0,0,0,0,0,0,0,0,0,0,0,0,0,0,0,0,0,0,0,0,0,0,0,0,0,0,0,0,0,0,0,0,0,0,0,0,0,0,0,0,0,0,0,0,0,0,0,0,0,0,0,0,0,0,0,0,0,0,0,0,0,0,0,0,0,0,0,0,0,0,0,0,0,0,0,0,0,0,0,0,0,0,0,0,0,0,0,0,0,0,0,0,0,0,0,0,0,0,0,0,0,0,0,0,0,0,0,0,0,0,0,0,0,0,0,0,0,0,0,0,0,0,0,1,1,1,1,2,3,4,,,,,,,,,,,,,,,,,,,,,,,,,,,,,,,,,,,,,,,,,,,,7,5,4,4,4,5,3,4,,,,,,,,,,,,,,,,,,,,,,,,,,,,,,,,,,,,,,,,,,,,-999,-999,-999,1,1,188,,0.0,,,,6,1.7,5,5,4,5,6,6,5,7,5,5,5,6,,,5,6,5,4,4,3,2,,,,,,,,,,,,,,,,,,,,,,,,,,,,,,,,,,,,,,,,,,,,-999,-999,-999,1,1,188,,0.0,2,6,5,4,5,6,5,5,6,6,6,6,6,6,,,,,,,,,,,,,,,,,,,,,,,,,,,,,,,,,,,,,,,,,,,,3,3,3,3,3,2,2,,,,,,,,,,,,,,,,,,,,,,,,,,,,,,,,,,,,,,,,,,,,-999,1,1,188,,0.0,5,6,7,4,4,6,2,10,4,9,10,7,7,10,3,3,5,3,8,7,7,6,6,9,8,11,5,3,3,7,2,2,0,7,7,7,7,8,9,0,0,0,0,4,2,4,3,4,4,4,0,0,1,1,0,1,1,1,1,0,0,0,,2,1,-999,-999,-999,-999,-999,-999,1,1,188,,0.0,2,984097,7mf_984097,,2025-11-25T15:50:56.404Z,-999,,-999,-999,1,2,1,3,1,3,2,10,7,4,1,11,3,5,9,13,14,12,8,6,1,2,1,1,1
189,g35o4uv9,e6v,0,23,23,app_end,End,2025-11-25 15:34:29.067578,1,,,0.0,1,e5y22b4i,,,,,0,1.0,0.0,SS_WS2526,189,,0.0,3,2,3,2025-11-25T15:34:31.278Z,1,2,1,1,189,,0.0,,,,,,,,,,,2,5,3,3,0,-999,-999,1,1,189,,0.0,6vf,pgw,1k3,x,x,x,x,x,x,x,x,x,x,x,x,x,x,x,x,x,x,x,x,x,x,x,x,x,x,x,x,x,x,x,x,x,x,x,x,x,x,x,x,x,x,x,x,x,x,x,1,0,0,0,1,1,0,0,0,0,1,0,0,0,0,0,0,0,0,0,0,0,0,0,0,0,0,0,0,0,0,0,0,0,0,0,0,0,0,0,0,0,0,0,0,0,0,0,0,0,0,0,0,0,0,0,0,0,0,0,0,0,0,0,0,0,0,0,0,0,0,0,0,0,0,0,0,0,0,0,0,0,0,0,0,0,0,0,0,0,0,0,0,0,0,0,0,0,0,0,0,0,0,0,0,0,0,0,0,0,0,0,0,0,0,0,0,0,0,0,0,0,0,0,0,0,0,0,0,0,0,0,0,0,0,0,0,0,0,0,0,0,0,0,0,0,0,0,0,0,0,0,0,0,0,0,0,0,0,0,0,0,0,0,0,0,0,0,0,0,0,0,0,0,0,0,0,0,0,0,0,0,0,0,0,0,0,0,0,0,0,0,0,0,0,0,0,0,0,0,0,0,0,0,0,0,0,0,0,0,0,0,0,0,0,0,0,0,0,0,0,0,0,0,0,0,0,0,0,0,0,0,0,0,0,0,0,0,0,0,0,0,0,0,0,0,0,0,0,0,1,2,2,,,,,,,,,,,,,,,,,,,,,,,,,,,,,,,,,,,,,,,,,,,,,,,,7,7,5,5,,,,,,,,,,,,,,,,,,,,,,,,,,,,,,,,,,,,,,,,,,,,,,,,-999,-999,-999,1,1,189,,0.0,,,,4,2.0,5,5,5,6,6,7,7,7,5,7,4,3,,,4,5,3,,,,,,,,,,,,,,,,,,,,,,,,,,,,,,,,,,,,,,,,,,,,,,,,-999,-999,-999,1,1,189,,0.0,5,5,4,5,3,5,5,7,6,7,,,,,,,,,,,,,,,,,,,,,,,,,,,,,,,,,,,,,,,,,,,,,,,,1,2,2,,,,,,,,,,,,,,,,,,,,,,,,,,,,,,,,,,,,,,,,,,,,,,,,-999,1,1,189,,0.0,11,6,5,6,4,11,3,10,1,0,0,0,0,0,0,0,0,0,0,0,0,0,0,0,0,0,0,0,0,3,3,3,1,7,0,0,5,0,0,0,0,0,0,3,0,0,0,5,4,4,0,1,1,1,0,0,1,1,1,0,0,0,,1,1,-999,-999,-999,-999,-999,-999,1,1,189,,0.0,0,113624,e6v_113624,,2025-11-25T15:49:37.483Z,-999,,-999,-999,1,2,3,1,2,3,5,8,12,3,11,9,4,10,14,7,13,6,2,1,2,2,1,1,1
190,v77utyx3,obm,0,23,23,app_end,End,2025-11-25 15:34:30.090097,1,,,0.0,1,e5y22b4i,,,,,0,1.0,0.0,SS_WS2526,190,,0.0,3,2,3,2025-11-25T15:34:32.520Z,0,1,1,1,190,,0.0,,,,,,,,,,,2,3,2,2,0,-999,-999,1,1,190,,0.0,n3q,00v,7a9,x,x,x,x,x,x,x,x,x,x,x,x,x,x,x,x,x,x,x,x,x,x,x,x,x,x,x,x,x,x,x,x,x,x,x,x,x,x,x,x,x,x,x,x,x,x,x,0,0,0,1,0,0,0,0,1,0,0,0,0,1,0,0,0,0,0,0,0,0,0,0,0,0,0,0,0,0,0,0,0,0,0,0,0,0,0,0,0,0,0,0,0,0,0,0,0,0,0,0,0,0,0,0,0,0,0,0,0,0,0,0,0,0,0,0,0,0,0,0,0,0,0,0,0,0,0,0,0,0,0,0,0,0,0,0,0,0,0,0,0,0,0,0,0,0,0,0,0,0,0,0,0,0,0,0,0,0,0,0,0,0,0,0,0,0,0,0,0,0,0,0,0,0,0,0,0,0,0,0,0,0,0,0,0,0,0,0,0,0,0,0,0,0,0,0,0,0,0,0,0,0,0,0,0,0,0,0,0,0,0,0,0,0,0,0,0,0,0,0,0,0,0,0,0,0,0,0,0,0,0,0,0,0,0,0,0,0,0,0,0,0,0,0,0,0,0,0,0,0,0,0,0,0,0,0,0,0,0,0,0,0,0,0,0,0,0,0,0,0,0,0,0,0,0,0,0,0,0,0,0,0,0,0,0,0,0,0,0,0,0,0,0,0,0,0,0,0,1,1,1,,,,,,,,,,,,,,,,,,,,,,,,,,,,,,,,,,,,,,,,,,,,,,,,4,7,3,4,,,,,,,,,,,,,,,,,,,,,,,,,,,,,,,,,,,,,,,,,,,,,,,,-999,-999,-999,1,1,190,,0.0,,,,0,3.3,3,3,2,6,4,2,3,5,6,6,3,3,,,6,4,7,,,,,,,,,,,,,,,,,,,,,,,,,,,,,,,,,,,,,,,,,,,,,,,,-999,-999,-999,1,1,190,,0.0,5,7,6,4,6,6,4,3,5,6,,,,,,,,,,,,,,,,,,,,,,,,,,,,,,,,,,,,,,,,,,,,,,,,5,3,3,,,,,,,,,,,,,,,,,,,,,,,,,,,,,,,,,,,,,,,,,,,,,,,,-999,1,1,190,,0.0,3,7,8,6,4,8,2,10,8,4,4,7,8,7,6,9,9,6,6,9,6,6,6,6,6,6,6,3,6,7,7,6,2,7,6,6,5,7,6,6,6,6,6,3,3,3,3,3,3,3,0,0,0,1,0,1,0,1,1,0,0,0,,1,1,-999,-999,-999,-999,-999,-999,1,1,190,,0.0,2,986677,obm_986677,,2025-11-25T15:46:36.434Z,-999,,-999,-999,2,3,2,3,2,3,13,3,8,9,5,10,11,4,1,12,7,14,6,2,1,2,2,1,1
191,qpuk91y5,zrm,0,23,23,app_end,End,2025-11-25 15:34:31.288888,1,,,0.0,1,e5y22b4i,,,,,0,1.0,0.0,SS_WS2526,191,,0.0,3,1,5,2025-11-25T15:34:32.674Z,0,1,1,1,191,,0.0,,,,,,,,,,,4,3,4,2,0,-999,-999,1,1,191,,0.0,1k3,8mx,r3x,9sx,g8f,hxt,1ds,qoh,r3x,pgw,x,x,x,x,x,x,x,x,x,x,x,x,x,x,x,x,x,x,x,x,x,x,x,x,x,x,x,x,x,x,x,x,x,x,x,x,x,x,x,x,1,0,0,0,0,1,0,0,0,0,1,0,0,0,0,1,0,0,0,0,1,0,0,0,0,1,0,0,0,0,1,0,0,0,0,1,0,0,0,0,1,0,0,0,0,1,0,0,0,0,0,0,0,0,0,0,0,0,0,0,0,0,0,0,0,0,0,0,0,0,0,0,0,0,0,0,0,0,0,0,0,0,0,0,0,0,0,0,0,0,0,0,0,0,0,0,0,0,0,0,0,0,0,0,0,0,0,0,0,0,0,0,0,0,0,0,0,0,0,0,0,0,0,0,0,0,0,0,0,0,0,0,0,0,0,0,0,0,0,0,0,0,0,0,0,0,0,0,0,0,0,0,0,0,0,0,0,0,0,0,0,0,0,0,0,0,0,0,0,0,0,0,0,0,0,0,0,0,0,0,0,0,0,0,0,0,0,0,0,0,0,0,0,0,0,0,0,0,0,0,0,0,0,0,0,0,0,0,0,0,0,0,0,0,0,0,0,0,0,0,0,0,0,0,0,0,0,0,0,0,0,0,0,0,0,0,0,0,0,0,0,0,0,0,0,0,0,0,0,0,1,1,1,1,1,1,1,1,1,1,,,,,,,,,,,,,,,,,,,,,,,,,,,,,,,,,,,,,,,,,4,5,5,5,5,5,5,11,5,5,5,,,,,,,,,,,,,,,,,,,,,,,,,,,,,,,,,,,,,,,,,-999,-999,-999,1,1,191,,0.0,,,,2,3.7,2,5,3,6,6,4,5,7,6,6,6,6,,,7,7,6,8,6,5,11,6,5,3,,,,,,,,,,,,,,,,,,,,,,,,,,,,,,,,,,,,,,,,,-999,-999,-999,1,1,191,,0.0,3,7,3,4,5,2,5,6,,5,4,4,3,1,4,4,4,,,,,,,,,,,,,,,,,,,,,,,,,,,,,,,,,,,,,,,,,4,3,4,6,2,4,7,4,3,4,,,,,,,,,,,,,,,,,,,,,,,,,,,,,,,,,,,,,,,,,-999,1,1,191,,0.0,0,7,8,5,4,6,2,10,8,3,2,8,8,5,1,6,3,6,6,10,6,1,4,2,1,1,7,1,5,2,1,1,1,7,2,5,8,9,6,6,6,1,5,3,3,3,3,3,3,3,0,0,0,1,0,1,1,1,0,0,0,0,,2,1,-999,-999,-999,-999,-999,-999,1,1,191,,0.0,0,882243,zrm_882243,,2025-11-25T15:49:56.520Z,-999,,-999,-999,3,1,1,2,2,3,11,10,8,9,1,3,7,2,6,4,5,13,12,14,2,2,1,1,1
192,3852s107,2g7,0,23,23,app_end,End,2025-11-25 15:34:31.985472,1,,,0.0,1,e5y22b4i,,,,,0,1.0,0.0,SS_WS2526,192,,0.0,2,4,3,2025-11-25T15:34:34.547Z,0,3,1,1,192,,0.0,,,,,,,,,,,4,4,5,4,20,-999,-999,1,1,192,,0.0,x,x,x,x,x,x,x,x,x,x,x,x,x,x,x,x,x,x,x,x,x,x,x,x,x,x,x,x,x,x,x,x,x,x,x,x,x,x,x,x,x,x,x,x,x,x,x,x,x,x,0,0,0,0,0,0,0,0,0,0,0,0,0,0,0,0,0,0,0,0,0,0,0,0,0,0,0,0,0,0,0,0,0,0,0,0,0,0,0,0,0,0,0,0,0,0,0,0,0,0,0,0,0,0,0,0,0,0,0,0,0,0,0,0,0,0,0,0,0,0,0,0,0,0,0,0,0,0,0,0,0,0,0,0,0,0,0,0,0,0,0,0,0,0,0,0,0,0,0,0,0,0,0,0,0,0,0,0,0,0,0,0,0,0,0,0,0,0,0,0,0,0,0,0,0,0,0,0,0,0,0,0,0,0,0,0,0,0,0,0,0,0,0,0,0,0,0,0,0,0,0,0,0,0,0,0,0,0,0,0,0,0,0,0,0,0,0,0,0,0,0,0,0,0,0,0,0,0,0,0,0,0,0,0,0,0,0,0,0,0,0,0,0,0,0,0,0,0,0,0,0,0,0,0,0,0,0,0,0,0,0,0,0,0,0,0,0,0,0,0,0,0,0,0,0,0,0,0,0,0,0,0,0,0,0,0,0,0,0,0,0,0,0,0,0,0,0,0,0,0,,,,,,,,,,,,,,,,,,,,,,,,,,,,,,,,,,,,,,,,,,,,,,,,,,,3,,,,,,,,,,,,,,,,,,,,,,,,,,,,,,,,,,,,,,,,,,,,,,,,,,,-999,-999,-999,1,1,192,,0.0,,,,5,1.7,10,5,6,6,5,4,4,7,3,6,5,6,,,,,,,,,,,,,,,,,,,,,,,,,,,,,,,,,,,,,,,,,,,,,,,,,,,,,-999,-999,-999,1,1,192,,0.0,1,1,2,2,1,2,6,,,,,,,,,,,,,,,,,,,,,,,,,,,,,,,,,,,,,,,,,,,,,,,,,,,,,,,,,,,,,,,,,,,,,,,,,,,,,,,,,,,,,,,,,,,,,,,,,,,,,-999,1,1,192,,0.0,7,9,10,6,4,7,2,11,4,2,1,9,10,1,1,8,2,8,7,10,0,1,0,3,2,6,6,1,0,2,1,1,1,9,3,8,11,6,0,0,0,0,0,2,1,2,1,4,3,3,0,0,0,1,0,1,0,1,0,0,0,0,,1,1,-999,-999,-999,-999,-999,-999,1,1,192,,0.0,2,257154,2g7_257154,,2025-11-25T15:43:11.267Z,-999,,-999,-999,2,1,3,2,2,1,4,1,5,7,2,13,6,9,11,12,10,8,3,14,2,1,1,1,1
193,kaq7z3uh,1ru,0,23,23,app_end,End,2025-11-25 15:34:33.717564,1,,,0.0,1,e5y22b4i,,,,,0,1.0,0.0,SS_WS2526,193,,0.0,3,3,3,2025-11-25T15:34:46.482Z,0,2,1,1,193,,0.0,,,,,,,,,,,4,3,5,3,0,-999,-999,1,1,193,,0.0,x,x,x,x,x,x,x,x,x,x,x,x,x,x,x,x,x,x,x,x,x,x,x,x,x,x,x,x,x,x,x,x,x,x,x,x,x,x,x,x,x,x,x,x,x,x,x,x,x,x,0,0,0,0,0,0,0,0,0,0,0,0,0,0,0,0,0,0,0,0,0,0,0,0,0,0,0,0,0,0,0,0,0,0,0,0,0,0,0,0,0,0,0,0,0,0,0,0,0,0,0,0,0,0,0,0,0,0,0,0,0,0,0,0,0,0,0,0,0,0,0,0,0,0,0,0,0,0,0,0,0,0,0,0,0,0,0,0,0,0,0,0,0,0,0,0,0,0,0,0,0,0,0,0,0,0,0,0,0,0,0,0,0,0,0,0,0,0,0,0,0,0,0,0,0,0,0,0,0,0,0,0,0,0,0,0,0,0,0,0,0,0,0,0,0,0,0,0,0,0,0,0,0,0,0,0,0,0,0,0,0,0,0,0,0,0,0,0,0,0,0,0,0,0,0,0,0,0,0,0,0,0,0,0,0,0,0,0,0,0,0,0,0,0,0,0,0,0,0,0,0,0,0,0,0,0,0,0,0,0,0,0,0,0,0,0,0,0,0,0,0,0,0,0,0,0,0,0,0,0,0,0,0,0,0,0,0,0,0,0,0,0,0,0,0,0,0,0,0,0,,,,,,,,,,,,,,,,,,,,,,,,,,,,,,,,,,,,,,,,,,,,,,,,,,,7,,,,,,,,,,,,,,,,,,,,,,,,,,,,,,,,,,,,,,,,,,,,,,,,,,,-999,-999,-999,1,1,193,,0.0,,,,2,3.0,,5,5,6,5,5,4,7,6,6,3,2,,,,,,,,,,,,,,,,,,,,,,,,,,,,,,,,,,,,,,,,,,,,,,,,,,,,,-999,-999,-999,1,1,193,,0.0,1,5,3,1,2,7,6,,,,,,,,,,,,,,,,,,,,,,,,,,,,,,,,,,,,,,,,,,,,,,,,,,,,,,,,,,,,,,,,,,,,,,,,,,,,,,,,,,,,,,,,,,,,,,,,,,,,,-999,1,1,193,,0.0,11,7,7,7,1,9,3,0,5,7,7,6,8,6,1,9,3,6,6,6,6,1,6,6,6,6,6,6,6,9,1,2,6,10,10,6,3,6,6,6,6,6,6,4,1,4,1,5,5,5,0,0,0,1,0,1,0,0,0,1,0,0,,1,1,-999,-999,-999,-999,-999,-999,1,1,193,,0.0,2,982216,1ru_982216,Gute Umfrage :),2025-11-25T15:43:18.283Z,-999,,-999,-999,2,3,1,3,2,1,1,8,3,11,14,2,9,6,10,5,4,7,12,13,1,2,1,1,1
194,8euvbgdd,vpi,0,23,23,app_end,End,2025-11-25 15:34:41.868162,1,,,0.0,1,e5y22b4i,,,,,0,1.0,0.0,SS_WS2526,194,,0.0,1,4,3,2025-11-25T15:34:47.201Z,0,2,1,1,194,,0.0,,,,,,,,,,,4,5,3,4,0,-999,-999,1,1,194,,0.0,poi,ras,ljz,go4,fsu,x,x,x,x,x,x,x,x,x,x,x,x,x,x,x,x,x,x,x,x,x,x,x,x,x,x,x,x,x,x,x,x,x,x,x,x,x,x,x,x,x,x,x,x,x,1,0,1,1,1,1,0,1,1,1,1,0,1,1,1,1,0,1,1,1,1,0,0,0,0,0,0,0,0,0,0,0,0,0,0,0,0,0,0,0,0,0,0,0,0,0,0,0,0,0,0,0,0,0,0,0,0,0,0,0,0,0,0,0,0,0,0,0,0,0,0,0,0,0,0,0,0,0,0,0,0,0,0,0,0,0,0,0,0,0,0,0,0,0,0,0,0,0,0,0,0,0,0,0,0,0,0,0,0,0,0,0,0,0,0,0,0,0,0,0,0,0,0,0,0,0,0,0,0,0,0,0,0,0,0,0,0,0,0,0,0,0,0,0,0,0,0,0,0,0,0,0,0,0,0,0,0,0,0,0,0,0,0,0,0,0,0,0,0,0,0,0,0,0,0,0,0,0,0,0,0,0,0,0,0,0,0,0,0,0,0,0,0,0,0,0,0,0,0,0,0,0,0,0,0,0,0,0,0,0,0,0,0,0,0,0,0,0,0,0,0,0,0,0,0,0,0,0,0,0,0,0,0,0,0,0,0,0,0,0,0,0,0,0,0,0,0,0,0,0,1,1,1,1,1,,,,,,,,,,,,,,,,,,,,,,,,,,,,,,,,,,,,,,,,,,,,,,4,4,4,3,4,4,,,,,,,,,,,,,,,,,,,,,,,,,,,,,,,,,,,,,,,,,,,,,,-999,-999,-999,1,1,194,,0.0,,,,6,3.0,3,5,4,6,6,4,3,5,6,6,5,6,,,4,4,4,4,4,,,,,,,,,,,,,,,,,,,,,,,,,,,,,,,,,,,,,,,,,,,,,,-999,-999,-999,1,1,194,,0.0,1,3,4,2,3,4,5,4,4,4,4,4,,,,,,,,,,,,,,,,,,,,,,,,,,,,,,,,,,,,,,,,,,,,,,3,3,3,3,3,,,,,,,,,,,,,,,,,,,,,,,,,,,,,,,,,,,,,,,,,,,,,,-999,1,1,194,,0.0,11,6,7,3,3,5,1,10,6,5,5,6,6,4,4,6,4,0,0,0,0,4,0,0,5,0,0,0,0,6,3,3,4,6,6,0,6,0,0,0,0,0,0,4,3,4,2,4,3,3,0,0,0,1,0,1,0,1,1,0,0,0,,0,2,-999,-999,-999,-999,-999,-999,1,1,194,,0.0,2,793672,vpi_793672,,2025-11-25T15:45:05.492Z,-999,,-999,-999,1,2,1,3,3,2,10,2,13,12,5,11,1,14,7,8,9,6,4,3,2,1,2,1,1
195,gei5r3r5,pkl,0,23,23,app_end,End,2025-11-25 15:34:53.132356,1,,,0.0,1,e5y22b4i,,,,,0,1.0,0.0,SS_WS2526,195,,0.0,1,4,4,2025-11-25T15:34:58.703Z,0,2,1,1,195,,0.0,,,,,,,,,,,4,3,4,3,0,-999,-999,1,1,195,,0.0,39j,e30,yo0,gpm,zme,oae,x,x,x,x,x,x,x,x,x,x,x,x,x,x,x,x,x,x,x,x,x,x,x,x,x,x,x,x,x,x,x,x,x,x,x,x,x,x,x,x,x,x,x,x,1,0,0,1,1,1,0,0,0,0,1,0,0,0,0,1,0,0,0,0,1,0,0,0,1,1,0,0,0,0,0,0,0,0,0,0,0,0,0,0,0,0,0,0,0,0,0,0,0,0,0,0,0,0,0,0,0,0,0,0,0,0,0,0,0,0,0,0,0,0,0,0,0,0,0,0,0,0,0,0,0,0,0,0,0,0,0,0,0,0,0,0,0,0,0,0,0,0,0,0,0,0,0,0,0,0,0,0,0,0,0,0,0,0,0,0,0,0,0,0,0,0,0,0,0,0,0,0,0,0,0,0,0,0,0,0,0,0,0,0,0,0,0,0,0,0,0,0,0,0,0,0,0,0,0,0,0,0,0,0,0,0,0,0,0,0,0,0,0,0,0,0,0,0,0,0,0,0,0,0,0,0,0,0,0,0,0,0,0,0,0,0,0,0,0,0,0,0,0,0,0,0,0,0,0,0,0,0,0,0,0,0,0,0,0,0,0,0,0,0,0,0,0,0,0,0,0,0,0,0,0,0,0,0,0,0,0,0,0,0,0,0,0,0,0,0,0,0,0,0,1,1,1,1,1,1,,,,,,,,,,,,,,,,,,,,,,,,,,,,,,,,,,,,,,,,,,,,,6,4,5,7,4,5,5,,,,,,,,,,,,,,,,,,,,,,,,,,,,,,,,,,,,,,,,,,,,,-999,-999,-999,1,1,195,,0.0,,,,3,2.7,7,4,7,5,5,4,6,5,6,7,5,3,,,5,7,6,2,7,7,,,,,,,,,,,,,,,,,,,,,,,,,,,,,,,,,,,,,,,,,,,,,-999,-999,-999,1,1,195,,0.0,2,6,4,6,5,4,5,5,4,4,5,4,4,,,,,,,,,,,,,,,,,,,,,,,,,,,,,,,,,,,,,,,,,,,,,1,3,3,2,3,3,,,,,,,,,,,,,,,,,,,,,,,,,,,,,,,,,,,,,,,,,,,,,-999,1,1,195,,0.0,0,7,8,6,4,9,1,11,4,7,7,7,7,6,1,1,1,10,0,8,0,3,0,0,7,0,0,2,0,6,1,2,2,7,6,0,5,7,0,0,0,0,0,3,3,2,2,4,4,4,0,0,0,1,1,1,0,1,0,0,0,0,,1,1,-999,-999,-999,-999,-999,-999,1,1,195,,0.0,1,813739,pkl_813739,,2025-11-25T15:51:58.025Z,-999,,-999,,3,1,1,3,1,2,13,12,5,1,11,8,4,14,10,9,6,3,7,2,2,2,2,1,1
196,vzbva6mf,wto,0,23,23,app_end,End,2025-11-25 15:34:54.070416,1,,,0.0,1,e5y22b4i,,,,,0,1.0,0.0,SS_WS2526,196,,0.0,3,2,3,2025-11-25T15:34:58.857Z,0,2,1,1,196,,0.0,,,,,,,,,,,4,3,4,2,,-999,-999,1,1,196,,0.0,2g7,x,x,x,x,x,x,x,x,x,x,x,x,x,x,x,x,x,x,x,x,x,x,x,x,x,x,x,x,x,x,x,x,x,x,x,x,x,x,x,x,x,x,x,x,x,x,x,x,x,1,0,0,0,1,0,0,0,0,0,0,0,0,0,0,0,0,0,0,0,0,0,0,0,0,0,0,0,0,0,0,0,0,0,0,0,0,0,0,0,0,0,0,0,0,0,0,0,0,0,0,0,0,0,0,0,0,0,0,0,0,0,0,0,0,0,0,0,0,0,0,0,0,0,0,0,0,0,0,0,0,0,0,0,0,0,0,0,0,0,0,0,0,0,0,0,0,0,0,0,0,0,0,0,0,0,0,0,0,0,0,0,0,0,0,0,0,0,0,0,0,0,0,0,0,0,0,0,0,0,0,0,0,0,0,0,0,0,0,0,0,0,0,0,0,0,0,0,0,0,0,0,0,0,0,0,0,0,0,0,0,0,0,0,0,0,0,0,0,0,0,0,0,0,0,0,0,0,0,0,0,0,0,0,0,0,0,0,0,0,0,0,0,0,0,0,0,0,0,0,0,0,0,0,0,0,0,0,0,0,0,0,0,0,0,0,0,0,0,0,0,0,0,0,0,0,0,0,0,0,0,0,0,0,0,0,0,0,0,0,0,0,0,0,0,0,0,0,0,0,1,,,,,,,,,,,,,,,,,,,,,,,,,,,,,,,,,,,,,,,,,,,,,,,,,,3,3,,,,,,,,,,,,,,,,,,,,,,,,,,,,,,,,,,,,,,,,,,,,,,,,,,-999,-999,-999,1,1,196,,0.0,,,,3,3.0,5,4,4,6,3,2,1,6,7,5,7,6,,,4,,,,,,,,,,,,,,,,,,,,,,,,,,,,,,,,,,,,,,,,,,,,,,,,,,-999,-999,-999,1,1,196,,0.0,1,1,4,1,2,2,6,6,,,,,,,,,,,,,,,,,,,,,,,,,,,,,,,,,,,,,,,,,,,,,,,,,,1,,,,,,,,,,,,,,,,,,,,,,,,,,,,,,,,,,,,,,,,,,,,,,,,,,-999,1,1,196,,0.0,6,8,9,6,4,8,2,11,5,1,1,4,10,4,1,11,5,1,0,11,0,1,0,0,1,0,0,1,0,1,1,1,0,4,0,5,0,1,4,0,0,0,0,0,0,0,0,0,0,0,0,0,0,1,0,0,0,1,0,0,0,0,,1,1,-999,-999,-999,-999,-999,-999,1,1,196,,0.0,1,277875,wto_277875,,2025-11-25T15:46:46.335Z,-999,,-999,,3,1,2,1,1,2,3,12,5,14,4,7,1,8,13,9,11,2,10,6,2,1,1,1,1
197,poqfxiha,gh9,0,23,23,app_end,End,2025-11-25 15:34:59.294410,1,,,0.0,1,e5y22b4i,,,,,0,1.0,0.0,SS_WS2526,197,,0.0,3,2,3,2025-11-25T15:35:02.707Z,0,2,1,1,197,,0.0,,,,,,,,,,,1,3,3,2,10,-999,-999,1,1,197,,0.0,dn0,j0g,x,x,x,x,x,x,x,x,x,x,x,x,x,x,x,x,x,x,x,x,x,x,x,x,x,x,x,x,x,x,x,x,x,x,x,x,x,x,x,x,x,x,x,x,x,x,x,x,1,0,0,0,0,1,0,0,0,0,0,0,0,0,0,0,0,0,0,0,0,0,0,0,0,0,0,0,0,0,0,0,0,0,0,0,0,0,0,0,0,0,0,0,0,0,0,0,0,0,0,0,0,0,0,0,0,0,0,0,0,0,0,0,0,0,0,0,0,0,0,0,0,0,0,0,0,0,0,0,0,0,0,0,0,0,0,0,0,0,0,0,0,0,0,0,0,0,0,0,0,0,0,0,0,0,0,0,0,0,0,0,0,0,0,0,0,0,0,0,0,0,0,0,0,0,0,0,0,0,0,0,0,0,0,0,0,0,0,0,0,0,0,0,0,0,0,0,0,0,0,0,0,0,0,0,0,0,0,0,0,0,0,0,0,0,0,0,0,0,0,0,0,0,0,0,0,0,0,0,0,0,0,0,0,0,0,0,0,0,0,0,0,0,0,0,0,0,0,0,0,0,0,0,0,0,0,0,0,0,0,0,0,0,0,0,0,0,0,0,0,0,0,0,0,0,0,0,0,0,0,0,0,0,0,0,0,0,0,0,0,0,0,0,0,0,0,0,0,0,1,2,,,,,,,,,,,,,,,,,,,,,,,,,,,,,,,,,,,,,,,,,,,,,,,,,8,5,4,,,,,,,,,,,,,,,,,,,,,,,,,,,,,,,,,,,,,,,,,,,,,,,,,-999,-999,-999,1,1,197,,0.0,,,,1,3.3,,3,3,5,4,4,3,6,2,1,4,7,,,9,2,,,,,,,,,,,,,,,,,,,,,,,,,,,,,,,,,,,,,,,,,,,,,,,,,-999,-999,-999,1,1,197,,0.0,6,7,7,7,7,7,4,5,6,,,,,,,,,,,,,,,,,,,,,,,,,,,,,,,,,,,,,,,,,,,,,,,,,3,1,,,,,,,,,,,,,,,,,,,,,,,,,,,,,,,,,,,,,,,,,,,,,,,,,-999,1,1,197,,0.0,1,8,9,5,3,7,1,11,7,10,9,5,4,8,1,1,1,10,5,8,0,1,2,9,8,8,8,1,0,10,1,4,9,9,10,10,1,7,11,7,8,1,0,4,4,4,4,3,4,4,1,0,1,1,1,1,1,1,0,0,0,0,,1,1,-999,-999,-999,-999,-999,-999,1,1,197,,0.0,0,197554,gh9_197554,,2025-11-25T15:43:47.899Z,-999,,-999,-999,1,2,3,1,3,1,4,1,3,2,12,5,7,14,6,10,9,8,11,13,2,2,1,1,1
198,mwrw33ju,vrj,0,23,23,app_end,End,2025-11-25 15:34:59.198878,1,,,0.0,1,e5y22b4i,,,,,0,1.0,0.0,SS_WS2526,198,,0.0,3,2,3,2025-11-25T15:35:02.342Z,0,2,1,1,198,,0.0,,,,,,,,,,,3,4,4,4,10,-999,-999,1,1,198,,0.0,rji,poi,cx9,nre,n64,98q,x,x,x,x,x,x,x,x,x,x,x,x,x,x,x,x,x,x,x,x,x,x,x,x,x,x,x,x,x,x,x,x,x,x,x,x,x,x,x,x,x,x,x,x,1,0,0,0,0,1,0,0,0,0,0,1,0,0,1,1,0,0,0,0,1,0,0,0,0,1,0,0,0,0,0,0,0,0,0,0,0,0,0,0,0,0,0,0,0,0,0,0,0,0,0,0,0,0,0,0,0,0,0,0,0,0,0,0,0,0,0,0,0,0,0,0,0,0,0,0,0,0,0,0,0,0,0,0,0,0,0,0,0,0,0,0,0,0,0,0,0,0,0,0,0,0,0,0,0,0,0,0,0,0,0,0,0,0,0,0,0,0,0,0,0,0,0,0,0,0,0,0,0,0,0,0,0,0,0,0,0,0,0,0,0,0,0,0,0,0,0,0,0,0,0,0,0,0,0,0,0,0,0,0,0,0,0,0,0,0,0,0,0,0,0,0,0,0,0,0,0,0,0,0,0,0,0,0,0,0,0,0,0,0,0,0,0,0,0,0,0,0,0,0,0,0,0,0,0,0,0,0,0,0,0,0,0,0,0,0,0,0,0,0,0,0,0,0,0,0,0,0,0,0,0,0,0,0,0,0,0,0,0,0,0,0,0,0,0,0,0,0,0,0,1,1,1,1,1,1,,,,,,,,,,,,,,,,,,,,,,,,,,,,,,,,,,,,,,,,,,,,,6,5,5,5,5,5,5,,,,,,,,,,,,,,,,,,,,,,,,,,,,,,,,,,,,,,,,,,,,,-999,-999,-999,1,1,198,,0.0,,,,3,3.0,,4,5,5,6,5,4,7,7,5,2,5,,,2,2,2,2,2,2,,,,,,,,,,,,,,,,,,,,,,,,,,,,,,,,,,,,,,,,,,,,,-999,-999,-999,1,1,198,,0.0,0,0,0,0,0,0,0,4,4,4,4,4,4,,,,,,,,,,,,,,,,,,,,,,,,,,,,,,,,,,,,,,,,,,,,,4,4,4,4,4,4,,,,,,,,,,,,,,,,,,,,,,,,,,,,,,,,,,,,,,,,,,,,,-999,1,1,198,,0.0,3,7,8,5,4,6,1,11,6,7,8,9,5,8,1,4,1,10,8,6,0,1,0,9,11,0,8,1,0,8,1,5,3,5,5,3,1,6,0,0,0,0,0,4,2,4,2,4,4,4,0,1,0,1,0,1,1,1,1,0,1,0,,2,1,-999,-999,-999,-999,-999,-999,1,1,198,,0.0,1,477514,vrj_477514,,2025-11-25T15:47:26.739Z,-999,,-999,,2,1,3,2,3,2,12,1,3,11,10,7,8,4,14,5,9,13,6,2,2,1,2,1,1
199,uqo6o1up,g8f,0,23,23,app_end,End,2025-11-25 15:35:00.532950,1,,,0.0,1,e5y22b4i,,,,,0,1.0,0.0,SS_WS2526,199,,0.0,3,2,3,2025-11-25T15:35:04.206Z,0,2,1,1,199,,0.0,,,,,,,,,,,3,2,4,2,5,-999,-999,1,1,199,,0.0,1ds,zrm,mjb,qoh,1k3,pgw,8bz,15f,x,x,x,x,x,x,x,x,x,x,x,x,x,x,x,x,x,x,x,x,x,x,x,x,x,x,x,x,x,x,x,x,x,x,x,x,x,x,x,x,x,x,1,0,0,0,0,1,0,0,0,0,1,0,0,0,0,1,0,0,0,0,1,0,0,0,0,1,0,0,0,0,1,0,0,0,0,1,0,0,0,0,0,0,0,0,0,0,0,0,0,0,0,0,0,0,0,0,0,0,0,0,0,0,0,0,0,0,0,0,0,0,0,0,0,0,0,0,0,0,0,0,0,0,0,0,0,0,0,0,0,0,0,0,0,0,0,0,0,0,0,0,0,0,0,0,0,0,0,0,0,0,0,0,0,0,0,0,0,0,0,0,0,0,0,0,0,0,0,0,0,0,0,0,0,0,0,0,0,0,0,0,0,0,0,0,0,0,0,0,0,0,0,0,0,0,0,0,0,0,0,0,0,0,0,0,0,0,0,0,0,0,0,0,0,0,0,0,0,0,0,0,0,0,0,0,0,0,0,0,0,0,0,0,0,0,0,0,0,0,0,0,0,0,0,0,0,0,0,0,0,0,0,0,0,0,0,0,0,0,0,0,0,0,0,0,0,0,0,0,0,0,0,0,0,0,0,0,0,0,0,0,0,0,0,0,0,0,0,0,0,0,1,1,1,1,1,1,1,1,,,,,,,,,,,,,,,,,,,,,,,,,,,,,,,,,,,,,,,,,,,4,3,5,4,6,,6,5,6,,,,,,,,,,,,,,,,,,,,,,,,,,,,,,,,,,,,,,,,,,,-999,-999,-999,1,1,199,,0.0,,,,2,1.7,3,6,4,6,6,5,7,7,5,6,6,4,,,6,4,5,7,3,5,9,3,,,,,,,,,,,,,,,,,,,,,,,,,,,,,,,,,,,,,,,,,,,-999,-999,-999,1,1,199,,0.0,1,6,3,1,3,4,7,6,6,6,5,5,6,6,6,,,,,,,,,,,,,,,,,,,,,,,,,,,,,,,,,,,,,,,,,,,1,1,1,1,1,1,1,1,,,,,,,,,,,,,,,,,,,,,,,,,,,,,,,,,,,,,,,,,,,-999,1,1,199,,0.0,0,8,9,4,4,9,1,11,6,2,1,5,5,2,1,4,1,5,4,7,0,1,0,3,1,0,5,1,0,1,1,1,1,6,1,2,6,8,0,0,0,0,0,4,2,4,2,4,4,4,0,0,0,1,0,1,1,1,0,0,0,0,,1,1,-999,-999,-999,-999,-999,-999,1,1,199,,0.0,1,256969,g8f_256969,,2025-11-25T15:50:20.964Z,-999,,-999,,3,1,1,2,1,3,7,14,2,9,11,13,1,8,6,5,10,4,3,12,2,2,1,1,1
200,5odbh830,6vf,0,23,23,app_end,End,2025-11-25 15:35:04.414050,1,,,0.0,1,e5y22b4i,,,,,0,1.0,0.0,SS_WS2526,200,,0.0,3,2,3,2025-11-25T15:35:06.231Z,0,2,1,1,200,,0.0,,,,,,,,,,,4,3,3,3,0,-999,-999,1,1,200,,0.0,e6v,98q,vrj,x,x,x,x,x,x,x,x,x,x,x,x,x,x,x,x,x,x,x,x,x,x,x,x,x,x,x,x,x,x,x,x,x,x,x,x,x,x,x,x,x,x,x,x,x,x,x,1,0,0,1,0,1,0,0,0,0,1,0,0,0,0,0,0,0,0,0,0,0,0,0,0,0,0,0,0,0,0,0,0,0,0,0,0,0,0,0,0,0,0,0,0,0,0,0,0,0,0,0,0,0,0,0,0,0,0,0,0,0,0,0,0,0,0,0,0,0,0,0,0,0,0,0,0,0,0,0,0,0,0,0,0,0,0,0,0,0,0,0,0,0,0,0,0,0,0,0,0,0,0,0,0,0,0,0,0,0,0,0,0,0,0,0,0,0,0,0,0,0,0,0,0,0,0,0,0,0,0,0,0,0,0,0,0,0,0,0,0,0,0,0,0,0,0,0,0,0,0,0,0,0,0,0,0,0,0,0,0,0,0,0,0,0,0,0,0,0,0,0,0,0,0,0,0,0,0,0,0,0,0,0,0,0,0,0,0,0,0,0,0,0,0,0,0,0,0,0,0,0,0,0,0,0,0,0,0,0,0,0,0,0,0,0,0,0,0,0,0,0,0,0,0,0,0,0,0,0,0,0,0,0,0,0,0,0,0,0,0,0,0,0,0,0,0,0,0,0,1,2,2,,,,,,,,,,,,,,,,,,,,,,,,,,,,,,,,,,,,,,,,,,,,,,,,3,6,3,6,,,,,,,,,,,,,,,,,,,,,,,,,,,,,,,,,,,,,,,,,,,,,,,,-999,-999,-999,1,1,200,,0.0,,,,6,2.3,8,4,3,6,6,6,3,6,4,5,2,3,,,3,3,8,,,,,,,,,,,,,,,,,,,,,,,,,,,,,,,,,,,,,,,,,,,,,,,,-999,-999,-999,1,1,200,,0.0,2,4,2,2,3,3,6,5,5,5,,,,,,,,,,,,,,,,,,,,,,,,,,,,,,,,,,,,,,,,,,,,,,,,4,2,3,,,,,,,,,,,,,,,,,,,,,,,,,,,,,,,,,,,,,,,,,,,,,,,,-999,1,1,200,,0.0,6,7,8,5,4,8,2,10,6,3,2,8,9,2,1,9,5,6,6,10,0,1,9,1,2,2,6,1,9,1,1,1,1,3,1,0,8,9,0,0,0,0,0,4,2,4,2,4,5,4,0,0,0,1,0,1,1,1,1,0,0,0,,1,1,-999,-999,-999,-999,-999,-999,1,1,200,,0.0,0,578179,6vf_578179,,2025-11-25T15:52:00.752Z,-999,,-999,-999,3,1,2,1,2,1,11,5,9,10,13,14,12,3,4,1,8,2,7,6,1,1,2,1,1
201,l4u9lp7f,msn,0,23,23,app_end,End,2025-11-25 15:35:05.211193,1,,,0.0,1,e5y22b4i,,,,,0,1.0,0.0,SS_WS2526,201,,0.0,2,4,3,2025-11-25T15:35:06.809Z,0,3,1,1,201,,0.0,,,,,,,,,,,4,2,3,2,0,-999,-999,1,1,201,,0.0,8fi,iqk,ol7,hxt,qlq,x,x,x,x,x,x,x,x,x,x,x,x,x,x,x,x,x,x,x,x,x,x,x,x,x,x,x,x,x,x,x,x,x,x,x,x,x,x,x,x,x,x,x,x,x,1,0,0,0,0,1,0,0,0,0,1,0,0,0,0,1,0,0,0,0,1,0,0,0,0,0,0,0,0,0,0,0,0,0,0,0,0,0,0,0,0,0,0,0,0,0,0,0,0,0,0,0,0,0,0,0,0,0,0,0,0,0,0,0,0,0,0,0,0,0,0,0,0,0,0,0,0,0,0,0,0,0,0,0,0,0,0,0,0,0,0,0,0,0,0,0,0,0,0,0,0,0,0,0,0,0,0,0,0,0,0,0,0,0,0,0,0,0,0,0,0,0,0,0,0,0,0,0,0,0,0,0,0,0,0,0,0,0,0,0,0,0,0,0,0,0,0,0,0,0,0,0,0,0,0,0,0,0,0,0,0,0,0,0,0,0,0,0,0,0,0,0,0,0,0,0,0,0,0,0,0,0,0,0,0,0,0,0,0,0,0,0,0,0,0,0,0,0,0,0,0,0,0,0,0,0,0,0,0,0,0,0,0,0,0,0,0,0,0,0,0,0,0,0,0,0,0,0,0,0,0,0,0,0,0,0,0,0,0,0,0,0,0,0,0,0,0,0,0,0,1,1,1,1,1,,,,,,,,,,,,,,,,,,,,,,,,,,,,,,,,,,,,,,,,,,,,,,4,4,4,4,4,4,,,,,,,,,,,,,,,,,,,,,,,,,,,,,,,,,,,,,,,,,,,,,,-999,-999,-999,1,1,201,,0.0,,,,2,2.0,6,4,6,7,7,6,6,7,3,7,6,6,,,4,4,4,4,4,,,,,,,,,,,,,,,,,,,,,,,,,,,,,,,,,,,,,,,,,,,,,,-999,-999,-999,1,1,201,,0.0,1,1,2,1,2,4,7,6,6,6,6,6,,,,,,,,,,,,,,,,,,,,,,,,,,,,,,,,,,,,,,,,,,,,,,1,1,1,1,1,,,,,,,,,,,,,,,,,,,,,,,,,,,,,,,,,,,,,,,,,,,,,,-999,1,1,201,,0.0,3,7,7,4,4,6,1,11,10,4,4,10,9,7,1,6,1,6,0,9,0,1,0,0,7,0,0,0,0,4,1,1,0,8,0,0,11,8,0,0,0,0,0,3,4,2,4,4,4,3,0,0,0,1,0,1,1,1,0,0,0,0,,1,1,-999,-999,-999,-999,-999,-999,1,1,201,,0.0,0,164751,msn_164751,,2025-11-25T15:46:20.770Z,-999,,-999,-999,1,2,1,2,2,1,10,14,12,5,8,13,1,11,6,2,3,4,7,9,2,1,1,1,1
202,gthc0nk0,ren,0,23,23,app_end,End,2025-11-25 15:35:13.221156,1,,,0.0,1,e5y22b4i,,,,,0,1.0,0.0,SS_WS2526,202,,0.0,1,4,4,2025-11-25T15:35:18.477Z,0,2,1,1,202,,0.0,,,,,,,,,,,4,4,5,4,,-999,-999,1,1,202,,0.0,6qi,x,x,x,x,x,x,x,x,x,x,x,x,x,x,x,x,x,x,x,x,x,x,x,x,x,x,x,x,x,x,x,x,x,x,x,x,x,x,x,x,x,x,x,x,x,x,x,x,x,1,0,1,1,1,0,0,0,0,0,0,0,0,0,0,0,0,0,0,0,0,0,0,0,0,0,0,0,0,0,0,0,0,0,0,0,0,0,0,0,0,0,0,0,0,0,0,0,0,0,0,0,0,0,0,0,0,0,0,0,0,0,0,0,0,0,0,0,0,0,0,0,0,0,0,0,0,0,0,0,0,0,0,0,0,0,0,0,0,0,0,0,0,0,0,0,0,0,0,0,0,0,0,0,0,0,0,0,0,0,0,0,0,0,0,0,0,0,0,0,0,0,0,0,0,0,0,0,0,0,0,0,0,0,0,0,0,0,0,0,0,0,0,0,0,0,0,0,0,0,0,0,0,0,0,0,0,0,0,0,0,0,0,0,0,0,0,0,0,0,0,0,0,0,0,0,0,0,0,0,0,0,0,0,0,0,0,0,0,0,0,0,0,0,0,0,0,0,0,0,0,0,0,0,0,0,0,0,0,0,0,0,0,0,0,0,0,0,0,0,0,0,0,0,0,0,0,0,0,0,0,0,0,0,0,0,0,0,0,0,0,0,0,0,0,0,0,0,0,0,1,,,,,,,,,,,,,,,,,,,,,,,,,,,,,,,,,,,,,,,,,,,,,,,,,,3,4,,,,,,,,,,,,,,,,,,,,,,,,,,,,,,,,,,,,,,,,,,,,,,,,,,-999,-999,-999,1,1,202,,0.0,,,,0,2.0,2,7,6,6,3,3,4,6,3,5,6,6,,,4,,,,,,,,,,,,,,,,,,,,,,,,,,,,,,,,,,,,,,,,,,,,,,,,,,-999,-999,-999,1,1,202,,0.0,2,5,3,3,5,2,6,6,,,,,,,,,,,,,,,,,,,,,,,,,,,,,,,,,,,,,,,,,,,,,,,,,,3,,,,,,,,,,,,,,,,,,,,,,,,,,,,,,,,,,,,,,,,,,,,,,,,,,-999,1,1,202,,0.0,7,8,9,5,3,9,2,10,6,3,2,7,10,4,1,8,2,5,7,11,0,1,0,2,2,0,5,1,0,2,1,1,1,4,1,0,7,6,0,0,0,0,0,5,3,5,2,5,5,5,0,0,0,1,1,1,1,1,1,0,1,1,,1,2,-999,-999,-999,-999,-999,-999,1,1,202,,0.0,0,768630,ren_768630,,2025-11-25T15:48:58.393Z,-999,,-999,-999,3,2,1,3,3,1,3,5,10,6,2,4,9,14,7,8,11,12,13,1,1,1,2,1,1
203,gkxd5im3,fph,0,23,23,app_end,End,2025-11-25 15:35:35.558155,1,,,0.0,1,e5y22b4i,,,,,0,1.0,0.0,SS_WS2526,203,,0.0,3,2,3,2025-11-25T15:35:41.808Z,0,2,1,1,203,,0.0,,,,,,,,,,,2,2,1,2,,-999,-999,1,1,203,,0.0,8mx,x,x,x,x,x,x,x,x,x,x,x,x,x,x,x,x,x,x,x,x,x,x,x,x,x,x,x,x,x,x,x,x,x,x,x,x,x,x,x,x,x,x,x,x,x,x,x,x,x,1,0,0,0,0,0,0,0,0,0,0,0,0,0,0,0,0,0,0,0,0,0,0,0,0,0,0,0,0,0,0,0,0,0,0,0,0,0,0,0,0,0,0,0,0,0,0,0,0,0,0,0,0,0,0,0,0,0,0,0,0,0,0,0,0,0,0,0,0,0,0,0,0,0,0,0,0,0,0,0,0,0,0,0,0,0,0,0,0,0,0,0,0,0,0,0,0,0,0,0,0,0,0,0,0,0,0,0,0,0,0,0,0,0,0,0,0,0,0,0,0,0,0,0,0,0,0,0,0,0,0,0,0,0,0,0,0,0,0,0,0,0,0,0,0,0,0,0,0,0,0,0,0,0,0,0,0,0,0,0,0,0,0,0,0,0,0,0,0,0,0,0,0,0,0,0,0,0,0,0,0,0,0,0,0,0,0,0,0,0,0,0,0,0,0,0,0,0,0,0,0,0,0,0,0,0,0,0,0,0,0,0,0,0,0,0,0,0,0,0,0,0,0,0,0,0,0,0,0,0,0,0,0,0,0,0,0,0,0,0,0,0,0,0,0,0,0,0,0,0,,,,,,,,,,,,,,,,,,,,,,,,,,,,,,,,,,,,,,,,,,,,,,,,,,,1,1,,,,,,,,,,,,,,,,,,,,,,,,,,,,,,,,,,,,,,,,,,,,,,,,,,-999,-999,-999,1,1,203,,0.0,,,,4,2.0,,7,3,7,4,6,7,7,7,7,4,4,,,4,,,,,,,,,,,,,,,,,,,,,,,,,,,,,,,,,,,,,,,,,,,,,,,,,,-999,-999,-999,1,1,203,,0.0,1,1,1,1,1,1,7,7,,,,,,,,,,,,,,,,,,,,,,,,,,,,,,,,,,,,,,,,,,,,,,,,,,1,,,,,,,,,,,,,,,,,,,,,,,,,,,,,,,,,,,,,,,,,,,,,,,,,,-999,1,1,203,,0.0,6,9,9,8,7,8,4,11,8,1,1,1,1,1,1,6,1,1,1,2,1,1,4,1,1,1,1,1,0,1,1,1,1,1,1,1,0,1,1,1,1,1,1,4,1,4,1,5,5,5,0,0,0,0,0,0,0,0,0,0,0,0,,1,2,-999,-999,-999,-999,-999,-999,1,1,203,,0.0,1,261991,fph_261991,Ich finde Karl Marx hat gefehlt,2025-11-25T15:44:40.826Z,-999,,-999,,2,3,2,1,1,2,7,14,10,2,11,8,5,12,13,1,6,9,4,3,2,1,1,1,1
204,xfw4l413,70l,0,23,23,app_end,End,2025-11-25 15:35:37.126265,1,,,0.0,1,e5y22b4i,,,,,0,1.0,0.0,SS_WS2526,204,,0.0,3,1,2,2025-11-25T15:35:42.799Z,0,1,1,1,204,,0.0,,,,,,,,,,,2,4,3,4,3,-999,-999,1,1,204,,0.0,f1r,s44,x,x,x,x,x,x,x,x,x,x,x,x,x,x,x,x,x,x,x,x,x,x,x,x,x,x,x,x,x,x,x,x,x,x,x,x,x,x,x,x,x,x,x,x,x,x,x,x,0,0,0,1,0,0,0,1,0,1,0,0,0,0,0,0,0,0,0,0,0,0,0,0,0,0,0,0,0,0,0,0,0,0,0,0,0,0,0,0,0,0,0,0,0,0,0,0,0,0,0,0,0,0,0,0,0,0,0,0,0,0,0,0,0,0,0,0,0,0,0,0,0,0,0,0,0,0,0,0,0,0,0,0,0,0,0,0,0,0,0,0,0,0,0,0,0,0,0,0,0,0,0,0,0,0,0,0,0,0,0,0,0,0,0,0,0,0,0,0,0,0,0,0,0,0,0,0,0,0,0,0,0,0,0,0,0,0,0,0,0,0,0,0,0,0,0,0,0,0,0,0,0,0,0,0,0,0,0,0,0,0,0,0,0,0,0,0,0,0,0,0,0,0,0,0,0,0,0,0,0,0,0,0,0,0,0,0,0,0,0,0,0,0,0,0,0,0,0,0,0,0,0,0,0,0,0,0,0,0,0,0,0,0,0,0,0,0,0,0,0,0,0,0,0,0,0,0,0,0,0,0,0,0,0,0,0,0,0,0,0,0,0,0,0,0,0,0,0,0,1,1,,,,,,,,,,,,,,,,,,,,,,,,,,,,,,,,,,,,,,,,,,,,,,,,,3,0,6,,,,,,,,,,,,,,,,,,,,,,,,,,,,,,,,,,,,,,,,,,,,,,,,,-999,-999,-999,1,1,204,,0.0,,,,2,2.7,5,3,4,5,3,3,4,3,7,5,6,5,,,5,7,,,,,,,,,,,,,,,,,,,,,,,,,,,,,,,,,,,,,,,,,,,,,,,,,-999,-999,-999,1,1,204,,0.0,1,3,2,2,1,2,6,0,0,,,,,,,,,,,,,,,,,,,,,,,,,,,,,,,,,,,,,,,,,,,,,,,,,3,3,,,,,,,,,,,,,,,,,,,,,,,,,,,,,,,,,,,,,,,,,,,,,,,,,-999,1,1,204,,0.0,7,8,10,5,4,7,2,11,9,3,2,8,9,2,1,9,1,7,7,8,6,1,8,3,2,3,8,1,8,2,1,1,1,9,3,7,11,11,6,7,5,1,0,4,4,4,3,4,3,3,0,0,0,1,0,1,1,1,0,1,1,0,,2,1,-999,-999,-999,-999,-999,-999,1,1,204,,0.0,2,846549,70l_846549,,2025-11-25T15:48:42.771Z,-999,,-999,-999,2,1,1,2,2,3,7,5,4,9,2,1,12,8,10,3,13,11,6,14,2,1,2,1,1
205,uevrmj3z,uqn,0,22,23,app_end,FirstEndPage,2025-11-25 15:35:46.890465,1,,,0.0,1,e5y22b4i,,,,,0,1.0,0.0,SS_WS2526,205,,0.0,2,5,3,2025-11-25T15:35:52.080Z,0,3,1,1,205,,0.0,,,,,,,,,,,5,3,4,3,5,-999,-999,1,1,205,,0.0,9jr,r3x,8lm,3dg,joy,qlq,x,x,x,x,x,x,x,x,x,x,x,x,x,x,x,x,x,x,x,x,x,x,x,x,x,x,x,x,x,x,x,x,x,x,x,x,x,x,x,x,x,x,x,x,1,0,1,1,0,0,0,1,0,0,1,0,0,0,0,1,0,1,1,1,1,0,1,0,0,0,0,1,0,0,0,0,0,0,0,0,0,0,0,0,0,0,0,0,0,0,0,0,0,0,0,0,0,0,0,0,0,0,0,0,0,0,0,0,0,0,0,0,0,0,0,0,0,0,0,0,0,0,0,0,0,0,0,0,0,0,0,0,0,0,0,0,0,0,0,0,0,0,0,0,0,0,0,0,0,0,0,0,0,0,0,0,0,0,0,0,0,0,0,0,0,0,0,0,0,0,0,0,0,0,0,0,0,0,0,0,0,0,0,0,0,0,0,0,0,0,0,0,0,0,0,0,0,0,0,0,0,0,0,0,0,0,0,0,0,0,0,0,0,0,0,0,0,0,0,0,0,0,0,0,0,0,0,0,0,0,0,0,0,0,0,0,0,0,0,0,0,0,0,0,0,0,0,0,0,0,0,0,0,0,0,0,0,0,0,0,0,0,0,0,0,0,0,0,0,0,0,0,0,0,0,0,0,0,0,0,0,0,0,0,0,0,0,0,0,0,0,0,0,0,1,2,1,1,3,4,,,,,,,,,,,,,,,,,,,,,,,,,,,,,,,,,,,,,,,,,,,,,6,4,3,4,5,2,2,,,,,,,,,,,,,,,,,,,,,,,,,,,,,,,,,,,,,,,,,,,,,-999,-999,-999,1,1,205,,0.0,,,,1,3.7,3,5,6,4,6,5,3,3,3,3,6,6,,,7,7,8,7,8,6,,,,,,,,,,,,,,,,,,,,,,,,,,,,,,,,,,,,,,,,,,,,,-999,-999,-999,1,1,205,,0.0,4,4,4,4,4,5,5,4,4,4,4,4,4,,,,,,,,,,,,,,,,,,,,,,,,,,,,,,,,,,,,,,,,,,,,,2,2,3,,1,2,,,,,,,,,,,,,,,,,,,,,,,,,,,,,,,,,,,,,,,,,,,,,-999,1,1,205,,0.0,5,8,8,6,2,5,1,10,5,8,8,6,7,9,6,4,6,0,0,5,0,6,0,0,0,0,0,0,0,5,1,4,0,0,8,0,8,0,0,0,0,0,0,4,2,3,3,4,4,3,0,0,1,1,0,1,1,1,1,0,0,0,,2,1,-999,-999,-999,-999,-999,-999,1,1,205,,0.0,1,107623,uqn_107623,,-999,-999,,-999,,2,1,1,3,1,3,2,3,4,5,9,10,12,1,7,6,14,11,8,13,1,2,2,1,1
206,e62zkddp,f1r,0,23,23,app_end,End,2025-11-25 15:35:46.624594,1,,,0.0,1,e5y22b4i,,,,,0,1.0,0.0,SS_WS2526,206,,0.0,2,4,2,2025-11-25T15:35:51.251Z,0,3,1,1,206,,0.0,,,,,,,,,,,4,3,4,3,0,-999,-999,1,1,206,,0.0,70l,s44,x,x,x,x,x,x,x,x,x,x,x,x,x,x,x,x,x,x,x,x,x,x,x,x,x,x,x,x,x,x,x,x,x,x,x,x,x,x,x,x,x,x,x,x,x,x,x,x,1,0,0,0,0,0,0,0,0,1,0,0,0,0,0,0,0,0,0,0,0,0,0,0,0,0,0,0,0,0,0,0,0,0,0,0,0,0,0,0,0,0,0,0,0,0,0,0,0,0,0,0,0,0,0,0,0,0,0,0,0,0,0,0,0,0,0,0,0,0,0,0,0,0,0,0,0,0,0,0,0,0,0,0,0,0,0,0,0,0,0,0,0,0,0,0,0,0,0,0,0,0,0,0,0,0,0,0,0,0,0,0,0,0,0,0,0,0,0,0,0,0,0,0,0,0,0,0,0,0,0,0,0,0,0,0,0,0,0,0,0,0,0,0,0,0,0,0,0,0,0,0,0,0,0,0,0,0,0,0,0,0,0,0,0,0,0,0,0,0,0,0,0,0,0,0,0,0,0,0,0,0,0,0,0,0,0,0,0,0,0,0,0,0,0,0,0,0,0,0,0,0,0,0,0,0,0,0,0,0,0,0,0,0,0,0,0,0,0,0,0,0,0,0,0,0,0,0,0,0,0,0,0,0,0,0,0,0,0,0,0,0,0,0,0,0,0,0,0,0,1,1,,,,,,,,,,,,,,,,,,,,,,,,,,,,,,,,,,,,,,,,,,,,,,,,,3,9,3,,,,,,,,,,,,,,,,,,,,,,,,,,,,,,,,,,,,,,,,,,,,,,,,,-999,-999,-999,1,1,206,,0.0,,,,5,2.3,12,5,3,4,6,5,3,5,5,5,6,6,,,6,8,,,,,,,,,,,,,,,,,,,,,,,,,,,,,,,,,,,,,,,,,,,,,,,,,-999,-999,-999,1,1,206,,0.0,3,5,5,3,4,4,6,1,5,,,,,,,,,,,,,,,,,,,,,,,,,,,,,,,,,,,,,,,,,,,,,,,,,5,2,,,,,,,,,,,,,,,,,,,,,,,,,,,,,,,,,,,,,,,,,,,,,,,,,-999,1,1,206,,0.0,6,8,7,6,4,6,2,10,7,3,2,4,9,2,1,10,4,8,7,9,7,1,8,3,3,2,7,1,1,9,1,1,1,8,1,4,10,11,3,2,4,2,5,4,3,4,3,4,3,4,0,1,0,0,0,1,0,1,0,0,1,1,,1,1,-999,-999,-999,-999,-999,-999,1,1,206,,0.0,2,714375,f1r_714375,,2025-11-25T15:47:29.883Z,-999,,-999,-999,3,1,1,3,3,2,8,3,14,9,7,6,2,12,11,10,4,1,13,5,1,1,1,1,1
207,1zfrao9t,dzv,0,23,23,app_end,End,2025-11-25 15:35:53.901975,1,,,0.0,1,e5y22b4i,,,,,0,1.0,0.0,SS_WS2526,207,,0.0,3,2,3,2025-11-25T15:35:58.128Z,0,2,1,1,207,,0.0,,,,,,,,,,,2,3,4,3,,-999,-999,1,1,207,,0.0,osf,x,x,x,x,x,x,x,x,x,x,x,x,x,x,x,x,x,x,x,x,x,x,x,x,x,x,x,x,x,x,x,x,x,x,x,x,x,x,x,x,x,x,x,x,x,x,x,x,x,0,0,1,0,0,0,0,0,0,0,0,0,0,0,0,0,0,0,0,0,0,0,0,0,0,0,0,0,0,0,0,0,0,0,0,0,0,0,0,0,0,0,0,0,0,0,0,0,0,0,0,0,0,0,0,0,0,0,0,0,0,0,0,0,0,0,0,0,0,0,0,0,0,0,0,0,0,0,0,0,0,0,0,0,0,0,0,0,0,0,0,0,0,0,0,0,0,0,0,0,0,0,0,0,0,0,0,0,0,0,0,0,0,0,0,0,0,0,0,0,0,0,0,0,0,0,0,0,0,0,0,0,0,0,0,0,0,0,0,0,0,0,0,0,0,0,0,0,0,0,0,0,0,0,0,0,0,0,0,0,0,0,0,0,0,0,0,0,0,0,0,0,0,0,0,0,0,0,0,0,0,0,0,0,0,0,0,0,0,0,0,0,0,0,0,0,0,0,0,0,0,0,0,0,0,0,0,0,0,0,0,0,0,0,0,0,0,0,0,0,0,0,0,0,0,0,0,0,0,0,0,0,0,0,0,0,0,0,0,0,0,0,0,0,0,0,0,0,0,0,1,,,,,,,,,,,,,,,,,,,,,,,,,,,,,,,,,,,,,,,,,,,,,,,,,,5,5,,,,,,,,,,,,,,,,,,,,,,,,,,,,,,,,,,,,,,,,,,,,,,,,,,-999,-999,-999,1,1,207,,0.0,,,,1,3.3,8,7,4,6,6,4,3,7,7,6,4,5,,,6,,,,,,,,,,,,,,,,,,,,,,,,,,,,,,,,,,,,,,,,,,,,,,,,,,-999,-999,-999,1,1,207,,0.0,2,3,4,3,4,5,6,5,,,,,,,,,,,,,,,,,,,,,,,,,,,,,,,,,,,,,,,,,,,,,,,,,,2,,,,,,,,,,,,,,,,,,,,,,,,,,,,,,,,,,,,,,,,,,,,,,,,,,-999,1,1,207,,0.0,1,5,5,5,5,5,1,11,7,10,10,9,9,9,1,5,7,6,6,5,6,1,6,7,10,6,6,6,6,9,3,2,6,9,8,6,4,10,6,6,6,6,6,4,3,3,3,4,4,4,1,0,0,1,0,0,1,1,1,0,0,0,,2,1,-999,-999,-999,-999,-999,-999,1,1,207,,0.0,0,316677,dzv_316677,,2025-11-25T15:43:51.547Z,-999,,-999,-999,3,1,1,2,1,2,10,4,6,2,14,3,12,8,1,13,11,5,7,9,1,1,2,1,1
208,wgh4j3jm,e42,0,23,23,app_end,End,2025-11-25 15:35:58.689976,1,,,0.0,1,e5y22b4i,,,,,0,1.0,0.0,SS_WS2526,208,,0.0,2,5,3,2025-11-25T15:36:01.282Z,0,3,1,1,208,,0.0,,,,,,,,,,,5,4,5,5,3,-999,-999,1,1,208,,0.0,vhs,0fo,wom,yyj,wv9,cav,n4r,zfv,x,x,x,x,x,x,x,x,x,x,x,x,x,x,x,x,x,x,x,x,x,x,x,x,x,x,x,x,x,x,x,x,x,x,x,x,x,x,x,x,x,x,1,0,0,0,0,1,0,0,0,0,0,0,1,0,0,0,0,1,0,0,0,0,1,0,0,1,0,0,0,0,1,0,0,1,1,0,0,0,1,1,0,0,0,0,0,0,0,0,0,0,0,0,0,0,0,0,0,0,0,0,0,0,0,0,0,0,0,0,0,0,0,0,0,0,0,0,0,0,0,0,0,0,0,0,0,0,0,0,0,0,0,0,0,0,0,0,0,0,0,0,0,0,0,0,0,0,0,0,0,0,0,0,0,0,0,0,0,0,0,0,0,0,0,0,0,0,0,0,0,0,0,0,0,0,0,0,0,0,0,0,0,0,0,0,0,0,0,0,0,0,0,0,0,0,0,0,0,0,0,0,0,0,0,0,0,0,0,0,0,0,0,0,0,0,0,0,0,0,0,0,0,0,0,0,0,0,0,0,0,0,0,0,0,0,0,0,0,0,0,0,0,0,0,0,0,0,0,0,0,0,0,0,0,0,0,0,0,0,0,0,0,0,0,0,0,0,0,0,0,0,0,0,0,0,0,0,0,0,0,0,0,0,0,0,0,0,0,0,0,0,1,2,2,2,2,2,3,3,,,,,,,,,,,,,,,,,,,,,,,,,,,,,,,,,,,,,,,,,,,7,5,6,8,6,5,5,7,6,,,,,,,,,,,,,,,,,,,,,,,,,,,,,,,,,,,,,,,,,,,-999,-999,-999,1,1,208,,0.0,,,,1,2.0,6,7,5,7,6,7,7,6,7,7,7,5,,,3,8,4,6,7,4,4,2,,,,,,,,,,,,,,,,,,,,,,,,,,,,,,,,,,,,,,,,,,,-999,-999,-999,1,1,208,,0.0,2,5,2,2,2,2,6,,,,,,,,,,,,,,,,,,,,,,,,,,,,,,,,,,,,,,,,,,,,,,,,,,,1,1,3,1,1,1,1,1,,,,,,,,,,,,,,,,,,,,,,,,,,,,,,,,,,,,,,,,,,,-999,1,1,208,,0.0,1,7,8,5,4,5,1,10,8,9,8,9,10,8,1,9,7,0,0,0,0,0,0,9,0,0,0,0,0,0,0,0,0,0,6,0,11,0,0,0,0,0,0,4,5,2,3,4,4,4,0,0,1,1,0,1,1,1,0,0,0,0,,1,1,-999,-999,-999,-999,-999,-999,1,1,208,,0.0,1,592385,e42_592385,Habe große Angst vor der Klausur und lerne jetzt schon viel deshalb  ,2025-11-25T15:50:00.407Z,-999,,-999,,3,2,2,1,3,2,6,7,10,1,14,12,8,13,2,5,9,3,11,4,1,1,2,1,1
209,5t2m7eyl,5sz,0,23,23,app_end,End,2025-11-25 15:36:02.770348,1,,,0.0,1,e5y22b4i,,,,,0,1.0,0.0,SS_WS2526,209,,0.0,3,2,3,2025-11-25T15:36:07.228Z,0,1,1,1,209,,0.0,,,,,,,,,,,4,3,3,3,0,-999,-999,1,1,209,,0.0,1zx,bty,4w0,klf,685,x,x,x,x,x,x,x,x,x,x,x,x,x,x,x,x,x,x,x,x,x,x,x,x,x,x,x,x,x,x,x,x,x,x,x,x,x,x,x,x,x,x,x,x,x,1,0,0,0,0,1,0,0,0,0,1,0,0,0,0,1,0,0,0,0,1,0,0,0,0,0,0,0,0,0,0,0,0,0,0,0,0,0,0,0,0,0,0,0,0,0,0,0,0,0,0,0,0,0,0,0,0,0,0,0,0,0,0,0,0,0,0,0,0,0,0,0,0,0,0,0,0,0,0,0,0,0,0,0,0,0,0,0,0,0,0,0,0,0,0,0,0,0,0,0,0,0,0,0,0,0,0,0,0,0,0,0,0,0,0,0,0,0,0,0,0,0,0,0,0,0,0,0,0,0,0,0,0,0,0,0,0,0,0,0,0,0,0,0,0,0,0,0,0,0,0,0,0,0,0,0,0,0,0,0,0,0,0,0,0,0,0,0,0,0,0,0,0,0,0,0,0,0,0,0,0,0,0,0,0,0,0,0,0,0,0,0,0,0,0,0,0,0,0,0,0,0,0,0,0,0,0,0,0,0,0,0,0,0,0,0,0,0,0,0,0,0,0,0,0,0,0,0,0,0,0,0,0,0,0,0,0,0,0,0,0,0,0,0,0,0,0,0,0,0,1,1,1,1,1,,,,,,,,,,,,,,,,,,,,,,,,,,,,,,,,,,,,,,,,,,,,,,5,6,6,5,5,4,,,,,,,,,,,,,,,,,,,,,,,,,,,,,,,,,,,,,,,,,,,,,,-999,-999,-999,1,1,209,,0.0,,,,2,2.7,4,6,5,5,6,6,6,7,4,5,4,7,,,6,7,5,7,8,,,,,,,,,,,,,,,,,,,,,,,,,,,,,,,,,,,,,,,,,,,,,,-999,-999,-999,1,1,209,,0.0,3,4,3,3,3,5,5,5,5,6,5,6,,,,,,,,,,,,,,,,,,,,,,,,,,,,,,,,,,,,,,,,,,,,,,3,3,4,3,3,,,,,,,,,,,,,,,,,,,,,,,,,,,,,,,,,,,,,,,,,,,,,,-999,1,1,209,,0.0,7,8,8,4,4,7,1,11,0,7,6,10,10,8,1,3,1,10,6,11,7,1,5,8,3,6,10,1,5,8,2,2,1,8,6,10,8,9,7,6,6,7,5,4,3,4,4,4,4,4,0,1,0,1,0,1,0,1,0,0,0,0,,1,2,-999,-999,-999,-999,-999,-999,1,1,209,,0.0,0,991726,5sz_991726,,2025-11-25T15:51:56.926Z,-999,,-999,-999,2,3,1,2,3,2,4,2,14,5,12,8,1,9,7,10,11,6,13,3,2,2,2,1,1
210,j1z3jzht,wu1,0,23,23,app_end,End,2025-11-25 15:36:07.408476,1,,,0.0,1,e5y22b4i,,,,,0,1.0,0.0,SS_WS2526,210,,0.0,3,1,3,2025-11-25T15:36:09.621Z,0,1,1,1,210,,0.0,,,,,,,,,,,4,2,4,2,15,-999,-999,1,1,210,,0.0,1n8,x,x,x,x,x,x,x,x,x,x,x,x,x,x,x,x,x,x,x,x,x,x,x,x,x,x,x,x,x,x,x,x,x,x,x,x,x,x,x,x,x,x,x,x,x,x,x,x,x,1,0,0,0,0,0,0,0,0,0,0,0,0,0,0,0,0,0,0,0,0,0,0,0,0,0,0,0,0,0,0,0,0,0,0,0,0,0,0,0,0,0,0,0,0,0,0,0,0,0,0,0,0,0,0,0,0,0,0,0,0,0,0,0,0,0,0,0,0,0,0,0,0,0,0,0,0,0,0,0,0,0,0,0,0,0,0,0,0,0,0,0,0,0,0,0,0,0,0,0,0,0,0,0,0,0,0,0,0,0,0,0,0,0,0,0,0,0,0,0,0,0,0,0,0,0,0,0,0,0,0,0,0,0,0,0,0,0,0,0,0,0,0,0,0,0,0,0,0,0,0,0,0,0,0,0,0,0,0,0,0,0,0,0,0,0,0,0,0,0,0,0,0,0,0,0,0,0,0,0,0,0,0,0,0,0,0,0,0,0,0,0,0,0,0,0,0,0,0,0,0,0,0,0,0,0,0,0,0,0,0,0,0,0,0,0,0,0,0,0,0,0,0,0,0,0,0,0,0,0,0,0,0,0,0,0,0,0,0,0,0,0,0,0,0,0,0,0,0,0,1,,,,,,,,,,,,,,,,,,,,,,,,,,,,,,,,,,,,,,,,,,,,,,,,,,3,4,,,,,,,,,,,,,,,,,,,,,,,,,,,,,,,,,,,,,,,,,,,,,,,,,,-999,-999,-999,1,1,210,,0.0,,,,6,3.7,,5,5,2,1,2,2,1,7,7,3,5,,,7,,,,,,,,,,,,,,,,,,,,,,,,,,,,,,,,,,,,,,,,,,,,,,,,,,-999,-999,-999,1,1,210,,0.0,2,3,3,2,4,2,4,5,,,,,,,,,,,,,,,,,,,,,,,,,,,,,,,,,,,,,,,,,,,,,,,,,,2,,,,,,,,,,,,,,,,,,,,,,,,,,,,,,,,,,,,,,,,,,,,,,,,,,-999,1,1,210,,0.0,3,9,10,4,3,8,1,11,0,3,2,10,9,4,1,5,2,8,9,8,8,2,0,5,2,3,5,1,0,6,1,1,1,7,7,0,8,10,0,0,0,1,0,4,2,4,2,2,4,2,0,0,0,1,0,1,1,1,1,1,0,0,,1,1,-999,-999,-999,-999,-999,-999,1,1,210,,0.0,0,391672,wu1_391672,,2025-11-25T15:52:41.924Z,-999,,-999,-999,2,1,1,3,1,3,6,2,8,14,11,3,7,5,12,10,13,4,9,1,2,1,1,1,1
211,ufvop1yi,zfv,0,22,23,app_end,FirstEndPage,2025-11-25 15:36:09.265213,1,,,0.0,1,e5y22b4i,,,,,0,1.0,0.0,SS_WS2526,211,,0.0,3,2,3,2025-11-25T15:36:10.936Z,0,2,1,1,211,,0.0,,,,,,,,,,,5,3,5,4,0,-999,-999,1,1,211,,0.0,n4r,e42,x,x,x,x,x,x,x,x,x,x,x,x,x,x,x,x,x,x,x,x,x,x,x,x,x,x,x,x,x,x,x,x,x,x,x,x,x,x,x,x,x,x,x,x,x,x,x,x,1,0,0,0,1,1,0,0,0,1,0,0,0,0,0,0,0,0,0,0,0,0,0,0,0,0,0,0,0,0,0,0,0,0,0,0,0,0,0,0,0,0,0,0,0,0,0,0,0,0,0,0,0,0,0,0,0,0,0,0,0,0,0,0,0,0,0,0,0,0,0,0,0,0,0,0,0,0,0,0,0,0,0,0,0,0,0,0,0,0,0,0,0,0,0,0,0,0,0,0,0,0,0,0,0,0,0,0,0,0,0,0,0,0,0,0,0,0,0,0,0,0,0,0,0,0,0,0,0,0,0,0,0,0,0,0,0,0,0,0,0,0,0,0,0,0,0,0,0,0,0,0,0,0,0,0,0,0,0,0,0,0,0,0,0,0,0,0,0,0,0,0,0,0,0,0,0,0,0,0,0,0,0,0,0,0,0,0,0,0,0,0,0,0,0,0,0,0,0,0,0,0,0,0,0,0,0,0,0,0,0,0,0,0,0,0,0,0,0,0,0,0,0,0,0,0,0,0,0,0,0,0,0,0,0,0,0,0,0,0,0,0,0,0,0,0,0,0,0,0,1,1,,,,,,,,,,,,,,,,,,,,,,,,,,,,,,,,,,,,,,,,,,,,,,,,,6,4,4,,,,,,,,,,,,,,,,,,,,,,,,,,,,,,,,,,,,,,,,,,,,,,,,,-999,-999,-999,1,1,211,,0.0,,,,1,1.7,7,4,4,7,7,7,7,7,6,7,6,6,,,3,3,,,,,,,,,,,,,,,,,,,,,,,,,,,,,,,,,,,,,,,,,,,,,,,,,-999,-999,-999,1,1,211,,0.0,3,5,5,4,5,6,6,6,6,,,,,,,,,,,,,,,,,,,,,,,,,,,,,,,,,,,,,,,,,,,,,,,,,2,2,,,,,,,,,,,,,,,,,,,,,,,,,,,,,,,,,,,,,,,,,,,,,,,,,-999,1,1,211,,0.0,0,6,6,6,2,5,3,10,5,10,0,6,2,0,2,0,0,0,0,0,0,0,0,0,0,0,0,0,0,9,1,1,0,0,0,0,0,0,0,0,0,0,0,4,4,4,4,4,5,5,0,0,0,1,0,1,1,1,0,0,0,0,,2,2,-999,-999,-999,-999,-999,-999,1,1,211,,0.0,0,299938,zfv_299938,,-999,-999,,-999,-999,3,2,1,2,2,1,14,9,3,4,13,1,6,11,8,7,5,12,10,2,2,2,2,1,1
212,vd3lfucq,s44,0,23,23,app_end,End,2025-11-25 15:36:29.902856,1,,,0.0,1,e5y22b4i,,,,,0,1.0,0.0,SS_WS2526,212,,0.0,3,1,5,2025-11-25T15:36:39.466Z,0,1,1,1,212,,0.0,,,,,,,,,,,3,3,3,2,10,-999,-999,1,1,212,,0.0,f1r,70l,x,x,x,x,x,x,x,x,x,x,x,x,x,x,x,x,x,x,x,x,x,x,x,x,x,x,x,x,x,x,x,x,x,x,x,x,x,x,x,x,x,x,x,x,x,x,x,x,1,0,0,0,0,1,0,0,0,0,0,0,0,0,0,0,0,0,0,0,0,0,0,0,0,0,0,0,0,0,0,0,0,0,0,0,0,0,0,0,0,0,0,0,0,0,0,0,0,0,0,0,0,0,0,0,0,0,0,0,0,0,0,0,0,0,0,0,0,0,0,0,0,0,0,0,0,0,0,0,0,0,0,0,0,0,0,0,0,0,0,0,0,0,0,0,0,0,0,0,0,0,0,0,0,0,0,0,0,0,0,0,0,0,0,0,0,0,0,0,0,0,0,0,0,0,0,0,0,0,0,0,0,0,0,0,0,0,0,0,0,0,0,0,0,0,0,0,0,0,0,0,0,0,0,0,0,0,0,0,0,0,0,0,0,0,0,0,0,0,0,0,0,0,0,0,0,0,0,0,0,0,0,0,0,0,0,0,0,0,0,0,0,0,0,0,0,0,0,0,0,0,0,0,0,0,0,0,0,0,0,0,0,0,0,0,0,0,0,0,0,0,0,0,0,0,0,0,0,0,0,0,0,0,0,0,0,0,0,0,0,0,0,0,0,0,0,0,0,0,1,1,,,,,,,,,,,,,,,,,,,,,,,,,,,,,,,,,,,,,,,,,,,,,,,,,5,5,3,,,,,,,,,,,,,,,,,,,,,,,,,,,,,,,,,,,,,,,,,,,,,,,,,-999,-999,-999,1,1,212,,0.0,,,,2,3.7,4,3,4,6,5,3,4,6,6,6,5,5,,,4,7,,,,,,,,,,,,,,,,,,,,,,,,,,,,,,,,,,,,,,,,,,,,,,,,,-999,-999,-999,1,1,212,,0.0,3,4,4,4,4,4,6,6,6,,,,,,,,,,,,,,,,,,,,,,,,,,,,,,,,,,,,,,,,,,,,,,,,,2,2,,,,,,,,,,,,,,,,,,,,,,,,,,,,,,,,,,,,,,,,,,,,,,,,,-999,1,1,212,,0.0,3,7,8,5,4,6,1,11,9,3,3,6,5,4,1,4,1,9,6,7,6,1,4,4,3,4,5,1,3,4,1,1,3,7,2,4,5,7,4,2,3,2,3,4,2,4,2,4,4,4,0,0,1,1,1,1,1,1,0,0,0,0,,2,1,-999,-999,-999,-999,-999,-999,1,1,212,,0.0,1,983477,s44_983477,,2025-11-25T15:48:09.105Z,-999,,-999,,3,2,3,2,3,1,9,1,11,2,13,7,6,3,12,14,5,10,4,8,2,1,1,1,1
213,hey6olre,bf1,0,23,23,app_end,End,2025-11-25 15:36:40.814417,1,,,0.0,1,e5y22b4i,,,,,0,1.0,0.0,SS_WS2526,213,,0.0,3,1,2,2025-11-25T15:36:48.382Z,0,1,1,1,213,,0.0,,,,,,,,,,,4,3,4,3,0,-999,-999,1,1,213,,0.0,x,x,x,x,x,x,x,x,x,x,x,x,x,x,x,x,x,x,x,x,x,x,x,x,x,x,x,x,x,x,x,x,x,x,x,x,x,x,x,x,x,x,x,x,x,x,x,x,x,x,0,0,0,0,0,0,0,0,0,0,0,0,0,0,0,0,0,0,0,0,0,0,0,0,0,0,0,0,0,0,0,0,0,0,0,0,0,0,0,0,0,0,0,0,0,0,0,0,0,0,0,0,0,0,0,0,0,0,0,0,0,0,0,0,0,0,0,0,0,0,0,0,0,0,0,0,0,0,0,0,0,0,0,0,0,0,0,0,0,0,0,0,0,0,0,0,0,0,0,0,0,0,0,0,0,0,0,0,0,0,0,0,0,0,0,0,0,0,0,0,0,0,0,0,0,0,0,0,0,0,0,0,0,0,0,0,0,0,0,0,0,0,0,0,0,0,0,0,0,0,0,0,0,0,0,0,0,0,0,0,0,0,0,0,0,0,0,0,0,0,0,0,0,0,0,0,0,0,0,0,0,0,0,0,0,0,0,0,0,0,0,0,0,0,0,0,0,0,0,0,0,0,0,0,0,0,0,0,0,0,0,0,0,0,0,0,0,0,0,0,0,0,0,0,0,0,0,0,0,0,0,0,0,0,0,0,0,0,0,0,0,0,0,0,0,0,0,0,0,0,,,,,,,,,,,,,,,,,,,,,,,,,,,,,,,,,,,,,,,,,,,,,,,,,,,3,,,,,,,,,,,,,,,,,,,,,,,,,,,,,,,,,,,,,,,,,,,,,,,,,,,-999,-999,-999,1,1,213,,0.0,,,,6,1.7,2,5,5,6,5,4,6,6,3,5,2,4,,,,,,,,,,,,,,,,,,,,,,,,,,,,,,,,,,,,,,,,,,,,,,,,,,,,,-999,-999,-999,1,1,213,,0.0,1,1,1,1,1,1,6,,,,,,,,,,,,,,,,,,,,,,,,,,,,,,,,,,,,,,,,,,,,,,,,,,,,,,,,,,,,,,,,,,,,,,,,,,,,,,,,,,,,,,,,,,,,,,,,,,,,,-999,1,1,213,,0.0,6,8,9,6,5,0,3,10,7,3,2,7,7,2,1,9,4,5,6,8,0,1,0,2,1,2,5,1,10,2,1,1,1,7,1,5,8,5,0,0,0,0,0,4,2,5,2,4,4,4,0,0,0,0,0,1,0,1,0,0,1,0,,1,1,-999,-999,-999,-999,-999,-999,1,1,213,,0.0,2,884490,bf1_884490,,2025-11-25T15:46:06.709Z,-999,,-999,-999,1,3,3,2,2,1,3,10,8,4,12,9,14,11,5,6,13,7,1,2,1,1,1,1,1
214,ugguip9b,pgw,0,23,23,app_end,End,2025-11-25 15:36:54.485858,1,,,0.0,1,e5y22b4i,,,,,0,1.0,0.0,SS_WS2526,214,,0.0,3,2,3,2025-11-25T15:36:54.891Z,0,1,1,1,214,,0.0,,,,,,,,,,,5,3,4,2,,-999,-999,1,1,214,,0.0,1k3,qoh,mjb,2hp,8bz,g8f,zrm,x,x,x,x,x,x,x,x,x,x,x,x,x,x,x,x,x,x,x,x,x,x,x,x,x,x,x,x,x,x,x,x,x,x,x,x,x,x,x,x,x,x,x,1,0,0,0,0,1,0,0,0,0,1,0,0,0,0,1,0,0,0,0,1,0,0,0,0,1,0,0,0,0,1,0,0,0,0,0,0,0,0,0,0,0,0,0,0,0,0,0,0,0,0,0,0,0,0,0,0,0,0,0,0,0,0,0,0,0,0,0,0,0,0,0,0,0,0,0,0,0,0,0,0,0,0,0,0,0,0,0,0,0,0,0,0,0,0,0,0,0,0,0,0,0,0,0,0,0,0,0,0,0,0,0,0,0,0,0,0,0,0,0,0,0,0,0,0,0,0,0,0,0,0,0,0,0,0,0,0,0,0,0,0,0,0,0,0,0,0,0,0,0,0,0,0,0,0,0,0,0,0,0,0,0,0,0,0,0,0,0,0,0,0,0,0,0,0,0,0,0,0,0,0,0,0,0,0,0,0,0,0,0,0,0,0,0,0,0,0,0,0,0,0,0,0,0,0,0,0,0,0,0,0,0,0,0,0,0,0,0,0,0,0,0,0,0,0,0,0,0,0,0,0,0,0,0,0,0,0,0,0,0,0,0,0,0,0,0,0,0,0,0,1,1,1,,1,1,1,,,,,,,,,,,,,,,,,,,,,,,,,,,,,,,,,,,,,,,,,,,,3,4,4,4,3,3,4,4,,,,,,,,,,,,,,,,,,,,,,,,,,,,,,,,,,,,,,,,,,,,-999,-999,-999,1,1,214,,0.0,,,,6,2.7,,6,4,6,6,6,3,7,5,7,6,6,,,3,4,4,6,3,4,6,,,,,,,,,,,,,,,,,,,,,,,,,,,,,,,,,,,,,,,,,,,,-999,-999,-999,1,1,214,,0.0,2,2,3,3,1,2,6,6,6,6,6,6,6,6,,,,,,,,,,,,,,,,,,,,,,,,,,,,,,,,,,,,,,,,,,,,2,2,2,2,2,2,2,,,,,,,,,,,,,,,,,,,,,,,,,,,,,,,,,,,,,,,,,,,,-999,1,1,214,,0.0,7,7,6,4,3,7,2,11,6,3,3,9,10,3,1,10,5,8,6,10,6,1,6,7,6,6,6,6,6,3,2,1,1,4,6,6,10,6,6,6,6,6,6,4,2,4,3,4,4,3,0,0,0,1,1,1,1,1,1,0,1,0,,1,1,-999,-999,-999,-999,-999,-999,1,1,214,,0.0,1,173149,pgw_173149,,2025-11-25T15:50:27.224Z,-999,,-999,,2,1,3,2,3,1,14,4,2,5,6,11,10,3,9,12,7,13,1,8,2,1,1,1,1
215,mpnfs0ed,snv,0,23,23,app_end,End,2025-11-25 15:38:17.933801,1,,,0.0,1,e5y22b4i,,,,,0,1.0,0.0,SS_WS2526,215,,0.0,2,4,3,2025-11-25T15:38:18.628Z,1,3,1,1,215,,0.0,,,,,,,,,,,4,4,3,3,0,-999,-999,1,1,215,,0.0,x,x,x,x,x,x,x,x,x,x,x,x,x,x,x,x,x,x,x,x,x,x,x,x,x,x,x,x,x,x,x,x,x,x,x,x,x,x,x,x,x,x,x,x,x,x,x,x,x,x,0,0,0,0,0,0,0,0,0,0,0,0,0,0,0,0,0,0,0,0,0,0,0,0,0,0,0,0,0,0,0,0,0,0,0,0,0,0,0,0,0,0,0,0,0,0,0,0,0,0,0,0,0,0,0,0,0,0,0,0,0,0,0,0,0,0,0,0,0,0,0,0,0,0,0,0,0,0,0,0,0,0,0,0,0,0,0,0,0,0,0,0,0,0,0,0,0,0,0,0,0,0,0,0,0,0,0,0,0,0,0,0,0,0,0,0,0,0,0,0,0,0,0,0,0,0,0,0,0,0,0,0,0,0,0,0,0,0,0,0,0,0,0,0,0,0,0,0,0,0,0,0,0,0,0,0,0,0,0,0,0,0,0,0,0,0,0,0,0,0,0,0,0,0,0,0,0,0,0,0,0,0,0,0,0,0,0,0,0,0,0,0,0,0,0,0,0,0,0,0,0,0,0,0,0,0,0,0,0,0,0,0,0,0,0,0,0,0,0,0,0,0,0,0,0,0,0,0,0,0,0,0,0,0,0,0,0,0,0,0,0,0,0,0,0,0,0,0,0,0,,,,,,,,,,,,,,,,,,,,,,,,,,,,,,,,,,,,,,,,,,,,,,,,,,,1,,,,,,,,,,,,,,,,,,,,,,,,,,,,,,,,,,,,,,,,,,,,,,,,,,,-999,-999,-999,1,1,215,,0.0,,,,0,,5,6,4,5,1,3,1,6,5,5,2,2,,,,,,,,,,,,,,,,,,,,,,,,,,,,,,,,,,,,,,,,,,,,,,,,,,,,,-999,-999,-999,1,1,215,,0.0,1,1,1,1,2,1,7,,,,,,,,,,,,,,,,,,,,,,,,,,,,,,,,,,,,,,,,,,,,,,,,,,,,,,,,,,,,,,,,,,,,,,,,,,,,,,,,,,,,,,,,,,,,,,,,,,,,,-999,1,1,215,,0.0,6,8,9,5,3,8,1,11,10,2,1,6,9,3,1,11,1,5,0,11,0,1,0,4,3,0,6,1,10,5,1,1,1,9,1,0,11,6,0,0,0,0,0,5,3,5,2,4,4,4,0,0,0,1,0,1,1,1,1,0,0,0,,2,1,-999,-999,-999,-999,-999,-999,1,1,215,,0.0,2,170348,snv_170348,,2025-11-25T15:45:45.368Z,-999,,-999,-999,1,2,1,3,1,2,8,6,14,2,4,3,13,9,1,11,10,7,5,12,2,1,1,1,1
216,q9l1m3y4,om3,0,23,23,app_end,End,2025-11-25 15:38:41.260172,1,,,0.0,1,e5y22b4i,,,,,0,1.0,0.0,SS_WS2526,216,,0.0,3,2,3,2025-11-25T15:38:42.399Z,0,2,1,1,216,,0.0,,,,,,,,,,,4,2,5,2,0,-999,-999,1,1,216,,0.0,yc4,hjk,k3y,99v,ats,x,x,x,x,x,x,x,x,x,x,x,x,x,x,x,x,x,x,x,x,x,x,x,x,x,x,x,x,x,x,x,x,x,x,x,x,x,x,x,x,x,x,x,x,x,1,0,1,0,1,1,1,1,0,1,1,0,1,0,1,1,0,1,0,1,1,0,1,0,1,0,0,0,0,0,0,0,0,0,0,0,0,0,0,0,0,0,0,0,0,0,0,0,0,0,0,0,0,0,0,0,0,0,0,0,0,0,0,0,0,0,0,0,0,0,0,0,0,0,0,0,0,0,0,0,0,0,0,0,0,0,0,0,0,0,0,0,0,0,0,0,0,0,0,0,0,0,0,0,0,0,0,0,0,0,0,0,0,0,0,0,0,0,0,0,0,0,0,0,0,0,0,0,0,0,0,0,0,0,0,0,0,0,0,0,0,0,0,0,0,0,0,0,0,0,0,0,0,0,0,0,0,0,0,0,0,0,0,0,0,0,0,0,0,0,0,0,0,0,0,0,0,0,0,0,0,0,0,0,0,0,0,0,0,0,0,0,0,0,0,0,0,0,0,0,0,0,0,0,0,0,0,0,0,0,0,0,0,0,0,0,0,0,0,0,0,0,0,0,0,0,0,0,0,0,0,0,0,0,0,0,0,0,0,0,0,0,0,0,0,0,0,0,0,0,1,1,1,1,2,,,,,,,,,,,,,,,,,,,,,,,,,,,,,,,,,,,,,,,,,,,,,,3,3,3,2,2,4,,,,,,,,,,,,,,,,,,,,,,,,,,,,,,,,,,,,,,,,,,,,,,-999,-999,-999,1,1,216,,0.0,,,,6,2.0,4,4,5,3,3,2,5,7,4,5,4,2,,,4,4,4,3,4,,,,,,,,,,,,,,,,,,,,,,,,,,,,,,,,,,,,,,,,,,,,,,-999,-999,-999,1,1,216,,0.0,1,1,1,1,2,1,7,7,7,7,7,7,,,,,,,,,,,,,,,,,,,,,,,,,,,,,,,,,,,,,,,,,,,,,,1,1,1,1,1,,,,,,,,,,,,,,,,,,,,,,,,,,,,,,,,,,,,,,,,,,,,,,-999,1,1,216,,0.0,6,10,8,5,5,8,1,11,10,1,1,10,9,1,1,10,1,8,0,8,0,1,0,0,2,0,6,0,0,2,1,1,3,5,1,0,0,7,0,0,0,0,0,4,1,2,4,1,1,1,0,0,0,1,0,0,0,0,0,0,0,0,,1,1,-999,-999,-999,-999,-999,-999,1,1,216,,0.0,0,707963,om3_707963,alles supiii,2025-11-25T15:51:25.004Z,-999,,-999,-999,1,2,3,1,1,3,13,14,5,9,12,3,8,11,2,1,10,4,7,6,1,1,1,1,1
217,fg1dzfrm,44p,0,23,23,app_end,End,2025-11-25 15:41:08.143582,1,,,0.0,1,e5y22b4i,,,,,0,1.0,0.0,SS_WS2526,217,,0.0,3,2,3,2025-11-25T15:41:27.763Z,0,1,1,1,217,,0.0,,,,,,,,,,,5,3,5,2,10,-999,-999,1,1,217,,0.0,7w1,r3x,1cb,wto,qdi,x,x,x,x,x,x,x,x,x,x,x,x,x,x,x,x,x,x,x,x,x,x,x,x,x,x,x,x,x,x,x,x,x,x,x,x,x,x,x,x,x,x,x,x,x,1,0,1,0,1,1,0,1,1,1,1,0,1,1,1,0,0,0,0,0,0,0,1,1,0,0,0,0,0,0,0,0,0,0,0,0,0,0,0,0,0,0,0,0,0,0,0,0,0,0,0,0,0,0,0,0,0,0,0,0,0,0,0,0,0,0,0,0,0,0,0,0,0,0,0,0,0,0,0,0,0,0,0,0,0,0,0,0,0,0,0,0,0,0,0,0,0,0,0,0,0,0,0,0,0,0,0,0,0,0,0,0,0,0,0,0,0,0,0,0,0,0,0,0,0,0,0,0,0,0,0,0,0,0,0,0,0,0,0,0,0,0,0,0,0,0,0,0,0,0,0,0,0,0,0,0,0,0,0,0,0,0,0,0,0,0,0,0,0,0,0,0,0,0,0,0,0,0,0,0,0,0,0,0,0,0,0,0,0,0,0,0,0,0,0,0,0,0,0,0,0,0,0,0,0,0,0,0,0,0,0,0,0,0,0,0,0,0,0,0,0,0,0,0,0,0,0,0,0,0,0,0,0,0,0,0,0,0,0,0,0,0,0,0,0,0,0,0,0,0,1,1,1,1,1,,,,,,,,,,,,,,,,,,,,,,,,,,,,,,,,,,,,,,,,,,,,,,2,1,2,2,3,4,,,,,,,,,,,,,,,,,,,,,,,,,,,,,,,,,,,,,,,,,,,,,,-999,-999,-999,1,1,217,,0.0,,,,3,2.0,3,7,5,7,6,6,6,7,5,6,5,6,,,8,3,3,6,3,,,,,,,,,,,,,,,,,,,,,,,,,,,,,,,,,,,,,,,,,,,,,,-999,-999,-999,1,1,217,,0.0,1,3,3,5,5,4,7,7,7,7,5,3,,,,,,,,,,,,,,,,,,,,,,,,,,,,,,,,,,,,,,,,,,,,,,2,3,3,6,6,,,,,,,,,,,,,,,,,,,,,,,,,,,,,,,,,,,,,,,,,,,,,,-999,1,1,217,,0.0,6,8,8,6,5,9,2,11,8,4,4,7,10,3,1,10,3,0,0,0,0,1,0,0,1,0,0,0,0,2,1,1,0,8,2,0,11,11,0,0,0,0,0,4,2,4,1,4,5,5,0,0,0,0,0,0,1,1,0,0,0,0,,1,1,-999,-999,-999,-999,-999,-999,1,1,217,,0.0,2,177456,44p_177456,,2025-11-25T15:58:33.408Z,-999,,-999,-999,1,2,2,3,1,2,7,2,10,14,4,1,3,6,9,8,5,11,13,12,2,2,2,1,1
218,0g24b3ia,x27,0,23,23,app_end,End,2025-11-25 15:45:23.353412,1,,,0.0,1,e5y22b4i,,,,,0,1.0,0.0,SS_WS2526,218,,0.0,2,5,3,2025-11-25T15:45:23.643Z,0,3,1,1,218,,0.0,,,,,,,,,,,3,2,4,2,0,-999,-999,1,1,218,,0.0,x,x,x,x,x,x,x,x,x,x,x,x,x,x,x,x,x,x,x,x,x,x,x,x,x,x,x,x,x,x,x,x,x,x,x,x,x,x,x,x,x,x,x,x,x,x,x,x,x,x,0,0,0,0,0,0,0,0,0,0,0,0,0,0,0,0,0,0,0,0,0,0,0,0,0,0,0,0,0,0,0,0,0,0,0,0,0,0,0,0,0,0,0,0,0,0,0,0,0,0,0,0,0,0,0,0,0,0,0,0,0,0,0,0,0,0,0,0,0,0,0,0,0,0,0,0,0,0,0,0,0,0,0,0,0,0,0,0,0,0,0,0,0,0,0,0,0,0,0,0,0,0,0,0,0,0,0,0,0,0,0,0,0,0,0,0,0,0,0,0,0,0,0,0,0,0,0,0,0,0,0,0,0,0,0,0,0,0,0,0,0,0,0,0,0,0,0,0,0,0,0,0,0,0,0,0,0,0,0,0,0,0,0,0,0,0,0,0,0,0,0,0,0,0,0,0,0,0,0,0,0,0,0,0,0,0,0,0,0,0,0,0,0,0,0,0,0,0,0,0,0,0,0,0,0,0,0,0,0,0,0,0,0,0,0,0,0,0,0,0,0,0,0,0,0,0,0,0,0,0,0,0,0,0,0,0,0,0,0,0,0,0,0,0,0,0,0,0,0,0,,,,,,,,,,,,,,,,,,,,,,,,,,,,,,,,,,,,,,,,,,,,,,,,,,,4,,,,,,,,,,,,,,,,,,,,,,,,,,,,,,,,,,,,,,,,,,,,,,,,,,,-999,-999,-999,1,1,218,,0.0,,,,5,2.7,3,6,4,6,4,5,5,7,6,6,2,4,,,,,,,,,,,,,,,,,,,,,,,,,,,,,,,,,,,,,,,,,,,,,,,,,,,,,-999,-999,-999,1,1,218,,0.0,4,5,4,4,3,4,4,,,,,,,,,,,,,,,,,,,,,,,,,,,,,,,,,,,,,,,,,,,,,,,,,,,,,,,,,,,,,,,,,,,,,,,,,,,,,,,,,,,,,,,,,,,,,,,,,,,,,-999,1,1,218,,0.0,7,7,8,4,3,6,2,11,1,4,3,6,8,5,1,5,1,8,6,8,7,1,5,3,2,4,5,1,5,3,1,1,1,7,4,6,6,8,0,0,0,0,0,4,2,4,2,3,3,3,1,1,0,1,0,1,1,1,1,0,1,1,,2,2,-999,-999,-999,-999,-999,-999,1,1,218,,0.0,2,547928,x27_547928,,2025-11-25T15:53:22.628Z,-999,,-999,-999,3,2,3,1,3,1,14,11,1,13,10,5,3,8,4,7,12,2,6,9,2,1,2,1,1
219,jnxzkwaz,ol7,0,23,23,app_end,End,2025-11-25 15:45:24.197576,1,,,0.0,1,e5y22b4i,,,,,0,1.0,0.0,SS_WS2526,219,,0.0,3,2,2,2025-11-25T15:45:24.317Z,0,1,1,1,219,,0.0,,,,,,,,,,,5,3,3,,0,-999,-999,1,1,219,,0.0,msn,8fi,qlq,iqk,x,x,x,x,x,x,x,x,x,x,x,x,x,x,x,x,x,x,x,x,x,x,x,x,x,x,x,x,x,x,x,x,x,x,x,x,x,x,x,x,x,x,x,x,x,x,1,0,1,1,0,1,0,1,1,0,0,0,1,0,0,0,0,1,0,0,0,0,0,0,0,0,0,0,0,0,0,0,0,0,0,0,0,0,0,0,0,0,0,0,0,0,0,0,0,0,0,0,0,0,0,0,0,0,0,0,0,0,0,0,0,0,0,0,0,0,0,0,0,0,0,0,0,0,0,0,0,0,0,0,0,0,0,0,0,0,0,0,0,0,0,0,0,0,0,0,0,0,0,0,0,0,0,0,0,0,0,0,0,0,0,0,0,0,0,0,0,0,0,0,0,0,0,0,0,0,0,0,0,0,0,0,0,0,0,0,0,0,0,0,0,0,0,0,0,0,0,0,0,0,0,0,0,0,0,0,0,0,0,0,0,0,0,0,0,0,0,0,0,0,0,0,0,0,0,0,0,0,0,0,0,0,0,0,0,0,0,0,0,0,0,0,0,0,0,0,0,0,0,0,0,0,0,0,0,0,0,0,0,0,0,0,0,0,0,0,0,0,0,0,0,0,0,0,0,0,0,0,0,0,0,0,0,0,0,0,0,0,0,0,0,0,0,0,0,0,1,1,1,1,,,,,,,,,,,,,,,,,,,,,,,,,,,,,,,,,,,,,,,,,,,,,,,3,4,4,,4,,,,,,,,,,,,,,,,,,,,,,,,,,,,,,,,,,,,,,,,,,,,,,,-999,-999,-999,1,1,219,,0.0,,,,4,2.0,2,7,4,7,7,6,7,7,7,4,4,3,,,2,2,0,0,,,,,,,,,,,,,,,,,,,,,,,,,,,,,,,,,,,,,,,,,,,,,,,-999,-999,-999,1,1,219,,0.0,1,7,3,2,5,4,6,6,6,0,0,,,,,,,,,,,,,,,,,,,,,,,,,,,,,,,,,,,,,,,,,,,,,,,2,2,2,2,,,,,,,,,,,,,,,,,,,,,,,,,,,,,,,,,,,,,,,,,,,,,,,-999,1,1,219,,0.0,7,7,8,3,4,7,1,11,0,3,2,6,7,3,1,7,1,9,7,8,6,1,6,4,2,0,6,1,0,2,1,1,1,6,1,0,6,7,0,0,0,1,0,4,4,4,3,4,4,3,1,0,1,1,0,1,1,1,1,0,0,0,,1,1,-999,-999,-999,-999,-999,-999,1,1,219,,0.0,1,416320,ol7_416320,,2025-11-25T16:02:00.742Z,-999,,-999,,3,1,2,1,2,3,5,2,11,4,14,1,6,7,8,3,13,12,9,10,2,2,1,1,1
220,yop8upsb,4og,0,23,23,app_end,End,2025-11-25 15:46:16.974891,1,,,0.0,1,e5y22b4i,,,,,0,1.0,0.0,SS_WS2526,220,,0.0,2,5,3,2025-11-25T15:46:17.213Z,0,3,1,1,220,,0.0,,,,,,,,,,,3,2,3,2,8,-999,-999,1,1,220,,0.0,fle,erw,2wb,f7n,poi,x,x,x,x,x,x,x,x,x,x,x,x,x,x,x,x,x,x,x,x,x,x,x,x,x,x,x,x,x,x,x,x,x,x,x,x,x,x,x,x,x,x,x,x,x,1,0,1,1,1,1,0,1,1,1,1,0,1,1,1,1,0,1,1,1,1,0,0,0,0,0,0,0,0,0,0,0,0,0,0,0,0,0,0,0,0,0,0,0,0,0,0,0,0,0,0,0,0,0,0,0,0,0,0,0,0,0,0,0,0,0,0,0,0,0,0,0,0,0,0,0,0,0,0,0,0,0,0,0,0,0,0,0,0,0,0,0,0,0,0,0,0,0,0,0,0,0,0,0,0,0,0,0,0,0,0,0,0,0,0,0,0,0,0,0,0,0,0,0,0,0,0,0,0,0,0,0,0,0,0,0,0,0,0,0,0,0,0,0,0,0,0,0,0,0,0,0,0,0,0,0,0,0,0,0,0,0,0,0,0,0,0,0,0,0,0,0,0,0,0,0,0,0,0,0,0,0,0,0,0,0,0,0,0,0,0,0,0,0,0,0,0,0,0,0,0,0,0,0,0,0,0,0,0,0,0,0,0,0,0,0,0,0,0,0,0,0,0,0,0,0,0,0,0,0,0,0,0,0,0,0,0,0,0,0,0,0,0,0,0,0,0,0,0,0,1,1,1,1,2,,,,,,,,,,,,,,,,,,,,,,,,,,,,,,,,,,,,,,,,,,,,,,2,2,2,2,2,2,,,,,,,,,,,,,,,,,,,,,,,,,,,,,,,,,,,,,,,,,,,,,,-999,-999,-999,1,1,220,,0.0,,,,0,0,2,6,4,7,4,7,6,7,7,6,6,7,,,4,4,4,4,2,,,,,,,,,,,,,,,,,,,,,,,,,,,,,,,,,,,,,,,,,,,,,,-999,-999,-999,1,1,220,,0.0,2,0,4,4,2,4,6,6,6,6,6,0,,,,,,,,,,,,,,,,,,,,,,,,,,,,,,,,,,,,,,,,,,,,,,2,2,2,2,0,,,,,,,,,,,,,,,,,,,,,,,,,,,,,,,,,,,,,,,,,,,,,,-999,1,1,220,,0.0,6,8,8,5,4,6,2,11,8,1,1,3,9,1,1,11,1,8,7,10,8,1,0,1,1,5,6,1,0,1,1,1,1,5,1,0,10,9,0,0,0,0,0,4,2,4,3,5,5,4,1,0,0,1,0,1,1,1,1,0,0,0,,1,1,-999,-999,-999,-999,-999,-999,1,1,220,,0.0,1,475270,4og_475270,,2025-11-25T16:31:44.122Z,-999,,-999,,3,1,3,2,1,2,7,6,5,12,10,14,8,2,11,3,9,1,4,13,1,2,2,1,1
221,ovsuruf4,z3j,0,23,23,app_end,End,2025-11-25 15:47:02.727368,1,,,0.0,1,e5y22b4i,,,,,0,1.0,0.0,SS_WS2526,221,,0.0,2,5,3,2025-11-25T16:00:07.889Z,0,3,1,1,221,,0.0,,,,,,,,,,,2,3,2,3,20,-999,-999,1,1,221,,0.0,x,x,x,x,x,x,x,x,x,x,x,x,x,x,x,x,x,x,x,x,x,x,x,x,x,x,x,x,x,x,x,x,x,x,x,x,x,x,x,x,x,x,x,x,x,x,x,x,x,x,0,0,0,0,0,0,0,0,0,0,0,0,0,0,0,0,0,0,0,0,0,0,0,0,0,0,0,0,0,0,0,0,0,0,0,0,0,0,0,0,0,0,0,0,0,0,0,0,0,0,0,0,0,0,0,0,0,0,0,0,0,0,0,0,0,0,0,0,0,0,0,0,0,0,0,0,0,0,0,0,0,0,0,0,0,0,0,0,0,0,0,0,0,0,0,0,0,0,0,0,0,0,0,0,0,0,0,0,0,0,0,0,0,0,0,0,0,0,0,0,0,0,0,0,0,0,0,0,0,0,0,0,0,0,0,0,0,0,0,0,0,0,0,0,0,0,0,0,0,0,0,0,0,0,0,0,0,0,0,0,0,0,0,0,0,0,0,0,0,0,0,0,0,0,0,0,0,0,0,0,0,0,0,0,0,0,0,0,0,0,0,0,0,0,0,0,0,0,0,0,0,0,0,0,0,0,0,0,0,0,0,0,0,0,0,0,0,0,0,0,0,0,0,0,0,0,0,0,0,0,0,0,0,0,0,0,0,0,0,0,0,0,0,0,0,0,0,0,0,0,,,,,,,,,,,,,,,,,,,,,,,,,,,,,,,,,,,,,,,,,,,,,,,,,,,3,,,,,,,,,,,,,,,,,,,,,,,,,,,,,,,,,,,,,,,,,,,,,,,,,,,-999,-999,-999,1,1,221,,0.0,,,,3,2.7,2,4,2,4,7,4,7,7,7,5,6,6,,,,,,,,,,,,,,,,,,,,,,,,,,,,,,,,,,,,,,,,,,,,,,,,,,,,,-999,-999,-999,1,1,221,,0.0,3,6,6,6,4,4,6,,,,,,,,,,,,,,,,,,,,,,,,,,,,,,,,,,,,,,,,,,,,,,,,,,,,,,,,,,,,,,,,,,,,,,,,,,,,,,,,,,,,,,,,,,,,,,,,,,,,,-999,1,1,221,,0.0,0,4,4,4,4,4,4,4,4,6,6,6,6,6,6,6,6,6,6,6,6,6,6,6,6,6,6,6,6,6,6,6,6,6,6,6,6,6,6,6,6,6,6,4,4,4,4,4,4,4,0,1,0,1,0,0,0,1,1,0,0,0,,2,2,-999,-999,-999,-999,-999,-999,1,1,221,,0.0,0,354580,z3j_354580,,2025-11-25T16:06:08.112Z,-999,,-999,-999,3,1,3,1,3,1,3,9,11,6,12,5,7,13,4,10,8,1,14,2,2,2,2,1,1
222,gmu50g8j,f7n,0,23,23,app_end,End,2025-11-25 15:47:46.466555,1,,,0.0,1,e5y22b4i,,,,,0,1.0,0.0,SS_WS2526,222,,0.0,2,4,3,2025-11-25T15:47:46.627Z,0,3,1,1,222,,0.0,,,,,,,,,,,2,3,4,4,0,-999,-999,1,1,222,,0.0,erw,2wb,e8i,x,x,x,x,x,x,x,x,x,x,x,x,x,x,x,x,x,x,x,x,x,x,x,x,x,x,x,x,x,x,x,x,x,x,x,x,x,x,x,x,x,x,x,x,x,x,x,1,0,0,0,0,1,0,0,1,0,1,0,1,1,1,0,0,0,0,0,0,0,0,0,0,0,0,0,0,0,0,0,0,0,0,0,0,0,0,0,0,0,0,0,0,0,0,0,0,0,0,0,0,0,0,0,0,0,0,0,0,0,0,0,0,0,0,0,0,0,0,0,0,0,0,0,0,0,0,0,0,0,0,0,0,0,0,0,0,0,0,0,0,0,0,0,0,0,0,0,0,0,0,0,0,0,0,0,0,0,0,0,0,0,0,0,0,0,0,0,0,0,0,0,0,0,0,0,0,0,0,0,0,0,0,0,0,0,0,0,0,0,0,0,0,0,0,0,0,0,0,0,0,0,0,0,0,0,0,0,0,0,0,0,0,0,0,0,0,0,0,0,0,0,0,0,0,0,0,0,0,0,0,0,0,0,0,0,0,0,0,0,0,0,0,0,0,0,0,0,0,0,0,0,0,0,0,0,0,0,0,0,0,0,0,0,0,0,0,0,0,0,0,0,0,0,0,0,0,0,0,0,0,0,0,0,0,0,0,0,0,0,0,0,0,0,0,0,0,0,1,1,1,,,,,,,,,,,,,,,,,,,,,,,,,,,,,,,,,,,,,,,,,,,,,,,,3,2,3,3,,,,,,,,,,,,,,,,,,,,,,,,,,,,,,,,,,,,,,,,,,,,,,,,-999,-999,-999,1,1,222,,0.0,,,,1,1.7,5,6,3,3,7,7,7,7,6,4,7,6,,,2,5,3,,,,,,,,,,,,,,,,,,,,,,,,,,,,,,,,,,,,,,,,,,,,,,,,-999,-999,-999,1,1,222,,0.0,1,3,3,2,2,2,7,7,7,7,,,,,,,,,,,,,,,,,,,,,,,,,,,,,,,,,,,,,,,,,,,,,,,,1,1,1,,,,,,,,,,,,,,,,,,,,,,,,,,,,,,,,,,,,,,,,,,,,,,,,-999,1,1,222,,0.0,6,8,9,5,4,6,3,11,8,1,1,8,10,2,1,10,1,5,6,10,0,1,8,1,1,1,1,1,1,1,1,1,1,8,1,1,9,10,0,0,0,0,0,5,4,3,2,4,4,4,0,1,0,1,0,1,1,1,1,0,0,0,,1,1,-999,-999,-999,-999,-999,-999,1,1,222,,0.0,1,512669,f7n_512669,,2025-11-25T16:00:41.355Z,-999,,-999,,2,1,2,1,3,2,8,5,3,2,10,6,12,1,7,4,9,13,14,11,2,1,1,1,1
223,ks52ccj6,erw,0,23,23,app_end,End,2025-11-25 15:48:01.192468,1,,,0.0,1,e5y22b4i,,,,,0,1.0,0.0,SS_WS2526,223,,0.0,2,5,3,2025-11-25T15:48:01.658Z,0,3,1,1,223,,0.0,,,,,,,,,,,4,3,4,3,0,-999,-999,1,1,223,,0.0,2wb,e8i,f7n,x,x,x,x,x,x,x,x,x,x,x,x,x,x,x,x,x,x,x,x,x,x,x,x,x,x,x,x,x,x,x,x,x,x,x,x,x,x,x,x,x,x,x,x,x,x,x,1,0,1,1,1,1,0,1,1,1,1,0,1,1,1,0,0,0,0,0,0,0,0,0,0,0,0,0,0,0,0,0,0,0,0,0,0,0,0,0,0,0,0,0,0,0,0,0,0,0,0,0,0,0,0,0,0,0,0,0,0,0,0,0,0,0,0,0,0,0,0,0,0,0,0,0,0,0,0,0,0,0,0,0,0,0,0,0,0,0,0,0,0,0,0,0,0,0,0,0,0,0,0,0,0,0,0,0,0,0,0,0,0,0,0,0,0,0,0,0,0,0,0,0,0,0,0,0,0,0,0,0,0,0,0,0,0,0,0,0,0,0,0,0,0,0,0,0,0,0,0,0,0,0,0,0,0,0,0,0,0,0,0,0,0,0,0,0,0,0,0,0,0,0,0,0,0,0,0,0,0,0,0,0,0,0,0,0,0,0,0,0,0,0,0,0,0,0,0,0,0,0,0,0,0,0,0,0,0,0,0,0,0,0,0,0,0,0,0,0,0,0,0,0,0,0,0,0,0,0,0,0,0,0,0,0,0,0,0,0,0,0,0,0,0,0,0,0,0,0,1,1,1,,,,,,,,,,,,,,,,,,,,,,,,,,,,,,,,,,,,,,,,,,,,,,,,3,,,4,,,,,,,,,,,,,,,,,,,,,,,,,,,,,,,,,,,,,,,,,,,,,,,,-999,-999,-999,1,1,223,,0.0,,,,2,2.7,4,7,5,5,6,5,3,7,7,6,5,4,,,3,3,3,,,,,,,,,,,,,,,,,,,,,,,,,,,,,,,,,,,,,,,,,,,,,,,,-999,-999,-999,1,1,223,,0.0,1,1,3,3,3,3,6,6,6,6,,,,,,,,,,,,,,,,,,,,,,,,,,,,,,,,,,,,,,,,,,,,,,,,2,2,2,,,,,,,,,,,,,,,,,,,,,,,,,,,,,,,,,,,,,,,,,,,,,,,,-999,1,1,223,,0.0,6,7,8,6,5,7,2,9,7,2,1,8,7,3,1,10,4,3,6,7,0,1,0,3,1,0,2,1,0,2,1,1,1,4,1,0,9,0,0,0,0,0,0,4,2,4,3,3,4,3,0,0,0,1,0,1,1,1,1,0,1,0,,1,1,-999,-999,-999,-999,-999,-999,1,1,223,,0.0,1,101571,erw_101571,,2025-11-25T15:58:01.654Z,-999,,-999,,2,3,3,2,2,1,7,9,5,11,4,13,8,3,2,10,12,1,6,14,1,1,1,1,1
224,2ol69vqw,2wb,0,23,23,app_end,End,2025-11-25 15:50:10.337917,1,,,0.0,1,e5y22b4i,,,,,0,1.0,0.0,SS_WS2526,224,,0.0,2,5,3,2025-11-25T15:50:10.453Z,0,3,1,1,224,,0.0,,,,,,,,,,,2,3,3,2,0,-999,-999,1,1,224,,0.0,e8i,f7n,erw,x,x,x,x,x,x,x,x,x,x,x,x,x,x,x,x,x,x,x,x,x,x,x,x,x,x,x,x,x,x,x,x,x,x,x,x,x,x,x,x,x,x,x,x,x,x,x,1,0,0,0,1,1,0,0,1,1,1,0,0,0,1,0,0,0,0,0,0,0,0,0,0,0,0,0,0,0,0,0,0,0,0,0,0,0,0,0,0,0,0,0,0,0,0,0,0,0,0,0,0,0,0,0,0,0,0,0,0,0,0,0,0,0,0,0,0,0,0,0,0,0,0,0,0,0,0,0,0,0,0,0,0,0,0,0,0,0,0,0,0,0,0,0,0,0,0,0,0,0,0,0,0,0,0,0,0,0,0,0,0,0,0,0,0,0,0,0,0,0,0,0,0,0,0,0,0,0,0,0,0,0,0,0,0,0,0,0,0,0,0,0,0,0,0,0,0,0,0,0,0,0,0,0,0,0,0,0,0,0,0,0,0,0,0,0,0,0,0,0,0,0,0,0,0,0,0,0,0,0,0,0,0,0,0,0,0,0,0,0,0,0,0,0,0,0,0,0,0,0,0,0,0,0,0,0,0,0,0,0,0,0,0,0,0,0,0,0,0,0,0,0,0,0,0,0,0,0,0,0,0,0,0,0,0,0,0,0,0,0,0,0,0,0,0,0,0,0,1,1,1,,,,,,,,,,,,,,,,,,,,,,,,,,,,,,,,,,,,,,,,,,,,,,,,3,5,4,3,,,,,,,,,,,,,,,,,,,,,,,,,,,,,,,,,,,,,,,,,,,,,,,,-999,-999,-999,1,1,224,,0.0,,,,6,3.0,5,5,3,6,6,6,7,5,6,5,7,5,,,4,4,3,,,,,,,,,,,,,,,,,,,,,,,,,,,,,,,,,,,,,,,,,,,,,,,,-999,-999,-999,1,1,224,,0.0,1,4,3,1,2,3,7,6,6,7,,,,,,,,,,,,,,,,,,,,,,,,,,,,,,,,,,,,,,,,,,,,,,,,3,2,1,,,,,,,,,,,,,,,,,,,,,,,,,,,,,,,,,,,,,,,,,,,,,,,,-999,1,1,224,,0.0,6,9,9,4,4,6,2,11,6,1,1,8,8,4,1,10,2,7,6,8,0,1,4,5,1,6,2,1,7,1,1,1,1,9,1,3,10,7,0,0,0,0,0,4,3,4,3,4,4,4,0,0,0,1,0,0,1,1,1,0,0,0,,1,1,-999,-999,-999,-999,-999,-999,1,1,224,,0.0,0,284370,2wb_284370,,2025-11-25T16:02:33.813Z,-999,,-999,-999,2,3,1,2,1,3,4,12,14,6,8,5,7,10,2,11,3,13,9,1,1,1,1,1,1
225,ml4rt1sx,pr2,0,23,23,app_end,End,2025-11-25 15:52:30.387613,1,,,0.0,1,e5y22b4i,,,,,0,1.0,0.0,SS_WS2526,225,,0.0,3,1,5,2025-11-25T15:52:30.666Z,0,1,1,1,225,,0.0,,,,,,,,,,,3,3,3,3,0,-999,-999,1,1,225,,0.0,tuf,6b9,x,x,x,x,x,x,x,x,x,x,x,x,x,x,x,x,x,x,x,x,x,x,x,x,x,x,x,x,x,x,x,x,x,x,x,x,x,x,x,x,x,x,x,x,x,x,x,x,1,0,0,1,1,1,0,0,0,1,0,0,0,0,0,0,0,0,0,0,0,0,0,0,0,0,0,0,0,0,0,0,0,0,0,0,0,0,0,0,0,0,0,0,0,0,0,0,0,0,0,0,0,0,0,0,0,0,0,0,0,0,0,0,0,0,0,0,0,0,0,0,0,0,0,0,0,0,0,0,0,0,0,0,0,0,0,0,0,0,0,0,0,0,0,0,0,0,0,0,0,0,0,0,0,0,0,0,0,0,0,0,0,0,0,0,0,0,0,0,0,0,0,0,0,0,0,0,0,0,0,0,0,0,0,0,0,0,0,0,0,0,0,0,0,0,0,0,0,0,0,0,0,0,0,0,0,0,0,0,0,0,0,0,0,0,0,0,0,0,0,0,0,0,0,0,0,0,0,0,0,0,0,0,0,0,0,0,0,0,0,0,0,0,0,0,0,0,0,0,0,0,0,0,0,0,0,0,0,0,0,0,0,0,0,0,0,0,0,0,0,0,0,0,0,0,0,0,0,0,0,0,0,0,0,0,0,0,0,0,0,0,0,0,0,0,0,0,0,0,1,1,,,,,,,,,,,,,,,,,,,,,,,,,,,,,,,,,,,,,,,,,,,,,,,,,4,5,5,,,,,,,,,,,,,,,,,,,,,,,,,,,,,,,,,,,,,,,,,,,,,,,,,-999,-999,-999,1,1,225,,0.0,,,,4,2.0,12,4,3,6,6,5,6,6,6,7,4,7,,,4,4,,,,,,,,,,,,,,,,,,,,,,,,,,,,,,,,,,,,,,,,,,,,,,,,,-999,-999,-999,1,1,225,,0.0,4,7,2,0,4,6,6,6,6,,,,,,,,,,,,,,,,,,,,,,,,,,,,,,,,,,,,,,,,,,,,,,,,,4,4,,,,,,,,,,,,,,,,,,,,,,,,,,,,,,,,,,,,,,,,,,,,,,,,,-999,1,1,225,,0.0,3,10,10,5,4,8,1,11,1,1,1,11,9,1,1,9,1,6,3,4,0,1,0,1,1,0,6,1,0,1,1,1,1,6,1,0,3,8,0,0,0,0,0,4,3,2,4,4,4,4,0,0,0,1,0,1,0,1,0,0,0,0,,1,1,-999,-999,-999,-999,-999,-999,1,1,225,,0.0,0,725784,pr2_725784,,2025-11-25T16:10:29.906Z,-999,,-999,-999,1,3,3,2,1,2,14,1,7,11,6,5,4,10,2,13,9,8,3,12,2,1,2,1,1
226,l16oh6sl,ayq,0,23,23,app_end,End,2025-11-25 15:53:13.057309,1,,,0.0,1,e5y22b4i,,,,,0,1.0,0.0,SS_WS2526,226,,0.0,3,2,3,2025-11-25T15:53:13.525Z,0,2,1,1,226,,0.0,,,,,,,,,,,2,3,3,2,6,-999,-999,1,1,226,,0.0,yyj,hro,0fo,wom,x,x,x,x,x,x,x,x,x,x,x,x,x,x,x,x,x,x,x,x,x,x,x,x,x,x,x,x,x,x,x,x,x,x,x,x,x,x,x,x,x,x,x,x,x,x,1,1,1,1,1,1,0,1,1,1,1,0,0,1,1,1,1,0,0,0,0,0,0,0,0,0,0,0,0,0,0,0,0,0,0,0,0,0,0,0,0,0,0,0,0,0,0,0,0,0,0,0,0,0,0,0,0,0,0,0,0,0,0,0,0,0,0,0,0,0,0,0,0,0,0,0,0,0,0,0,0,0,0,0,0,0,0,0,0,0,0,0,0,0,0,0,0,0,0,0,0,0,0,0,0,0,0,0,0,0,0,0,0,0,0,0,0,0,0,0,0,0,0,0,0,0,0,0,0,0,0,0,0,0,0,0,0,0,0,0,0,0,0,0,0,0,0,0,0,0,0,0,0,0,0,0,0,0,0,0,0,0,0,0,0,0,0,0,0,0,0,0,0,0,0,0,0,0,0,0,0,0,0,0,0,0,0,0,0,0,0,0,0,0,0,0,0,0,0,0,0,0,0,0,0,0,0,0,0,0,0,0,0,0,0,0,0,0,0,0,0,0,0,0,0,0,0,0,0,0,0,0,0,0,0,0,0,0,0,0,0,0,0,0,0,0,0,0,0,0,1,1,1,1,,,,,,,,,,,,,,,,,,,,,,,,,,,,,,,,,,,,,,,,,,,,,,,5,5,5,7,6,,,,,,,,,,,,,,,,,,,,,,,,,,,,,,,,,,,,,,,,,,,,,,,-999,-999,-999,1,1,226,,0.0,,,,6,2.7,10,3,4,6,6,5,6,7,4,6,6,3,,,6,3,4,3,,,,,,,,,,,,,,,,,,,,,,,,,,,,,,,,,,,,,,,,,,,,,,,-999,-999,-999,1,1,226,,0.0,1,7,2,3,4,1,6,7,7,7,7,,,,,,,,,,,,,,,,,,,,,,,,,,,,,,,,,,,,,,,,,,,,,,,1,1,1,1,,,,,,,,,,,,,,,,,,,,,,,,,,,,,,,,,,,,,,,,,,,,,,,-999,1,1,226,,0.0,7,7,8,5,4,8,1,11,1,4,2,9,10,5,1,3,1,6,6,6,6,6,6,6,6,6,6,6,6,2,1,1,1,9,1,1,9,11,6,6,6,6,6,4,4,4,4,4,4,4,0,0,1,1,1,0,1,1,1,1,0,0,,1,1,-999,-999,-999,-999,-999,-999,1,1,226,,0.0,2,377872,ayq_377872,,2025-11-25T16:05:53.430Z,-999,,-999,-999,3,1,1,2,3,1,4,10,3,5,12,7,2,1,8,6,9,14,11,13,1,1,2,1,1
227,mkr1s2w0,efu,0,23,23,app_end,End,2025-11-25 15:53:50.887090,1,,,0.0,0,e5y22b4i,,,,,0,1.0,0.0,SS_WS2526,227,,0.0,3,2,3,2025-11-25T15:53:54.416Z,0,1,1,1,227,,0.0,2001,1,37,2020,2,1,0,2,1,1,3,4,0,4,5,-999,-999,1,1,227,,0.0,x,x,x,x,x,x,x,x,x,x,x,x,x,x,x,x,x,x,x,x,x,x,x,x,x,x,x,x,x,x,x,x,x,x,x,x,x,x,x,x,x,x,x,x,x,x,x,x,x,x,0,0,0,0,0,0,0,0,0,0,0,0,0,0,0,0,0,0,0,0,0,0,0,0,0,0,0,0,0,0,0,0,0,0,0,0,0,0,0,0,0,0,0,0,0,0,0,0,0,0,0,0,0,0,0,0,0,0,0,0,0,0,0,0,0,0,0,0,0,0,0,0,0,0,0,0,0,0,0,0,0,0,0,0,0,0,0,0,0,0,0,0,0,0,0,0,0,0,0,0,0,0,0,0,0,0,0,0,0,0,0,0,0,0,0,0,0,0,0,0,0,0,0,0,0,0,0,0,0,0,0,0,0,0,0,0,0,0,0,0,0,0,0,0,0,0,0,0,0,0,0,0,0,0,0,0,0,0,0,0,0,0,0,0,0,0,0,0,0,0,0,0,0,0,0,0,0,0,0,0,0,0,0,0,0,0,0,0,0,0,0,0,0,0,0,0,0,0,0,0,0,0,0,0,0,0,0,0,0,0,0,0,0,0,0,0,0,0,0,0,0,0,0,0,0,0,0,0,0,0,0,0,0,0,0,0,0,0,0,0,0,0,0,0,0,0,0,0,0,0,,,,,,,,,,,,,,,,,,,,,,,,,,,,,,,,,,,,,,,,,,,,,,,,,,,4,,,,,,,,,,,,,,,,,,,,,,,,,,,,,,,,,,,,,,,,,,,,,,,,,,,-999,-999,-999,1,1,227,,0.0,3,2,1,2,0,4,3,5,6,4,3,3,2,7,4,1,2,5,0,,,,,,,,,,,,,,,,,,,,,,,,,,,,,,,,,,,,,,,,,,,,,,,,,,,-999,-999,-999,1,1,227,,0.0,2,2,2,2,3,4,5,,,,,,,,,,,,,,,,,,,,,,,,,,,,,,,,,,,,,,,,,,,,,,,,,,,,,,,,,,,,,,,,,,,,,,,,,,,,,,,,,,,,,,,,,,,,,,,,,,,,,-999,1,1,227,,0.0,7,7,8,5,3,8,2,11,3,4,2,8,10,5,1,9,9,5,6,11,6,1,6,3,2,5,6,6,6,3,1,1,6,8,6,6,9,3,6,6,6,6,6,4,1,4,2,4,4,3,0,0,1,1,1,1,1,1,0,0,0,0,,1,1,-999,-999,-999,-999,-999,-999,1,1,227,,0.0,0,257944,efu_257944,,2025-11-25T16:07:25.724Z,-999,,-999,-999,1,2,3,1,3,1,14,8,7,2,11,12,10,6,4,9,3,13,1,5,1,1,2,1,1
228,6j2y01aw,hro,0,23,23,app_end,End,2025-11-25 15:53:54.242692,1,,,0.0,1,e5y22b4i,,,,,0,1.0,0.0,SS_WS2526,228,,0.0,3,2,3,2025-11-25T15:53:55.302Z,0,2,1,1,228,,0.0,,,,,,,,,,,4,4,4,4,0,-999,-999,1,1,228,,0.0,cav,0fo,yyj,ayq,x,x,x,x,x,x,x,x,x,x,x,x,x,x,x,x,x,x,x,x,x,x,x,x,x,x,x,x,x,x,x,x,x,x,x,x,x,x,x,x,x,x,x,x,x,x,1,0,0,0,0,1,0,1,0,1,1,0,1,1,0,1,0,1,1,1,0,0,0,0,0,0,0,0,0,0,0,0,0,0,0,0,0,0,0,0,0,0,0,0,0,0,0,0,0,0,0,0,0,0,0,0,0,0,0,0,0,0,0,0,0,0,0,0,0,0,0,0,0,0,0,0,0,0,0,0,0,0,0,0,0,0,0,0,0,0,0,0,0,0,0,0,0,0,0,0,0,0,0,0,0,0,0,0,0,0,0,0,0,0,0,0,0,0,0,0,0,0,0,0,0,0,0,0,0,0,0,0,0,0,0,0,0,0,0,0,0,0,0,0,0,0,0,0,0,0,0,0,0,0,0,0,0,0,0,0,0,0,0,0,0,0,0,0,0,0,0,0,0,0,0,0,0,0,0,0,0,0,0,0,0,0,0,0,0,0,0,0,0,0,0,0,0,0,0,0,0,0,0,0,0,0,0,0,0,0,0,0,0,0,0,0,0,0,0,0,0,0,0,0,0,0,0,0,0,0,0,0,0,0,0,0,0,0,0,0,0,0,0,0,0,0,0,0,0,0,1,2,3,3,,,,,,,,,,,,,,,,,,,,,,,,,,,,,,,,,,,,,,,,,,,,,,,4,3,6,4,3,,,,,,,,,,,,,,,,,,,,,,,,,,,,,,,,,,,,,,,,,,,,,,,-999,-999,-999,1,1,228,,0.0,,,,4,1.7,5,5,4,6,6,5,6,7,3,4,5,5,,,3,3,3,3,,,,,,,,,,,,,,,,,,,,,,,,,,,,,,,,,,,,,,,,,,,,,,,-999,-999,-999,1,1,228,,0.0,1,3,4,4,4,3,6,7,4,5,6,,,,,,,,,,,,,,,,,,,,,,,,,,,,,,,,,,,,,,,,,,,,,,,1,1,1,1,,,,,,,,,,,,,,,,,,,,,,,,,,,,,,,,,,,,,,,,,,,,,,,-999,1,1,228,,0.0,3,8,9,4,3,5,1,11,9,2,1,10,10,9,1,6,1,10,9,10,8,1,5,4,2,8,5,8,5,3,1,1,1,9,4,8,11,11,8,0,5,9,4,4,3,4,2,4,4,4,0,0,1,1,0,1,1,1,1,0,0,0,,1,1,-999,-999,-999,-999,-999,-999,1,1,228,,0.0,0,304575,hro_304575,,2025-11-25T16:05:19.277Z,-999,,-999,-999,1,3,1,2,1,3,4,14,9,6,11,2,7,10,13,12,5,1,3,8,2,2,1,1,1
229,owuoowcf,ej8,0,23,23,app_end,End,2025-11-25 15:57:42.013383,1,,,0.0,1,e5y22b4i,,,,,0,1.0,0.0,SS_WS2526,229,,0.0,3,1,3,2025-11-25T15:57:42.179Z,0,1,1,1,229,,0.0,,,,,,,,,,,3,3,3,3,8,-999,-999,1,1,229,,0.0,ayq,5sz,bty,klf,x,x,x,x,x,x,x,x,x,x,x,x,x,x,x,x,x,x,x,x,x,x,x,x,x,x,x,x,x,x,x,x,x,x,x,x,x,x,x,x,x,x,x,x,x,x,1,0,0,0,0,1,0,0,0,1,1,0,1,0,1,1,0,1,0,1,0,0,0,0,0,0,0,0,0,0,0,0,0,0,0,0,0,0,0,0,0,0,0,0,0,0,0,0,0,0,0,0,0,0,0,0,0,0,0,0,0,0,0,0,0,0,0,0,0,0,0,0,0,0,0,0,0,0,0,0,0,0,0,0,0,0,0,0,0,0,0,0,0,0,0,0,0,0,0,0,0,0,0,0,0,0,0,0,0,0,0,0,0,0,0,0,0,0,0,0,0,0,0,0,0,0,0,0,0,0,0,0,0,0,0,0,0,0,0,0,0,0,0,0,0,0,0,0,0,0,0,0,0,0,0,0,0,0,0,0,0,0,0,0,0,0,0,0,0,0,0,0,0,0,0,0,0,0,0,0,0,0,0,0,0,0,0,0,0,0,0,0,0,0,0,0,0,0,0,0,0,0,0,0,0,0,0,0,0,0,0,0,0,0,0,0,0,0,0,0,0,0,0,0,0,0,0,0,0,0,0,0,0,0,0,0,0,0,0,0,0,0,0,0,0,0,0,0,0,0,1,1,1,1,,,,,,,,,,,,,,,,,,,,,,,,,,,,,,,,,,,,,,,,,,,,,,,4,3,5,4,4,,,,,,,,,,,,,,,,,,,,,,,,,,,,,,,,,,,,,,,,,,,,,,,-999,-999,-999,1,1,229,,0.0,,,,3,4.0,4,3,2,6,3,5,4,7,5,3,3,4,,,5,6,5,7,,,,,,,,,,,,,,,,,,,,,,,,,,,,,,,,,,,,,,,,,,,,,,,-999,-999,-999,1,1,229,,0.0,1,5,3,4,2,3,6,6,0,5,6,,,,,,,,,,,,,,,,,,,,,,,,,,,,,,,,,,,,,,,,,,,,,,,1,0,3,2,,,,,,,,,,,,,,,,,,,,,,,,,,,,,,,,,,,,,,,,,,,,,,,-999,1,1,229,,0.0,7,8,9,5,3,8,2,11,10,3,2,9,11,3,1,9,1,10,10,11,10,1,8,2,2,2,6,1,8,4,1,1,1,10,1,10,10,11,0,0,0,1,0,4,2,4,2,5,5,5,0,1,0,1,1,1,1,1,1,0,0,0,,1,1,-999,-999,-999,-999,-999,-999,1,1,229,,0.0,2,409328,ej8_409328,,2025-11-25T16:10:01.120Z,-999,,-999,-999,2,1,2,1,1,2,9,3,4,13,1,14,12,5,10,8,2,6,11,7,1,1,2,1,1
230,4kn02uw2,rji,0,23,23,app_end,End,2025-11-25 16:03:08.733679,1,,,0.0,1,e5y22b4i,,,,,0,1.0,0.0,SS_WS2526,230,,0.0,3,2,3,2025-11-25T16:03:08.821Z,0,1,1,1,230,,0.0,,,,,,,,,,,3,3,4,3,,-999,-999,1,1,230,,0.0,x,poi,cx9,nre,n64,8ke,bjp,l7r,u5b,i9d,h3h,30d,oae,x,x,x,x,x,x,x,x,x,x,x,x,x,x,x,x,x,x,x,x,x,x,x,x,x,x,x,x,x,x,x,x,x,x,x,x,x,0,0,0,0,0,0,0,0,0,0,0,0,0,0,1,0,0,0,0,0,0,0,0,0,0,1,0,0,0,1,1,0,0,0,1,0,0,0,0,0,1,0,0,0,0,0,0,0,0,0,1,0,0,0,0,1,0,0,1,1,1,0,0,1,1,0,0,0,0,0,0,0,0,0,0,0,0,0,0,0,0,0,0,0,0,0,0,0,0,0,0,0,0,0,0,0,0,0,0,0,0,0,0,0,0,0,0,0,0,0,0,0,0,0,0,0,0,0,0,0,0,0,0,0,0,0,0,0,0,0,0,0,0,0,0,0,0,0,0,0,0,0,0,0,0,0,0,0,0,0,0,0,0,0,0,0,0,0,0,0,0,0,0,0,0,0,0,0,0,0,0,0,0,0,0,0,0,0,0,0,0,0,0,0,0,0,0,0,0,0,0,0,0,0,0,0,0,0,0,0,0,0,0,0,0,0,0,0,0,0,0,0,0,0,0,0,0,0,0,0,0,0,0,0,0,0,0,0,0,0,0,0,0,0,0,0,0,0,0,0,0,0,0,0,0,0,0,0,0,0,,1,3,3,3,2,2,2,2,2,2,2,2,,,,,,,,,,,,,,,,,,,,,,,,,,,,,,,,,,,,,,5,,6,7,4,7,4,5,7,6,6,5,5,7,,,,,,,,,,,,,,,,,,,,,,,,,,,,,,,,,,,,,,-999,-999,-999,1,1,230,,0.0,,,,3,2.3,1,6,4,5,5,2,5,7,3,4,4,7,,,,7,4,7,8,4,5,7,6,5,3,3,3,,,,,,,,,,,,,,,,,,,,,,,,,,,,,,,,,,,,,,-999,-999,-999,1,1,230,,0.0,3,6,4,3,5,6,6,,5,6,6,5,7,7,6,6,6,6,6,6,,,,,,,,,,,,,,,,,,,,,,,,,,,,,,,,,,,,,,,3,2,4,2,3,3,4,2,3,3,3,3,,,,,,,,,,,,,,,,,,,,,,,,,,,,,,,,,,,,,,-999,1,1,230,,0.0,3,8,7,5,4,6,1,11,7,7,7,9,4,3,1,8,4,10,8,4,7,1,6,5,4,4,7,1,5,3,1,1,2,10,2,4,3,9,6,6,6,6,6,4,4,4,2,4,4,4,0,0,0,1,0,1,1,1,1,0,0,0,,2,1,-999,-999,-999,-999,-999,-999,1,1,230,,0.0,2,109483,rji_109483,,2025-11-25T16:34:47.613Z,-999,,-999,-999,3,2,2,3,2,1,14,1,3,12,6,9,4,8,13,10,7,5,11,2,2,1,1,1,1
231,4pjo7gbe,go4,0,23,23,app_end,End,2025-11-25 16:07:31.802536,1,,,0.0,1,e5y22b4i,,,,,0,1.0,0.0,SS_WS2526,231,,0.0,3,2,3,2025-11-25T16:07:31.983Z,0,2,1,1,231,,0.0,,,,,,,,,,,5,3,4,3,0,-999,-999,1,1,231,,0.0,poi,vpi,ras,ljz,fsu,x,x,x,x,x,x,x,x,x,x,x,x,x,x,x,x,x,x,x,x,x,x,x,x,x,x,x,x,x,x,x,x,x,x,x,x,x,x,x,x,x,x,x,x,x,1,0,1,0,1,1,0,1,1,1,1,0,1,1,1,1,0,1,0,1,1,0,0,0,1,0,0,0,0,0,0,0,0,0,0,0,0,0,0,0,0,0,0,0,0,0,0,0,0,0,0,0,0,0,0,0,0,0,0,0,0,0,0,0,0,0,0,0,0,0,0,0,0,0,0,0,0,0,0,0,0,0,0,0,0,0,0,0,0,0,0,0,0,0,0,0,0,0,0,0,0,0,0,0,0,0,0,0,0,0,0,0,0,0,0,0,0,0,0,0,0,0,0,0,0,0,0,0,0,0,0,0,0,0,0,0,0,0,0,0,0,0,0,0,0,0,0,0,0,0,0,0,0,0,0,0,0,0,0,0,0,0,0,0,0,0,0,0,0,0,0,0,0,0,0,0,0,0,0,0,0,0,0,0,0,0,0,0,0,0,0,0,0,0,0,0,0,0,0,0,0,0,0,0,0,0,0,0,0,0,0,0,0,0,0,0,0,0,0,0,0,0,0,0,0,0,0,0,0,0,0,0,0,0,0,0,0,0,0,0,0,0,0,0,0,0,0,0,0,0,1,1,1,1,1,,,,,,,,,,,,,,,,,,,,,,,,,,,,,,,,,,,,,,,,,,,,,,3,2,3,2,2,2,,,,,,,,,,,,,,,,,,,,,,,,,,,,,,,,,,,,,,,,,,,,,,-999,-999,-999,1,1,231,,0.0,,,,6,3.0,4,7,0,6,6,5,4,7,7,5,4,6,,,4,4,4,6,6,,,,,,,,,,,,,,,,,,,,,,,,,,,,,,,,,,,,,,,,,,,,,,-999,-999,-999,1,1,231,,0.0,2,0,0,2,0,3,6,6,6,6,6,6,,,,,,,,,,,,,,,,,,,,,,,,,,,,,,,,,,,,,,,,,,,,,,2,2,2,2,2,,,,,,,,,,,,,,,,,,,,,,,,,,,,,,,,,,,,,,,,,,,,,,-999,1,1,231,,0.0,7,8,9,4,3,7,1,11,9,2,1,9,11,5,1,6,1,8,9,11,10,1,3,2,1,1,7,1,4,2,1,1,1,4,1,0,10,10,5,0,0,1,0,2,2,4,3,3,4,3,0,0,0,1,0,1,0,1,1,0,0,0,,1,1,-999,-999,-999,-999,-999,-999,1,1,231,,0.0,0,386641,go4_386641,,2025-11-25T16:48:56.009Z,-999,,-999,-999,3,1,1,3,3,1,8,14,9,2,12,13,5,6,3,1,11,10,7,4,1,1,1,1,1
232,2d97vfje,fle,0,23,23,app_end,End,2025-11-25 16:11:13.621936,1,,,0.0,1,e5y22b4i,,,,,0,1.0,0.0,SS_WS2526,232,,0.0,3,2,3,2025-11-25T16:11:13.722Z,0,2,1,1,232,,0.0,,,,,,,,,,,3,3,4,3,0,-999,-999,1,1,232,,0.0,4og,gd8,j0g,erw,f7n,2wb,poi,x,x,x,x,x,x,x,x,x,x,x,x,x,x,x,x,x,x,x,x,x,x,x,x,x,x,x,x,x,x,x,x,x,x,x,x,x,x,x,x,x,x,x,1,0,1,1,1,1,0,1,0,0,1,0,0,0,1,1,0,1,1,1,1,0,1,1,1,1,0,1,1,1,1,0,0,0,0,0,0,0,0,0,0,0,0,0,0,0,0,0,0,0,0,0,0,0,0,0,0,0,0,0,0,0,0,0,0,0,0,0,0,0,0,0,0,0,0,0,0,0,0,0,0,0,0,0,0,0,0,0,0,0,0,0,0,0,0,0,0,0,0,0,0,0,0,0,0,0,0,0,0,0,0,0,0,0,0,0,0,0,0,0,0,0,0,0,0,0,0,0,0,0,0,0,0,0,0,0,0,0,0,0,0,0,0,0,0,0,0,0,0,0,0,0,0,0,0,0,0,0,0,0,0,0,0,0,0,0,0,0,0,0,0,0,0,0,0,0,0,0,0,0,0,0,0,0,0,0,0,0,0,0,0,0,0,0,0,0,0,0,0,0,0,0,0,0,0,0,0,0,0,0,0,0,0,0,0,0,0,0,0,0,0,0,0,0,0,0,0,0,0,0,0,0,0,0,0,0,0,0,0,0,0,0,0,0,0,0,0,0,0,0,1,3,4,1,1,1,2,,,,,,,,,,,,,,,,,,,,,,,,,,,,,,,,,,,,,,,,,,,,4,3,4,3,2,3,,3,,,,,,,,,,,,,,,,,,,,,,,,,,,,,,,,,,,,,,,,,,,,-999,-999,-999,1,1,232,,0.0,,,,4,4.0,1,3,2,6,3,2,5,6,5,3,5,6,,,0,0,0,0,0,0,0,,,,,,,,,,,,,,,,,,,,,,,,,,,,,,,,,,,,,,,,,,,,-999,-999,-999,1,1,232,,0.0,1,5,1,1,1,1,7,7,7,7,7,7,7,7,,,,,,,,,,,,,,,,,,,,,,,,,,,,,,,,,,,,,,,,,,,,2,1,1,1,1,1,1,,,,,,,,,,,,,,,,,,,,,,,,,,,,,,,,,,,,,,,,,,,,-999,1,1,232,,0.0,6,8,9,5,4,9,2,11,1,4,1,8,7,1,1,9,1,10,0,11,0,1,0,3,2,0,10,0,0,1,1,1,1,2,2,5,9,10,0,0,0,0,0,4,2,4,2,4,4,3,0,0,0,1,0,1,1,1,0,0,1,1,,2,1,-999,-999,-999,-999,-999,-999,1,1,232,,0.0,2,398597,fle_398597,Die Survey wäre einfacher wenn man die Codes den Namen zuzuordnen könnte zum Beispiel in einem Feld mit dem Anfangsbuchstaben oder Initialien ,2025-11-25T16:33:53.750Z,-999,,-999,-999,2,3,3,1,3,1,4,1,13,9,8,14,12,3,11,6,2,7,5,10,1,2,1,1,1
233,2vqspw8h,pdp,0,23,23,app_end,End,2025-11-25 16:14:11.204481,1,,,0.0,1,e5y22b4i,,,,,0,1.0,0.0,SS_WS2526,233,,0.0,2,5,3,2025-11-25T16:14:11.515Z,0,3,1,1,233,,0.0,,,,,,,,,,,2,3,2,3,,-999,-999,1,1,233,,0.0,iy3,x,x,x,x,x,x,x,x,x,x,x,x,x,x,x,x,x,x,x,x,x,x,x,x,x,x,x,x,x,x,x,x,x,x,x,x,x,x,x,x,x,x,x,x,x,x,x,x,x,1,0,0,0,0,0,0,0,0,0,0,0,0,0,0,0,0,0,0,0,0,0,0,0,0,0,0,0,0,0,0,0,0,0,0,0,0,0,0,0,0,0,0,0,0,0,0,0,0,0,0,0,0,0,0,0,0,0,0,0,0,0,0,0,0,0,0,0,0,0,0,0,0,0,0,0,0,0,0,0,0,0,0,0,0,0,0,0,0,0,0,0,0,0,0,0,0,0,0,0,0,0,0,0,0,0,0,0,0,0,0,0,0,0,0,0,0,0,0,0,0,0,0,0,0,0,0,0,0,0,0,0,0,0,0,0,0,0,0,0,0,0,0,0,0,0,0,0,0,0,0,0,0,0,0,0,0,0,0,0,0,0,0,0,0,0,0,0,0,0,0,0,0,0,0,0,0,0,0,0,0,0,0,0,0,0,0,0,0,0,0,0,0,0,0,0,0,0,0,0,0,0,0,0,0,0,0,0,0,0,0,0,0,0,0,0,0,0,0,0,0,0,0,0,0,0,0,0,0,0,0,0,0,0,0,0,0,0,0,0,0,0,0,0,0,0,0,0,0,0,1,,,,,,,,,,,,,,,,,,,,,,,,,,,,,,,,,,,,,,,,,,,,,,,,,,2,4,,,,,,,,,,,,,,,,,,,,,,,,,,,,,,,,,,,,,,,,,,,,,,,,,,-999,-999,-999,1,1,233,,0.0,,,,3,4.0,7,3,4,4,4,1,1,7,7,3,4,3,,,8,,,,,,,,,,,,,,,,,,,,,,,,,,,,,,,,,,,,,,,,,,,,,,,,,,-999,-999,-999,1,1,233,,0.0,2,2,1,1,1,1,7,7,,,,,,,,,,,,,,,,,,,,,,,,,,,,,,,,,,,,,,,,,,,,,,,,,,2,,,,,,,,,,,,,,,,,,,,,,,,,,,,,,,,,,,,,,,,,,,,,,,,,,-999,1,1,233,,0.0,6,7,8,4,5,6,1,11,6,4,2,9,10,3,1,11,6,8,0,0,0,0,0,0,0,0,0,0,0,0,0,0,0,0,0,0,0,0,0,0,0,0,0,4,2,4,2,4,4,4,0,1,1,1,1,1,1,1,1,1,1,1,,1,1,-999,-999,-999,-999,-999,-999,1,1,233,,0.0,1,200857,pdp_200857,,2025-11-25T16:26:30.798Z,-999,,-999,,1,2,3,2,3,2,1,5,4,9,11,8,3,6,7,12,14,13,2,10,2,1,2,1,1
234,1g301kzt,cx9,0,23,23,app_end,End,2025-11-25 16:14:52.440801,1,,,0.0,1,e5y22b4i,,,,,0,1.0,0.0,SS_WS2526,234,,0.0,3,1,2,2025-11-25T16:14:55.397Z,0,1,1,1,234,,0.0,,,,,,,,,,,4,3,4,4,10,-999,-999,1,1,234,,0.0,1uq,cav,afp,q9a,ka0,oae,ayq,9ah,ras,5ga,vja,ats,07h,ty0,3rt,pdp,1a7,7a9,ak1,aq6,4aw,87a,x,x,x,87a,a3g,2af,s1a,zda,8ag,x,x,x,x,x,x,x,x,x,x,x,x,x,x,x,x,x,x,x,1,0,1,0,0,1,0,1,0,0,1,1,1,0,0,1,0,1,0,0,1,0,1,0,0,1,0,1,0,0,1,0,1,0,0,1,0,1,0,0,1,0,1,0,0,1,0,1,0,0,1,0,1,0,0,1,0,1,0,0,1,0,1,0,0,1,0,1,0,0,1,0,1,0,0,1,0,1,0,0,1,0,1,0,0,1,0,1,0,0,1,0,1,0,0,1,0,1,0,0,1,0,1,0,0,1,0,1,0,0,0,0,0,0,0,0,0,0,0,0,0,0,0,0,0,1,0,1,0,0,1,0,1,0,0,1,0,1,0,0,1,0,1,0,0,1,0,1,0,0,1,0,1,0,0,0,0,0,0,0,0,0,0,0,0,0,0,0,0,0,0,0,0,0,0,0,0,0,0,0,0,0,0,0,0,0,0,0,0,0,0,0,0,0,0,0,0,0,0,0,0,0,0,0,0,0,0,0,0,0,0,0,0,0,0,0,0,0,0,0,0,0,0,0,0,0,0,0,0,0,0,0,0,0,0,0,0,0,0,0,0,0,0,0,0,0,0,0,0,0,1,1,1,1,1,1,1,1,1,1,1,1,1,1,1,1,1,1,1,1,1,1,,,,1,1,1,1,1,1,,,,,,,,,,,,,,,,,,,,5,4,3,2,2,3,3,3,3,2,2,2,4,4,4,4,3,2,2,3,4,3,3,,,,4,3,4,5,4,4,,,,,,,,,,,,,,,,,,,,-999,-999,-999,1,1,234,,0.0,,,,3,3.3,6,5,5,5,6,5,5,5,7,6,5,6,,,2,3,2,3,4,4,4,4,4,3,3,3,3,3,3,3,4,4,4,3,3,4,,,,4,2,3,3,4,4,,,,,,,,,,,,,,,,,,,,-999,-999,-999,1,1,234,,0.0,2,6,5,2,2,6,6,6,6,6,6,6,6,6,6,6,6,6,6,6,6,6,6,6,6,6,6,6,6,,,,6,6,6,6,6,6,,,,,,,,,,,,,,,,,,,,2,2,2,2,2,2,2,2,2,2,2,2,2,2,2,2,2,2,2,2,2,2,,,,2,2,2,2,2,2,,,,,,,,,,,,,,,,,,,,-999,1,1,234,,0.0,7,8,9,6,5,7,3,10,7,2,2,1,9,5,1,7,1,11,10,11,8,1,1,1,7,1,1,1,1,7,1,2,1,8,8,10,6,11,1,1,0,1,1,4,2,5,2,4,4,4,0,0,0,1,0,1,0,1,1,1,1,0,,1,1,-999,-999,-999,-999,-999,-999,1,1,234,,0.0,0,620420,cx9_620420,,2025-11-25T16:34:40.405Z,-999,,-999,-999,3,1,3,2,1,2,4,8,10,13,9,11,2,3,5,14,12,1,6,7,1,2,2,1,1
235,4hlmyya1,e8i,0,23,23,app_end,End,2025-11-25 16:15:17.707363,1,,,0.0,1,e5y22b4i,,,,,0,1.0,0.0,SS_WS2526,235,,0.0,2,5,3,2025-11-25T16:15:18.111Z,0,3,1,1,235,,0.0,,,,,,,,,,,3,2,3,2,10,-999,-999,1,1,235,,0.0,fle,x,x,x,x,x,x,x,x,x,x,x,x,x,x,x,x,x,x,x,x,x,x,x,x,x,x,x,x,x,x,x,x,x,x,x,x,x,x,x,x,x,x,x,x,x,x,x,x,x,1,0,1,1,1,0,0,0,0,0,0,0,0,0,0,0,0,0,0,0,0,0,0,0,0,0,0,0,0,0,0,0,0,0,0,0,0,0,0,0,0,0,0,0,0,0,0,0,0,0,0,0,0,0,0,0,0,0,0,0,0,0,0,0,0,0,0,0,0,0,0,0,0,0,0,0,0,0,0,0,0,0,0,0,0,0,0,0,0,0,0,0,0,0,0,0,0,0,0,0,0,0,0,0,0,0,0,0,0,0,0,0,0,0,0,0,0,0,0,0,0,0,0,0,0,0,0,0,0,0,0,0,0,0,0,0,0,0,0,0,0,0,0,0,0,0,0,0,0,0,0,0,0,0,0,0,0,0,0,0,0,0,0,0,0,0,0,0,0,0,0,0,0,0,0,0,0,0,0,0,0,0,0,0,0,0,0,0,0,0,0,0,0,0,0,0,0,0,0,0,0,0,0,0,0,0,0,0,0,0,0,0,0,0,0,0,0,0,0,0,0,0,0,0,0,0,0,0,0,0,0,0,0,0,0,0,0,0,0,0,0,0,0,0,0,0,0,0,0,0,1,,,,,,,,,,,,,,,,,,,,,,,,,,,,,,,,,,,,,,,,,,,,,,,,,,5,5,,,,,,,,,,,,,,,,,,,,,,,,,,,,,,,,,,,,,,,,,,,,,,,,,,-999,-999,-999,1,1,235,,0.0,,,,1,2.0,2,3,4,4,4,4,4,6,5,6,5,6,,,5,,,,,,,,,,,,,,,,,,,,,,,,,,,,,,,,,,,,,,,,,,,,,,,,,,-999,-999,-999,1,1,235,,0.0,3,6,6,6,5,7,5,5,,,,,,,,,,,,,,,,,,,,,,,,,,,,,,,,,,,,,,,,,,,,,,,,,,4,,,,,,,,,,,,,,,,,,,,,,,,,,,,,,,,,,,,,,,,,,,,,,,,,,-999,1,1,235,,0.0,3,5,3,5,4,5,4,1,1,5,,5,5,5,1,1,1,9,6,9,0,1,1,1,6,8,9,1,1,3,1,1,1,3,1,3,5,6,3,3,0,0,0,5,4,5,4,5,5,5,0,0,0,1,0,1,1,1,1,0,0,0,,1,1,-999,-999,-999,-999,-999,-999,1,1,235,,0.0,2,205483,e8i_205483,,2025-11-25T16:20:36.540Z,-999,,-999,-999,1,2,1,3,3,1,10,5,7,3,8,11,14,2,12,1,9,6,13,4,2,2,2,1,1
236,iazxzjf7,07h,0,23,23,app_end,End,2025-11-25 16:16:27.611806,1,,,0.0,1,e5y22b4i,,,,,0,1.0,0.0,SS_WS2526,236,,0.0,2,5,3,2025-11-25T16:16:27.750Z,1,3,1,1,236,,0.0,,,,,,,,,,,4,3,5,3,0,-999,-999,1,1,236,,0.0,cx9,1zx,r3x,x,x,x,x,x,x,x,x,x,x,x,x,x,x,x,x,x,x,x,x,x,x,x,x,x,x,x,x,x,x,x,x,x,x,x,x,x,x,x,x,x,x,x,x,x,x,x,0,0,1,0,0,0,0,1,0,0,0,0,1,0,0,0,0,0,0,0,0,0,0,0,0,0,0,0,0,0,0,0,0,0,0,0,0,0,0,0,0,0,0,0,0,0,0,0,0,0,0,0,0,0,0,0,0,0,0,0,0,0,0,0,0,0,0,0,0,0,0,0,0,0,0,0,0,0,0,0,0,0,0,0,0,0,0,0,0,0,0,0,0,0,0,0,0,0,0,0,0,0,0,0,0,0,0,0,0,0,0,0,0,0,0,0,0,0,0,0,0,0,0,0,0,0,0,0,0,0,0,0,0,0,0,0,0,0,0,0,0,0,0,0,0,0,0,0,0,0,0,0,0,0,0,0,0,0,0,0,0,0,0,0,0,0,0,0,0,0,0,0,0,0,0,0,0,0,0,0,0,0,0,0,0,0,0,0,0,0,0,0,0,0,0,0,0,0,0,0,0,0,0,0,0,0,0,0,0,0,0,0,0,0,0,0,0,0,0,0,0,0,0,0,0,0,0,0,0,0,0,0,0,0,0,0,0,0,0,0,0,0,0,0,0,0,0,0,0,0,1,2,2,,,,,,,,,,,,,,,,,,,,,,,,,,,,,,,,,,,,,,,,,,,,,,,,3,5,4,4,,,,,,,,,,,,,,,,,,,,,,,,,,,,,,,,,,,,,,,,,,,,,,,,-999,-999,-999,1,1,236,,0.0,,,,6,2.7,3,7,5,5,7,6,2,7,3,3,5,2,,,5,5,5,,,,,,,,,,,,,,,,,,,,,,,,,,,,,,,,,,,,,,,,,,,,,,,,-999,-999,-999,1,1,236,,0.0,3,2,3,1,3,3,6,6,6,6,,,,,,,,,,,,,,,,,,,,,,,,,,,,,,,,,,,,,,,,,,,,,,,,1,1,2,,,,,,,,,,,,,,,,,,,,,,,,,,,,,,,,,,,,,,,,,,,,,,,,-999,1,1,236,,0.0,3,8,9,4,4,7,2,11,9,4,2,10,9,5,1,,1,11,2,10,6,1,6,4,3,6,11,1,6,3,1,1,2,8,2,4,7,8,6,6,6,6,6,5,3,5,3,5,4,4,0,0,0,1,1,1,1,1,0,0,0,0,,1,1,-999,-999,-999,-999,-999,-999,1,1,236,,0.0,1,577807,07h_577807,,2025-11-25T16:26:42.050Z,-999,,-999,,2,3,1,3,1,2,14,6,12,5,10,2,7,8,13,9,3,4,1,11,2,2,1,1,1
237,0a0erk00,3rt,0,23,23,app_end,End,2025-11-25 16:16:47.980024,1,,,0.0,1,e5y22b4i,,,,,0,1.0,0.0,SS_WS2526,237,,0.0,3,2,3,2025-11-25T16:16:48.274Z,0,2,1,1,237,,0.0,,,,,,,,,,,4,3,5,2,0,-999,-999,1,1,237,,0.0,rji,u5b,zfv,i9d,cav,7mf,685,cx9,pdp,ty0,07h,fyg,1ey,x,x,x,x,x,x,x,x,x,x,x,x,x,x,x,x,x,x,x,x,x,x,x,x,x,x,x,x,x,x,x,x,x,x,x,x,x,0,0,0,0,0,0,0,0,0,0,1,0,0,0,0,1,0,0,1,1,1,0,0,0,0,0,0,1,0,0,1,0,0,0,1,1,0,1,0,0,0,0,0,1,0,1,0,0,1,0,0,0,0,1,0,1,0,0,1,1,0,0,1,0,0,0,0,0,0,0,0,0,0,0,0,0,0,0,0,0,0,0,0,0,0,0,0,0,0,0,0,0,0,0,0,0,0,0,0,0,0,0,0,0,0,0,0,0,0,0,0,0,0,0,0,0,0,0,0,0,0,0,0,0,0,0,0,0,0,0,0,0,0,0,0,0,0,0,0,0,0,0,0,0,0,0,0,0,0,0,0,0,0,0,0,0,0,0,0,0,0,0,0,0,0,0,0,0,0,0,0,0,0,0,0,0,0,0,0,0,0,0,0,0,0,0,0,0,0,0,0,0,0,0,0,0,0,0,0,0,0,0,0,0,0,0,0,0,0,0,0,0,0,0,0,0,0,0,0,0,0,0,0,0,0,0,0,0,0,0,0,0,0,0,0,0,0,0,0,0,0,0,0,0,0,0,0,0,0,0,3,3,4,1,3,9,8,5,6,6,5,2,2,,,,,,,,,,,,,,,,,,,,,,,,,,,,,,,,,,,,,,5,4,6,6,5,7,8,5,3,5,6,6,7,8,,,,,,,,,,,,,,,,,,,,,,,,,,,,,,,,,,,,,,-999,-999,-999,1,1,237,,0.0,,,,6,2.3,5,5,6,5,7,6,4,7,7,7,6,6,,,4,6,6,5,7,6,5,6,6,7,7,6,5,,,,,,,,,,,,,,,,,,,,,,,,,,,,,,,,,,,,,,-999,-999,-999,1,1,237,,0.0,1,3,1,2,3,2,6,5,5,5,6,5,3,5,6,6,6,5,4,5,,,,,,,,,,,,,,,,,,,,,,,,,,,,,,,,,,,,,,2,2,2,2,2,2,2,2,2,2,2,2,2,,,,,,,,,,,,,,,,,,,,,,,,,,,,,,,,,,,,,,-999,1,1,237,,0.0,,9,8,5,6,6,1,11,8,5,6,8,6,4,1,7,3,7,6,7,0,1,0,4,5,0,0,1,0,3,1,1,1,6,3,4,8,6,0,0,0,0,0,4,3,4,2,4,4,4,1,1,1,1,0,1,1,1,1,0,1,0,,2,2,-999,-999,-999,-999,-999,-999,1,1,237,,0.0,0,898648,3rt_898648,,2025-11-25T16:34:04.953Z,-999,,-999,-999,2,3,2,3,1,2,3,9,4,1,5,7,11,6,14,10,12,2,13,8,2,1,2,1,1
238,ue5dhwow,ty0,0,23,23,app_end,End,2025-11-25 16:17:53.022367,1,,,0.0,1,e5y22b4i,,,,,0,1.0,0.0,SS_WS2526,238,,0.0,3,2,3,2025-11-25T16:17:53.563Z,0,2,1,1,238,,0.0,,,,,,,,,,,4,4,4,4,0,-999,-999,1,1,238,,0.0,cx9,3rt,pdp,07h,x,x,x,x,x,x,x,x,x,x,x,x,x,x,x,x,x,x,x,x,x,x,x,x,x,x,x,x,x,x,x,x,x,x,x,x,x,x,x,x,x,x,x,x,x,x,1,0,0,0,0,0,0,0,0,1,0,0,1,0,0,0,0,1,0,0,0,0,0,0,0,0,0,0,0,0,0,0,0,0,0,0,0,0,0,0,0,0,0,0,0,0,0,0,0,0,0,0,0,0,0,0,0,0,0,0,0,0,0,0,0,0,0,0,0,0,0,0,0,0,0,0,0,0,0,0,0,0,0,0,0,0,0,0,0,0,0,0,0,0,0,0,0,0,0,0,0,0,0,0,0,0,0,0,0,0,0,0,0,0,0,0,0,0,0,0,0,0,0,0,0,0,0,0,0,0,0,0,0,0,0,0,0,0,0,0,0,0,0,0,0,0,0,0,0,0,0,0,0,0,0,0,0,0,0,0,0,0,0,0,0,0,0,0,0,0,0,0,0,0,0,0,0,0,0,0,0,0,0,0,0,0,0,0,0,0,0,0,0,0,0,0,0,0,0,0,0,0,0,0,0,0,0,0,0,0,0,0,0,0,0,0,0,0,0,0,0,0,0,0,0,0,0,0,0,0,0,0,0,0,0,0,0,0,0,0,0,0,0,0,0,0,0,0,0,0,1,2,1,3,,,,,,,,,,,,,,,,,,,,,,,,,,,,,,,,,,,,,,,,,,,,,,,3,4,5,4,5,,,,,,,,,,,,,,,,,,,,,,,,,,,,,,,,,,,,,,,,,,,,,,,-999,-999,-999,1,1,238,,0.0,,,,4,3.0,4,5,2,6,6,5,6,5,6,3,7,6,,,7,7,7,7,,,,,,,,,,,,,,,,,,,,,,,,,,,,,,,,,,,,,,,,,,,,,,,-999,-999,-999,1,1,238,,0.0,4,4,3,3,4,3,5,6,6,6,6,,,,,,,,,,,,,,,,,,,,,,,,,,,,,,,,,,,,,,,,,,,,,,,2,3,2,3,,,,,,,,,,,,,,,,,,,,,,,,,,,,,,,,,,,,,,,,,,,,,,,-999,1,1,238,,0.0,6,8,9,6,5,8,3,11,8,3,3,6,7,3,1,9,2,7,7,9,9,1,9,2,2,7,5,1,10,2,1,1,1,5,2,3,11,9,6,6,6,6,6,5,2,5,3,4,5,4,1,0,0,1,0,1,1,1,1,0,0,1,,1,1,-999,-999,-999,-999,-999,-999,1,1,238,,0.0,0,247570,ty0_247570,,2025-11-25T16:31:49.412Z,-999,,-999,-999,2,3,3,1,1,3,14,3,11,12,5,9,6,4,7,10,8,2,1,13,2,2,2,1,1
239,3kpca075,1uq,0,23,23,app_end,End,2025-11-25 16:20:47.491731,1,,,0.0,1,e5y22b4i,,,,,0,1.0,0.0,SS_WS2526,239,,0.0,1,4,3,2025-11-25T16:20:47.778Z,0,2,1,1,239,,0.0,,,,,,,,,,,4,3,4,3,0,-999,-999,1,1,239,,0.0,8mx,r3x,xlt,9sx,g1x,hxt,i8x,xgx,1zx,ctx,xsk,x27,swx,xfz,kxw,xkh,jxk,cx9,qyx,w9x,m7x,vkx,xqb,x9g,3xf,xzu,xjm,mx2,6xp,dxs,yfx,xxy,x,x,x,x,x,x,x,x,x,x,x,x,x,x,x,x,x,x,1,0,1,0,0,1,0,0,1,1,1,0,0,0,0,1,0,1,0,0,1,0,0,0,0,1,0,0,0,1,0,0,1,1,1,1,0,0,0,0,0,0,1,0,0,1,0,0,0,0,0,0,1,0,0,0,0,1,0,0,0,0,1,0,0,0,0,1,0,0,1,0,0,0,0,0,0,0,0,0,0,0,1,0,0,1,0,1,0,0,0,0,1,0,0,1,0,0,0,0,1,0,1,0,0,1,0,1,0,0,0,0,0,1,0,1,0,0,0,0,0,0,1,0,0,1,0,1,0,1,0,0,0,0,0,0,0,1,1,0,1,0,0,1,0,0,0,0,0,0,0,0,1,1,1,1,0,0,0,0,0,0,0,0,0,0,0,0,0,0,0,0,0,0,0,0,0,0,0,0,0,0,0,0,0,0,0,0,0,0,0,0,0,0,0,0,0,0,0,0,0,0,0,0,0,0,0,0,0,0,0,0,0,0,0,0,0,0,0,0,0,0,0,0,0,0,0,0,0,0,0,0,0,0,0,0,0,0,0,0,0,0,0,0,0,0,0,0,0,0,1,1,1,2,1,2,1,3,3,2,3,1,4,4,3,1,2,3,1,1,2,3,5,3,4,5,2,1,2,3,3,2,,,,,,,,,,,,,,,,,,,4,4,3,,3,4,6,4,4,3,4,2,,5,6,5,4,4,3,3,4,5,4,4,3,3,2,2,3,4,5,3,4,,,,,,,,,,,,,,,,,,,-999,-999,-999,1,1,239,,0.0,,,,0,2.7,5,7,0,6,4,0,2,7,5,4,4,5,,,4,,4,3,3,5,5,6,,5,5,,6,4,5,4,3,6,7,,6,5,4,5,5,4,4,6,4,2,5,4,,,,,,,,,,,,,,,,,,,-999,-999,-999,1,1,239,,0.0,1,2,2,2,2,2,7,6,6,7,5,6,6,7,6,,5,6,0,0,0,7,6,6,5,6,7,6,6,6,5,7,5,6,7,6,6,6,7,,,,,,,,,,,,,,,,,,,3,2,2,1,1,2,1,1,3,2,2,1,2,,3,1,2,2,1,2,3,,3,5,2,3,2,2,3,1,2,2,,,,,,,,,,,,,,,,,,,-999,1,1,239,,0.0,7,7,8,5,3,7,2,10,9,7,6,9,10,6,1,2,1,10,8,11,9,1,6,4,5,6,7,1,6,4,1,1,1,8,7,9,8,9,6,0,0,8,6,4,2,4,2,4,4,4,0,1,0,1,0,1,0,1,1,0,1,1,,1,1,-999,-999,-999,-999,-999,-999,1,1,239,,0.0,0,976243,1uq_976243,,2025-11-25T16:36:54.502Z,-999,,-999,-999,1,2,1,3,1,3,3,8,13,2,6,10,14,11,9,1,5,7,4,12,2,1,1,1,1
240,gjb9bfh7,d8d,0,23,23,app_end,End,2025-11-25 16:31:16.817308,1,,,0.0,0,e5y22b4i,,,,,0,1.0,0.0,SS_WS2526,240,,0.0,3,2,3,2025-11-25T16:31:17.069Z,0,2,1,1,240,,0.0,2005,1,72,2024,1,1,1,1,1,1,4,3,4,3,0,-999,-999,1,1,240,,0.0,i8x,3ue,ier,x,x,x,x,x,x,x,x,x,x,x,x,x,x,x,x,x,x,x,x,x,x,x,x,x,x,x,x,x,x,x,x,x,x,x,x,x,x,x,x,x,x,x,x,x,x,x,1,0,1,1,1,1,0,1,1,1,1,0,1,1,1,0,0,0,0,0,0,0,0,0,0,0,0,0,0,0,0,0,0,0,0,0,0,0,0,0,0,0,0,0,0,0,0,0,0,0,0,0,0,0,0,0,0,0,0,0,0,0,0,0,0,0,0,0,0,0,0,0,0,0,0,0,0,0,0,0,0,0,0,0,0,0,0,0,0,0,0,0,0,0,0,0,0,0,0,0,0,0,0,0,0,0,0,0,0,0,0,0,0,0,0,0,0,0,0,0,0,0,0,0,0,0,0,0,0,0,0,0,0,0,0,0,0,0,0,0,0,0,0,0,0,0,0,0,0,0,0,0,0,0,0,0,0,0,0,0,0,0,0,0,0,0,0,0,0,0,0,0,0,0,0,0,0,0,0,0,0,0,0,0,0,0,0,0,0,0,0,0,0,0,0,0,0,0,0,0,0,0,0,0,0,0,0,0,0,0,0,0,0,0,0,0,0,0,0,0,0,0,0,0,0,0,0,0,0,0,0,0,0,0,0,0,0,0,0,0,0,0,0,0,0,0,0,0,0,0,1,1,1,,,,,,,,,,,,,,,,,,,,,,,,,,,,,,,,,,,,,,,,,,,,,,,,3,4,,,,,,,,,,,,,,,,,,,,,,,,,,,,,,,,,,,,,,,,,,,,,,,,,,-999,-999,-999,1,1,240,,0.0,1,1,1,4,3.0,3,3,1,5,2,1,4,7,7,6,7,6,2,1,2,,,,,,,,,,,,,,,,,,,,,,,,,,,,,,,,,,,,,,,,,,,,,,,,,,-999,-999,-999,1,1,240,,0.0,1,4,1,1,1,1,7,6,7,7,,,,,,,,,,,,,,,,,,,,,,,,,,,,,,,,,,,,,,,,,,,,,,,,2,1,1,,,,,,,,,,,,,,,,,,,,,,,,,,,,,,,,,,,,,,,,,,,,,,,,-999,1,1,240,,0.0,6,7,7,5,3,6,2,9,4,3,3,7,8,3,1,10,4,4,6,0,0,1,0,0,1,0,1,0,0,1,1,1,1,2,0,1,10,2,0,0,0,0,0,4,2,5,3,4,4,4,1,0,1,1,0,1,1,1,1,0,0,0,,2,1,-999,-999,-999,-999,-999,-999,1,1,240,,0.0,0,521629,d8d_521629,,2025-11-25T16:44:49.268Z,-999,,-999,-999,3,1,2,1,1,3,1,7,12,11,2,5,4,6,13,3,8,14,9,10,2,2,1,1,1
241,1ota6lqp,xlt,0,23,23,app_end,End,2025-11-25 16:35:00.957982,1,,,0.0,1,e5y22b4i,,,,,0,1.0,0.0,SS_WS2526,241,,0.0,3,2,3,2025-11-25T16:34:45.614Z,0,1,1,1,241,,0.0,,,,,,,,,,,1,2,2,2,0,-999,-999,1,1,241,,0.0,x,x,x,x,x,x,x,x,x,x,x,x,x,x,x,x,x,x,x,x,x,x,x,x,x,x,x,x,x,x,x,x,x,x,x,x,x,x,x,x,x,x,x,x,x,x,x,x,x,x,0,0,0,0,0,0,0,0,0,0,0,0,0,0,0,0,0,0,0,0,0,0,0,0,0,0,0,0,0,0,0,0,0,0,0,0,0,0,0,0,0,0,0,0,0,0,0,0,0,0,0,0,0,0,0,0,0,0,0,0,0,0,0,0,0,0,0,0,0,0,0,0,0,0,0,0,0,0,0,0,0,0,0,0,0,0,0,0,0,0,0,0,0,0,0,0,0,0,0,0,0,0,0,0,0,0,0,0,0,0,0,0,0,0,0,0,0,0,0,0,0,0,0,0,0,0,0,0,0,0,0,0,0,0,0,0,0,0,0,0,0,0,0,0,0,0,0,0,0,0,0,0,0,0,0,0,0,0,0,0,0,0,0,0,0,0,0,0,0,0,0,0,0,0,0,0,0,0,0,0,0,0,0,0,0,0,0,0,0,0,0,0,0,0,0,0,0,0,0,0,0,0,0,0,0,0,0,0,0,0,0,0,0,0,0,0,0,0,0,0,0,0,0,0,0,0,0,0,0,0,0,0,0,0,0,0,0,0,0,0,0,0,0,0,0,0,0,0,0,0,,,,,,,,,,,,,,,,,,,,,,,,,,,,,,,,,,,,,,,,,,,,,,,,,,,6,,,,,,,,,,,,,,,,,,,,,,,,,,,,,,,,,,,,,,,,,,,,,,,,,,,-999,-999,-999,1,1,241,,0.0,,,,3,2.7,1,5,4,7,3,5,3,6,3,3,2,3,,,,,,,,,,,,,,,,,,,,,,,,,,,,,,,,,,,,,,,,,,,,,,,,,,,,,-999,-999,-999,1,1,241,,0.0,4,7,6,6,6,6,4,,,,,,,,,,,,,,,,,,,,,,,,,,,,,,,,,,,,,,,,,,,,,,,,,,,,,,,,,,,,,,,,,,,,,,,,,,,,,,,,,,,,,,,,,,,,,,,,,,,,,-999,1,1,241,,0.0,4,4,5,3,2,5,1,8,6,0,0,0,0,0,0,0,0,4,4,4,0,5,4,5,6,0,5,6,0,3,6,6,3,3,4,3,4,4,0,0,0,4,0,4,3,4,3,3,4,3,1,1,0,1,0,1,0,1,0,1,1,0,,2,1,-999,-999,-999,-999,-999,-999,1,1,241,,0.0,2,415467,xlt_415467,,2025-11-25T17:03:06.731Z,-999,,-999,-999,1,3,3,1,1,3,4,6,12,3,5,8,9,14,1,2,7,10,13,11,1,1,2,1,1
242,n2qqcec9,90o,0,23,23,app_end,End,2025-11-25 16:43:13.294344,1,,,0.0,0,e5y22b4i,,,,,0,1.0,0.0,SS_WS2526,242,,0.0,3,1,2,2025-11-25T16:43:13.483Z,0,1,1,1,242,,0.0,2006,2,76,2024,1,1,1,1,1,1,2,3,3,2,0,-999,-999,1,1,242,,0.0,un5,x,x,x,x,x,x,x,x,x,x,x,x,x,x,x,x,x,x,x,x,x,x,x,x,x,x,x,x,x,x,x,x,x,x,x,x,x,x,x,x,x,x,x,x,x,x,x,x,x,1,1,1,0,1,0,0,0,0,0,0,0,0,0,0,0,0,0,0,0,0,0,0,0,0,0,0,0,0,0,0,0,0,0,0,0,0,0,0,0,0,0,0,0,0,0,0,0,0,0,0,0,0,0,0,0,0,0,0,0,0,0,0,0,0,0,0,0,0,0,0,0,0,0,0,0,0,0,0,0,0,0,0,0,0,0,0,0,0,0,0,0,0,0,0,0,0,0,0,0,0,0,0,0,0,0,0,0,0,0,0,0,0,0,0,0,0,0,0,0,0,0,0,0,0,0,0,0,0,0,0,0,0,0,0,0,0,0,0,0,0,0,0,0,0,0,0,0,0,0,0,0,0,0,0,0,0,0,0,0,0,0,0,0,0,0,0,0,0,0,0,0,0,0,0,0,0,0,0,0,0,0,0,0,0,0,0,0,0,0,0,0,0,0,0,0,0,0,0,0,0,0,0,0,0,0,0,0,0,0,0,0,0,0,0,0,0,0,0,0,0,0,0,0,0,0,0,0,0,0,0,0,0,0,0,0,0,0,0,0,0,0,0,0,0,0,0,0,0,0,1,,,,,,,,,,,,,,,,,,,,,,,,,,,,,,,,,,,,,,,,,,,,,,,,,,3,4,,,,,,,,,,,,,,,,,,,,,,,,,,,,,,,,,,,,,,,,,,,,,,,,,,-999,-999,-999,1,1,242,,0.0,1,1,1,1,3.3,5,6,3,5,5,5,2,7,4,5,4,3,5,1,5,,,,,,,,,,,,,,,,,,,,,,,,,,,,,,,,,,,,,,,,,,,,,,,,,,-999,-999,-999,1,1,242,,0.0,2,3,2,2,2,3,7,5,,,,,,,,,,,,,,,,,,,,,,,,,,,,,,,,,,,,,,,,,,,,,,,,,,2,,,,,,,,,,,,,,,,,,,,,,,,,,,,,,,,,,,,,,,,,,,,,,,,,,-999,1,1,242,,0.0,3,8,8,4,5,5,1,11,7,3,3,8,7,7,1,8,2,9,6,8,6,1,0,4,3,0,5,1,0,1,2,1,1,7,5,4,4,5,0,0,0,0,0,5,3,4,4,5,4,4,0,0,0,1,0,1,1,1,1,0,0,0,,1,2,-999,-999,-999,-999,-999,-999,1,1,242,,0.0,1,841447,90o_841447,,2025-11-25T17:09:01.514Z,-999,,-999,,2,1,1,3,3,1,14,7,9,6,1,10,4,12,2,13,5,3,8,11,2,1,1,1,1
243,w64c7g1n,8yu,0,23,23,app_end,End,2025-11-25 16:46:04.221100,1,,,0.0,1,e5y22b4i,,,,,0,1.0,0.0,SS_WS2526,243,,0.0,3,1,3,2025-11-25T16:46:02.710Z,1,1,1,1,243,,0.0,,,,,,,,,,,2,2,2,2,10,-999,-999,1,1,243,,0.0,x,x,x,x,x,x,x,x,x,x,x,x,x,x,x,x,x,x,x,x,x,x,x,x,x,x,x,x,x,x,x,x,x,x,x,x,x,x,x,x,x,x,x,x,x,x,x,x,x,x,0,0,0,0,0,0,0,0,0,0,0,0,0,0,0,0,0,0,0,0,0,0,0,0,0,0,0,0,0,0,0,0,0,0,0,0,0,0,0,0,0,0,0,0,0,0,0,0,0,0,0,0,0,0,0,0,0,0,0,0,0,0,0,0,0,0,0,0,0,0,0,0,0,0,0,0,0,0,0,0,0,0,0,0,0,0,0,0,0,0,0,0,0,0,0,0,0,0,0,0,0,0,0,0,0,0,0,0,0,0,0,0,0,0,0,0,0,0,0,0,0,0,0,0,0,0,0,0,0,0,0,0,0,0,0,0,0,0,0,0,0,0,0,0,0,0,0,0,0,0,0,0,0,0,0,0,0,0,0,0,0,0,0,0,0,0,0,0,0,0,0,0,0,0,0,0,0,0,0,0,0,0,0,0,0,0,0,0,0,0,0,0,0,0,0,0,0,0,0,0,0,0,0,0,0,0,0,0,0,0,0,0,0,0,0,0,0,0,0,0,0,0,0,0,0,0,0,0,0,0,0,0,0,0,0,0,0,0,0,0,0,0,0,0,0,0,0,0,0,0,,,,,,,,,,,,,,,,,,,,,,,,,,,,,,,,,,,,,,,,,,,,,,,,,,,2,,,,,,,,,,,,,,,,,,,,,,,,,,,,,,,,,,,,,,,,,,,,,,,,,,,-999,-999,-999,1,1,243,,0.0,,,,0,1.7,1,6,4,5,7,7,7,7,6,3,5,6,,,,,,,,,,,,,,,,,,,,,,,,,,,,,,,,,,,,,,,,,,,,,,,,,,,,,-999,-999,-999,1,1,243,,0.0,1,3,4,3,4,5,5,,,,,,,,,,,,,,,,,,,,,,,,,,,,,,,,,,,,,,,,,,,,,,,,,,,,,,,,,,,,,,,,,,,,,,,,,,,,,,,,,,,,,,,,,,,,,,,,,,,,,-999,1,1,243,,0.0,6,9,10,5,2,7,1,11,8,1,1,5,9,3,1,10,1,0,0,10,0,1,0,0,1,0,0,0,0,1,1,1,0,2,0,0,10,0,0,0,0,0,0,3,2,3,1,4,4,4,0,0,1,1,0,1,0,1,0,1,1,1,,2,1,-999,-999,-999,-999,-999,-999,1,1,243,,0.0,0,920492,8yu_920492,,2025-11-25T16:55:24.993Z,-999,,-999,-999,3,2,3,1,1,3,8,11,5,14,3,1,7,4,9,10,12,13,6,2,2,1,2,1,1
244,muw07uwi,qcm,0,23,23,app_end,End,2025-11-25 17:07:58.196117,1,,,0.0,1,e5y22b4i,,,,,0,1.0,0.0,SS_WS2526,244,,0.0,3,2,3,2025-11-25T17:07:58.392Z,0,2,1,1,244,,0.0,,,,,,,,,,,4,3,4,3,0,-999,-999,1,1,244,,0.0,z63,x,x,x,x,x,x,x,x,x,x,x,x,x,x,x,x,x,x,x,x,x,x,x,x,x,x,x,x,x,x,x,x,x,x,x,x,x,x,x,x,x,x,x,x,x,x,x,x,x,1,0,0,0,1,0,0,0,0,0,0,0,0,0,0,0,0,0,0,0,0,0,0,0,0,0,0,0,0,0,0,0,0,0,0,0,0,0,0,0,0,0,0,0,0,0,0,0,0,0,0,0,0,0,0,0,0,0,0,0,0,0,0,0,0,0,0,0,0,0,0,0,0,0,0,0,0,0,0,0,0,0,0,0,0,0,0,0,0,0,0,0,0,0,0,0,0,0,0,0,0,0,0,0,0,0,0,0,0,0,0,0,0,0,0,0,0,0,0,0,0,0,0,0,0,0,0,0,0,0,0,0,0,0,0,0,0,0,0,0,0,0,0,0,0,0,0,0,0,0,0,0,0,0,0,0,0,0,0,0,0,0,0,0,0,0,0,0,0,0,0,0,0,0,0,0,0,0,0,0,0,0,0,0,0,0,0,0,0,0,0,0,0,0,0,0,0,0,0,0,0,0,0,0,0,0,0,0,0,0,0,0,0,0,0,0,0,0,0,0,0,0,0,0,0,0,0,0,0,0,0,0,0,0,0,0,0,0,0,0,0,0,0,0,0,0,0,0,0,0,,,,,,,,,,,,,,,,,,,,,,,,,,,,,,,,,,,,,,,,,,,,,,,,,,,6,7,,,,,,,,,,,,,,,,,,,,,,,,,,,,,,,,,,,,,,,,,,,,,,,,,,-999,-999,-999,1,1,244,,0.0,,,,1,1.3,4,5,6,4,5,6,7,7,7,7,1,7,,,1,,,,,,,,,,,,,,,,,,,,,,,,,,,,,,,,,,,,,,,,,,,,,,,,,,-999,-999,-999,1,1,244,,0.0,1,5,0,3,5,0,4,3,,,,,,,,,,,,,,,,,,,,,,,,,,,,,,,,,,,,,,,,,,,,,,,,,,2,,,,,,,,,,,,,,,,,,,,,,,,,,,,,,,,,,,,,,,,,,,,,,,,,,-999,1,1,244,,0.0,3,6,6,4,2,6,1,11,1,7,7,9,9,5,1,1,1,0,0,7,0,1,0,0,2,0,0,0,0,2,1,1,0,0,1,0,0,0,0,0,0,0,0,4,2,2,2,4,4,4,0,0,0,1,0,1,1,1,1,0,0,1,,1,1,-999,-999,-999,-999,-999,-999,1,1,244,,0.0,2,644530,qcm_644530,,2025-11-25T17:20:51.764Z,-999,,-999,-999,2,3,3,2,3,1,3,13,4,12,14,10,5,8,7,11,1,6,9,2,2,2,2,1,1
245,awbpbkkv,yby,0,23,23,app_end,End,2025-11-25 17:16:23.203583,1,,,0.0,1,e5y22b4i,,,,,0,1.0,0.0,SS_WS2526,245,,0.0,3,1,2,2025-11-25T17:16:25.205Z,0,1,1,1,245,,0.0,,,,,,,,,,,5,2,5,2,0,-999,-999,1,1,245,,0.0,x,x,x,x,x,x,x,x,x,x,x,x,x,x,x,x,x,x,x,x,x,x,x,x,x,x,x,x,x,x,x,x,x,x,x,x,x,x,x,x,x,x,x,x,x,x,x,x,x,x,0,0,0,0,0,0,0,0,0,0,0,0,0,0,0,0,0,0,0,0,0,0,0,0,0,0,0,0,0,0,0,0,0,0,0,0,0,0,0,0,0,0,0,0,0,0,0,0,0,0,0,0,0,0,0,0,0,0,0,0,0,0,0,0,0,0,0,0,0,0,0,0,0,0,0,0,0,0,0,0,0,0,0,0,0,0,0,0,0,0,0,0,0,0,0,0,0,0,0,0,0,0,0,0,0,0,0,0,0,0,0,0,0,0,0,0,0,0,0,0,0,0,0,0,0,0,0,0,0,0,0,0,0,0,0,0,0,0,0,0,0,0,0,0,0,0,0,0,0,0,0,0,0,0,0,0,0,0,0,0,0,0,0,0,0,0,0,0,0,0,0,0,0,0,0,0,0,0,0,0,0,0,0,0,0,0,0,0,0,0,0,0,0,0,0,0,0,0,0,0,0,0,0,0,0,0,0,0,0,0,0,0,0,0,0,0,0,0,0,0,0,0,0,0,0,0,0,0,0,0,0,0,0,0,0,0,0,0,0,0,0,0,0,0,0,0,0,0,0,0,,,,,,,,,,,,,,,,,,,,,,,,,,,,,,,,,,,,,,,,,,,,,,,,,,,7,,,,,,,,,,,,,,,,,,,,,,,,,,,,,,,,,,,,,,,,,,,,,,,,,,,-999,-999,-999,1,1,245,,0.0,,,,6,1.7,2,4,6,5,6,5,6,7,6,6,7,6,,,,,,,,,,,,,,,,,,,,,,,,,,,,,,,,,,,,,,,,,,,,,,,,,,,,,-999,-999,-999,1,1,245,,0.0,3,6,5,5,5,4,2,,,,,,,,,,,,,,,,,,,,,,,,,,,,,,,,,,,,,,,,,,,,,,,,,,,,,,,,,,,,,,,,,,,,,,,,,,,,,,,,,,,,,,,,,,,,,,,,,,,,,-999,1,1,245,,0.0,1,8,9,5,5,8,1,11,0,9,0,0,8,0,1,1,1,10,4,4,5,1,1,9,7,7,4,1,0,8,1,1,0,9,0,0,3,0,0,0,0,0,0,4,3,2,2,1,1,1,0,0,0,1,0,0,0,1,0,0,0,0,,2,2,-999,-999,-999,-999,-999,-999,1,1,245,,0.0,1,108250,yby_108250,,2025-11-25T17:27:24.909Z,-999,,-999,,2,3,3,2,3,2,12,13,9,8,5,3,1,7,6,4,14,10,11,2,2,2,2,1,1
246,n8gjm3kz,,0,0,23,,,,0,,,0.0,,e5y22b4i,,,,,0,1.0,0.0,SS_WS2526,246,,0.0,,,,-999,,,1,1,246,,0.0,,,,,,,,,,,,,,,0,-999,-999,1,1,246,,0.0,x,x,x,x,x,x,x,x,x,x,x,x,x,x,x,x,x,x,x,x,x,x,x,x,x,x,x,x,x,x,x,x,x,x,x,x,x,x,x,x,x,x,x,x,x,x,x,x,x,x,0,0,0,0,0,0,0,0,0,0,0,0,0,0,0,0,0,0,0,0,0,0,0,0,0,0,0,0,0,0,0,0,0,0,0,0,0,0,0,0,0,0,0,0,0,0,0,0,0,0,0,0,0,0,0,0,0,0,0,0,0,0,0,0,0,0,0,0,0,0,0,0,0,0,0,0,0,0,0,0,0,0,0,0,0,0,0,0,0,0,0,0,0,0,0,0,0,0,0,0,0,0,0,0,0,0,0,0,0,0,0,0,0,0,0,0,0,0,0,0,0,0,0,0,0,0,0,0,0,0,0,0,0,0,0,0,0,0,0,0,0,0,0,0,0,0,0,0,0,0,0,0,0,0,0,0,0,0,0,0,0,0,0,0,0,0,0,0,0,0,0,0,0,0,0,0,0,0,0,0,0,0,0,0,0,0,0,0,0,0,0,0,0,0,0,0,0,0,0,0,0,0,0,0,0,0,0,0,0,0,0,0,0,0,0,0,0,0,0,0,0,0,0,0,0,0,0,0,0,0,0,0,0,0,0,0,0,0,0,0,0,0,0,0,0,0,0,0,0,0,,,,,,,,,,,,,,,,,,,,,,,,,,,,,,,,,,,,,,,,,,,,,,,,,,,,,,,,,,,,,,,,,,,,,,,,,,,,,,,,,,,,,,,,,,,,,,,,,,,,,,-999,-999,-999,1,1,246,,0.0,,,,,,0,,,,,,,,,,,,,,,,,,,,,,,,,,,,,,,,,,,,,,,,,,,,,,,,,,,,,,,,,,,,,,,,-999,-999,-999,1,1,246,,0.0,,,,,,,,,,,,,,,,,,,,,,,,,,,,,,,,,,,,,,,,,,,,,,,,,,,,,,,,,,,,,,,,,,,,,,,,,,,,,,,,,,,,,,,,,,,,,,,,,,,,,,,,,,,,-999,1,1,246,,0.0,,0,0,0,0,0,0,0,0,,,,,,,,,0,0,0,0,0,0,0,0,0,0,0,0,0,0,0,0,0,0,0,0,0,0,0,0,0,0,0,0,0,0,0,0,0,0,0,0,0,0,0,0,0,0,0,0,0,,,,-999,-999,-999,-999,-999,-999,1,1,246,,0.0,1,167950,,,-999,-999,,-999,,2,1,1,3,1,2,11,1,9,4,10,6,12,2,13,3,7,8,14,5,2,1,2,1,1
247,vu2hrdfm,,0,0,23,,,,0,,,0.0,,e5y22b4i,,,,,0,1.0,0.0,SS_WS2526,247,,0.0,,,,-999,,,1,1,247,,0.0,,,,,,,,,,,,,,,0,-999,-999,1,1,247,,0.0,x,x,x,x,x,x,x,x,x,x,x,x,x,x,x,x,x,x,x,x,x,x,x,x,x,x,x,x,x,x,x,x,x,x,x,x,x,x,x,x,x,x,x,x,x,x,x,x,x,x,0,0,0,0,0,0,0,0,0,0,0,0,0,0,0,0,0,0,0,0,0,0,0,0,0,0,0,0,0,0,0,0,0,0,0,0,0,0,0,0,0,0,0,0,0,0,0,0,0,0,0,0,0,0,0,0,0,0,0,0,0,0,0,0,0,0,0,0,0,0,0,0,0,0,0,0,0,0,0,0,0,0,0,0,0,0,0,0,0,0,0,0,0,0,0,0,0,0,0,0,0,0,0,0,0,0,0,0,0,0,0,0,0,0,0,0,0,0,0,0,0,0,0,0,0,0,0,0,0,0,0,0,0,0,0,0,0,0,0,0,0,0,0,0,0,0,0,0,0,0,0,0,0,0,0,0,0,0,0,0,0,0,0,0,0,0,0,0,0,0,0,0,0,0,0,0,0,0,0,0,0,0,0,0,0,0,0,0,0,0,0,0,0,0,0,0,0,0,0,0,0,0,0,0,0,0,0,0,0,0,0,0,0,0,0,0,0,0,0,0,0,0,0,0,0,0,0,0,0,0,0,0,0,0,0,0,0,0,0,0,0,0,0,0,0,0,0,0,0,0,,,,,,,,,,,,,,,,,,,,,,,,,,,,,,,,,,,,,,,,,,,,,,,,,,,,,,,,,,,,,,,,,,,,,,,,,,,,,,,,,,,,,,,,,,,,,,,,,,,,,,-999,-999,-999,1,1,247,,0.0,,,,,,0,,,,,,,,,,,,,,,,,,,,,,,,,,,,,,,,,,,,,,,,,,,,,,,,,,,,,,,,,,,,,,,,-999,-999,-999,1,1,247,,0.0,,,,,,,,,,,,,,,,,,,,,,,,,,,,,,,,,,,,,,,,,,,,,,,,,,,,,,,,,,,,,,,,,,,,,,,,,,,,,,,,,,,,,,,,,,,,,,,,,,,,,,,,,,,,-999,1,1,247,,0.0,,0,0,0,0,0,0,0,0,,,,,,,,,0,0,0,0,0,0,0,0,0,0,0,0,0,0,0,0,0,0,0,0,0,0,0,0,0,0,0,0,0,0,0,0,0,0,0,0,0,0,0,0,0,0,0,0,0,,,,-999,-999,-999,-999,-999,-999,1,1,247,,0.0,2,611706,,,-999,-999,,-999,-999,3,1,2,1,2,3,1,10,2,3,12,8,13,5,7,11,6,4,9,14,2,1,1,1,1
248,5zrh4csi,,0,0,23,,,,0,,,0.0,,e5y22b4i,,,,,0,1.0,0.0,SS_WS2526,248,,0.0,,,,-999,,,1,1,248,,0.0,,,,,,,,,,,,,,,0,-999,-999,1,1,248,,0.0,x,x,x,x,x,x,x,x,x,x,x,x,x,x,x,x,x,x,x,x,x,x,x,x,x,x,x,x,x,x,x,x,x,x,x,x,x,x,x,x,x,x,x,x,x,x,x,x,x,x,0,0,0,0,0,0,0,0,0,0,0,0,0,0,0,0,0,0,0,0,0,0,0,0,0,0,0,0,0,0,0,0,0,0,0,0,0,0,0,0,0,0,0,0,0,0,0,0,0,0,0,0,0,0,0,0,0,0,0,0,0,0,0,0,0,0,0,0,0,0,0,0,0,0,0,0,0,0,0,0,0,0,0,0,0,0,0,0,0,0,0,0,0,0,0,0,0,0,0,0,0,0,0,0,0,0,0,0,0,0,0,0,0,0,0,0,0,0,0,0,0,0,0,0,0,0,0,0,0,0,0,0,0,0,0,0,0,0,0,0,0,0,0,0,0,0,0,0,0,0,0,0,0,0,0,0,0,0,0,0,0,0,0,0,0,0,0,0,0,0,0,0,0,0,0,0,0,0,0,0,0,0,0,0,0,0,0,0,0,0,0,0,0,0,0,0,0,0,0,0,0,0,0,0,0,0,0,0,0,0,0,0,0,0,0,0,0,0,0,0,0,0,0,0,0,0,0,0,0,0,0,0,0,0,0,0,0,0,0,0,0,0,0,0,0,0,0,0,0,0,,,,,,,,,,,,,,,,,,,,,,,,,,,,,,,,,,,,,,,,,,,,,,,,,,,,,,,,,,,,,,,,,,,,,,,,,,,,,,,,,,,,,,,,,,,,,,,,,,,,,,-999,-999,-999,1,1,248,,0.0,,,,,,0,,,,,,,,,,,,,,,,,,,,,,,,,,,,,,,,,,,,,,,,,,,,,,,,,,,,,,,,,,,,,,,,-999,-999,-999,1,1,248,,0.0,,,,,,,,,,,,,,,,,,,,,,,,,,,,,,,,,,,,,,,,,,,,,,,,,,,,,,,,,,,,,,,,,,,,,,,,,,,,,,,,,,,,,,,,,,,,,,,,,,,,,,,,,,,,-999,1,1,248,,0.0,,0,0,0,0,0,0,0,0,,,,,,,,,0,0,0,0,0,0,0,0,0,0,0,0,0,0,0,0,0,0,0,0,0,0,0,0,0,0,0,0,0,0,0,0,0,0,0,0,0,0,0,0,0,0,0,0,0,,,,-999,-999,-999,-999,-999,-999,1,1,248,,0.0,0,926583,,,-999,-999,,-999,-999,1,3,1,3,2,3,9,10,7,3,2,13,12,1,14,6,11,8,5,4,2,1,2,1,1
249,juzmxt50,,0,0,23,,,,0,,,0.0,,e5y22b4i,,,,,0,1.0,0.0,SS_WS2526,249,,0.0,,,,-999,,,1,1,249,,0.0,,,,,,,,,,,,,,,0,-999,-999,1,1,249,,0.0,x,x,x,x,x,x,x,x,x,x,x,x,x,x,x,x,x,x,x,x,x,x,x,x,x,x,x,x,x,x,x,x,x,x,x,x,x,x,x,x,x,x,x,x,x,x,x,x,x,x,0,0,0,0,0,0,0,0,0,0,0,0,0,0,0,0,0,0,0,0,0,0,0,0,0,0,0,0,0,0,0,0,0,0,0,0,0,0,0,0,0,0,0,0,0,0,0,0,0,0,0,0,0,0,0,0,0,0,0,0,0,0,0,0,0,0,0,0,0,0,0,0,0,0,0,0,0,0,0,0,0,0,0,0,0,0,0,0,0,0,0,0,0,0,0,0,0,0,0,0,0,0,0,0,0,0,0,0,0,0,0,0,0,0,0,0,0,0,0,0,0,0,0,0,0,0,0,0,0,0,0,0,0,0,0,0,0,0,0,0,0,0,0,0,0,0,0,0,0,0,0,0,0,0,0,0,0,0,0,0,0,0,0,0,0,0,0,0,0,0,0,0,0,0,0,0,0,0,0,0,0,0,0,0,0,0,0,0,0,0,0,0,0,0,0,0,0,0,0,0,0,0,0,0,0,0,0,0,0,0,0,0,0,0,0,0,0,0,0,0,0,0,0,0,0,0,0,0,0,0,0,0,0,0,0,0,0,0,0,0,0,0,0,0,0,0,0,0,0,0,,,,,,,,,,,,,,,,,,,,,,,,,,,,,,,,,,,,,,,,,,,,,,,,,,,,,,,,,,,,,,,,,,,,,,,,,,,,,,,,,,,,,,,,,,,,,,,,,,,,,,-999,-999,-999,1,1,249,,0.0,,,,,,0,,,,,,,,,,,,,,,,,,,,,,,,,,,,,,,,,,,,,,,,,,,,,,,,,,,,,,,,,,,,,,,,-999,-999,-999,1,1,249,,0.0,,,,,,,,,,,,,,,,,,,,,,,,,,,,,,,,,,,,,,,,,,,,,,,,,,,,,,,,,,,,,,,,,,,,,,,,,,,,,,,,,,,,,,,,,,,,,,,,,,,,,,,,,,,,-999,1,1,249,,0.0,,0,0,0,0,0,0,0,0,,,,,,,,,0,0,0,0,0,0,0,0,0,0,0,0,0,0,0,0,0,0,0,0,0,0,0,0,0,0,0,0,0,0,0,0,0,0,0,0,0,0,0,0,0,0,0,0,0,,,,-999,-999,-999,-999,-999,-999,1,1,249,,0.0,2,516201,,,-999,-999,,-999,-999,2,3,1,2,3,1,14,5,2,9,8,12,11,13,10,6,1,3,4,7,2,2,2,1,1
250,09otex4k,,0,0,23,,,,0,,,0.0,,e5y22b4i,,,,,0,1.0,0.0,SS_WS2526,250,,0.0,,,,-999,,,1,1,250,,0.0,,,,,,,,,,,,,,,0,-999,-999,1,1,250,,0.0,x,x,x,x,x,x,x,x,x,x,x,x,x,x,x,x,x,x,x,x,x,x,x,x,x,x,x,x,x,x,x,x,x,x,x,x,x,x,x,x,x,x,x,x,x,x,x,x,x,x,0,0,0,0,0,0,0,0,0,0,0,0,0,0,0,0,0,0,0,0,0,0,0,0,0,0,0,0,0,0,0,0,0,0,0,0,0,0,0,0,0,0,0,0,0,0,0,0,0,0,0,0,0,0,0,0,0,0,0,0,0,0,0,0,0,0,0,0,0,0,0,0,0,0,0,0,0,0,0,0,0,0,0,0,0,0,0,0,0,0,0,0,0,0,0,0,0,0,0,0,0,0,0,0,0,0,0,0,0,0,0,0,0,0,0,0,0,0,0,0,0,0,0,0,0,0,0,0,0,0,0,0,0,0,0,0,0,0,0,0,0,0,0,0,0,0,0,0,0,0,0,0,0,0,0,0,0,0,0,0,0,0,0,0,0,0,0,0,0,0,0,0,0,0,0,0,0,0,0,0,0,0,0,0,0,0,0,0,0,0,0,0,0,0,0,0,0,0,0,0,0,0,0,0,0,0,0,0,0,0,0,0,0,0,0,0,0,0,0,0,0,0,0,0,0,0,0,0,0,0,0,0,0,0,0,0,0,0,0,0,0,0,0,0,0,0,0,0,0,0,,,,,,,,,,,,,,,,,,,,,,,,,,,,,,,,,,,,,,,,,,,,,,,,,,,,,,,,,,,,,,,,,,,,,,,,,,,,,,,,,,,,,,,,,,,,,,,,,,,,,,-999,-999,-999,1,1,250,,0.0,,,,,,0,,,,,,,,,,,,,,,,,,,,,,,,,,,,,,,,,,,,,,,,,,,,,,,,,,,,,,,,,,,,,,,,-999,-999,-999,1,1,250,,0.0,,,,,,,,,,,,,,,,,,,,,,,,,,,,,,,,,,,,,,,,,,,,,,,,,,,,,,,,,,,,,,,,,,,,,,,,,,,,,,,,,,,,,,,,,,,,,,,,,,,,,,,,,,,,-999,1,1,250,,0.0,,0,0,0,0,0,0,0,0,,,,,,,,,0,0,0,0,0,0,0,0,0,0,0,0,0,0,0,0,0,0,0,0,0,0,0,0,0,0,0,0,0,0,0,0,0,0,0,0,0,0,0,0,0,0,0,0,0,,,,-999,-999,-999,-999,-999,-999,1,1,250,,0.0,0,807732,,,-999,-999,,-999,-999,1,3,1,3,2,1,12,8,4,10,5,9,13,11,7,14,6,3,1,2,1,2,1,1,1
251,i4sof1lw,,0,0,23,,,,0,,,0.0,,e5y22b4i,,,,,0,1.0,0.0,SS_WS2526,251,,0.0,,,,-999,,,1,1,251,,0.0,,,,,,,,,,,,,,,0,-999,-999,1,1,251,,0.0,x,x,x,x,x,x,x,x,x,x,x,x,x,x,x,x,x,x,x,x,x,x,x,x,x,x,x,x,x,x,x,x,x,x,x,x,x,x,x,x,x,x,x,x,x,x,x,x,x,x,0,0,0,0,0,0,0,0,0,0,0,0,0,0,0,0,0,0,0,0,0,0,0,0,0,0,0,0,0,0,0,0,0,0,0,0,0,0,0,0,0,0,0,0,0,0,0,0,0,0,0,0,0,0,0,0,0,0,0,0,0,0,0,0,0,0,0,0,0,0,0,0,0,0,0,0,0,0,0,0,0,0,0,0,0,0,0,0,0,0,0,0,0,0,0,0,0,0,0,0,0,0,0,0,0,0,0,0,0,0,0,0,0,0,0,0,0,0,0,0,0,0,0,0,0,0,0,0,0,0,0,0,0,0,0,0,0,0,0,0,0,0,0,0,0,0,0,0,0,0,0,0,0,0,0,0,0,0,0,0,0,0,0,0,0,0,0,0,0,0,0,0,0,0,0,0,0,0,0,0,0,0,0,0,0,0,0,0,0,0,0,0,0,0,0,0,0,0,0,0,0,0,0,0,0,0,0,0,0,0,0,0,0,0,0,0,0,0,0,0,0,0,0,0,0,0,0,0,0,0,0,0,0,0,0,0,0,0,0,0,0,0,0,0,0,0,0,0,0,0,,,,,,,,,,,,,,,,,,,,,,,,,,,,,,,,,,,,,,,,,,,,,,,,,,,,,,,,,,,,,,,,,,,,,,,,,,,,,,,,,,,,,,,,,,,,,,,,,,,,,,-999,-999,-999,1,1,251,,0.0,,,,,,0,,,,,,,,,,,,,,,,,,,,,,,,,,,,,,,,,,,,,,,,,,,,,,,,,,,,,,,,,,,,,,,,-999,-999,-999,1,1,251,,0.0,,,,,,,,,,,,,,,,,,,,,,,,,,,,,,,,,,,,,,,,,,,,,,,,,,,,,,,,,,,,,,,,,,,,,,,,,,,,,,,,,,,,,,,,,,,,,,,,,,,,,,,,,,,,-999,1,1,251,,0.0,,0,0,0,0,0,0,0,0,,,,,,,,,0,0,0,0,0,0,0,0,0,0,0,0,0,0,0,0,0,0,0,0,0,0,0,0,0,0,0,0,0,0,0,0,0,0,0,0,0,0,0,0,0,0,0,0,0,,,,-999,-999,-999,-999,-999,-999,1,1,251,,0.0,0,417689,,,-999,-999,,-999,-999,3,2,2,3,1,2,6,12,2,10,14,3,1,4,7,5,13,11,9,8,1,2,2,1,1
252,iu2r5rqi,,0,0,23,,,,0,,,0.0,,e5y22b4i,,,,,0,1.0,0.0,SS_WS2526,252,,0.0,,,,-999,,,1,1,252,,0.0,,,,,,,,,,,,,,,0,-999,-999,1,1,252,,0.0,x,x,x,x,x,x,x,x,x,x,x,x,x,x,x,x,x,x,x,x,x,x,x,x,x,x,x,x,x,x,x,x,x,x,x,x,x,x,x,x,x,x,x,x,x,x,x,x,x,x,0,0,0,0,0,0,0,0,0,0,0,0,0,0,0,0,0,0,0,0,0,0,0,0,0,0,0,0,0,0,0,0,0,0,0,0,0,0,0,0,0,0,0,0,0,0,0,0,0,0,0,0,0,0,0,0,0,0,0,0,0,0,0,0,0,0,0,0,0,0,0,0,0,0,0,0,0,0,0,0,0,0,0,0,0,0,0,0,0,0,0,0,0,0,0,0,0,0,0,0,0,0,0,0,0,0,0,0,0,0,0,0,0,0,0,0,0,0,0,0,0,0,0,0,0,0,0,0,0,0,0,0,0,0,0,0,0,0,0,0,0,0,0,0,0,0,0,0,0,0,0,0,0,0,0,0,0,0,0,0,0,0,0,0,0,0,0,0,0,0,0,0,0,0,0,0,0,0,0,0,0,0,0,0,0,0,0,0,0,0,0,0,0,0,0,0,0,0,0,0,0,0,0,0,0,0,0,0,0,0,0,0,0,0,0,0,0,0,0,0,0,0,0,0,0,0,0,0,0,0,0,0,0,0,0,0,0,0,0,0,0,0,0,0,0,0,0,0,0,0,,,,,,,,,,,,,,,,,,,,,,,,,,,,,,,,,,,,,,,,,,,,,,,,,,,,,,,,,,,,,,,,,,,,,,,,,,,,,,,,,,,,,,,,,,,,,,,,,,,,,,-999,-999,-999,1,1,252,,0.0,,,,,,0,,,,,,,,,,,,,,,,,,,,,,,,,,,,,,,,,,,,,,,,,,,,,,,,,,,,,,,,,,,,,,,,-999,-999,-999,1,1,252,,0.0,,,,,,,,,,,,,,,,,,,,,,,,,,,,,,,,,,,,,,,,,,,,,,,,,,,,,,,,,,,,,,,,,,,,,,,,,,,,,,,,,,,,,,,,,,,,,,,,,,,,,,,,,,,,-999,1,1,252,,0.0,,0,0,0,0,0,0,0,0,,,,,,,,,0,0,0,0,0,0,0,0,0,0,0,0,0,0,0,0,0,0,0,0,0,0,0,0,0,0,0,0,0,0,0,0,0,0,0,0,0,0,0,0,0,0,0,0,0,,,,-999,-999,-999,-999,-999,-999,1,1,252,,0.0,2,366654,,,-999,-999,,-999,-999,1,3,3,1,1,3,6,10,1,9,11,4,14,8,12,7,2,13,5,3,1,1,2,1,1
253,axcaxh6d,,0,0,23,,,,0,,,0.0,,e5y22b4i,,,,,0,1.0,0.0,SS_WS2526,253,,0.0,,,,-999,,,1,1,253,,0.0,,,,,,,,,,,,,,,0,-999,-999,1,1,253,,0.0,x,x,x,x,x,x,x,x,x,x,x,x,x,x,x,x,x,x,x,x,x,x,x,x,x,x,x,x,x,x,x,x,x,x,x,x,x,x,x,x,x,x,x,x,x,x,x,x,x,x,0,0,0,0,0,0,0,0,0,0,0,0,0,0,0,0,0,0,0,0,0,0,0,0,0,0,0,0,0,0,0,0,0,0,0,0,0,0,0,0,0,0,0,0,0,0,0,0,0,0,0,0,0,0,0,0,0,0,0,0,0,0,0,0,0,0,0,0,0,0,0,0,0,0,0,0,0,0,0,0,0,0,0,0,0,0,0,0,0,0,0,0,0,0,0,0,0,0,0,0,0,0,0,0,0,0,0,0,0,0,0,0,0,0,0,0,0,0,0,0,0,0,0,0,0,0,0,0,0,0,0,0,0,0,0,0,0,0,0,0,0,0,0,0,0,0,0,0,0,0,0,0,0,0,0,0,0,0,0,0,0,0,0,0,0,0,0,0,0,0,0,0,0,0,0,0,0,0,0,0,0,0,0,0,0,0,0,0,0,0,0,0,0,0,0,0,0,0,0,0,0,0,0,0,0,0,0,0,0,0,0,0,0,0,0,0,0,0,0,0,0,0,0,0,0,0,0,0,0,0,0,0,0,0,0,0,0,0,0,0,0,0,0,0,0,0,0,0,0,0,,,,,,,,,,,,,,,,,,,,,,,,,,,,,,,,,,,,,,,,,,,,,,,,,,,,,,,,,,,,,,,,,,,,,,,,,,,,,,,,,,,,,,,,,,,,,,,,,,,,,,-999,-999,-999,1,1,253,,0.0,,,,,,0,,,,,,,,,,,,,,,,,,,,,,,,,,,,,,,,,,,,,,,,,,,,,,,,,,,,,,,,,,,,,,,,-999,-999,-999,1,1,253,,0.0,,,,,,,,,,,,,,,,,,,,,,,,,,,,,,,,,,,,,,,,,,,,,,,,,,,,,,,,,,,,,,,,,,,,,,,,,,,,,,,,,,,,,,,,,,,,,,,,,,,,,,,,,,,,-999,1,1,253,,0.0,,0,0,0,0,0,0,0,0,,,,,,,,,0,0,0,0,0,0,0,0,0,0,0,0,0,0,0,0,0,0,0,0,0,0,0,0,0,0,0,0,0,0,0,0,0,0,0,0,0,0,0,0,0,0,0,0,0,,,,-999,-999,-999,-999,-999,-999,1,1,253,,0.0,0,592927,,,-999,-999,,-999,-999,2,1,1,2,3,1,6,11,7,2,3,8,5,12,4,14,10,9,1,13,1,2,1,1,1
254,4bx8o41h,,0,0,23,,,,0,,,0.0,,e5y22b4i,,,,,0,1.0,0.0,SS_WS2526,254,,0.0,,,,-999,,,1,1,254,,0.0,,,,,,,,,,,,,,,0,-999,-999,1,1,254,,0.0,x,x,x,x,x,x,x,x,x,x,x,x,x,x,x,x,x,x,x,x,x,x,x,x,x,x,x,x,x,x,x,x,x,x,x,x,x,x,x,x,x,x,x,x,x,x,x,x,x,x,0,0,0,0,0,0,0,0,0,0,0,0,0,0,0,0,0,0,0,0,0,0,0,0,0,0,0,0,0,0,0,0,0,0,0,0,0,0,0,0,0,0,0,0,0,0,0,0,0,0,0,0,0,0,0,0,0,0,0,0,0,0,0,0,0,0,0,0,0,0,0,0,0,0,0,0,0,0,0,0,0,0,0,0,0,0,0,0,0,0,0,0,0,0,0,0,0,0,0,0,0,0,0,0,0,0,0,0,0,0,0,0,0,0,0,0,0,0,0,0,0,0,0,0,0,0,0,0,0,0,0,0,0,0,0,0,0,0,0,0,0,0,0,0,0,0,0,0,0,0,0,0,0,0,0,0,0,0,0,0,0,0,0,0,0,0,0,0,0,0,0,0,0,0,0,0,0,0,0,0,0,0,0,0,0,0,0,0,0,0,0,0,0,0,0,0,0,0,0,0,0,0,0,0,0,0,0,0,0,0,0,0,0,0,0,0,0,0,0,0,0,0,0,0,0,0,0,0,0,0,0,0,0,0,0,0,0,0,0,0,0,0,0,0,0,0,0,0,0,0,,,,,,,,,,,,,,,,,,,,,,,,,,,,,,,,,,,,,,,,,,,,,,,,,,,,,,,,,,,,,,,,,,,,,,,,,,,,,,,,,,,,,,,,,,,,,,,,,,,,,,-999,-999,-999,1,1,254,,0.0,,,,,,0,,,,,,,,,,,,,,,,,,,,,,,,,,,,,,,,,,,,,,,,,,,,,,,,,,,,,,,,,,,,,,,,-999,-999,-999,1,1,254,,0.0,,,,,,,,,,,,,,,,,,,,,,,,,,,,,,,,,,,,,,,,,,,,,,,,,,,,,,,,,,,,,,,,,,,,,,,,,,,,,,,,,,,,,,,,,,,,,,,,,,,,,,,,,,,,-999,1,1,254,,0.0,,0,0,0,0,0,0,0,0,,,,,,,,,0,0,0,0,0,0,0,0,0,0,0,0,0,0,0,0,0,0,0,0,0,0,0,0,0,0,0,0,0,0,0,0,0,0,0,0,0,0,0,0,0,0,0,0,0,,,,-999,-999,-999,-999,-999,-999,1,1,254,,0.0,0,252191,,,-999,-999,,-999,-999,1,2,2,3,1,3,12,3,14,5,9,2,1,10,11,8,4,13,6,7,1,2,1,1,1
255,9xh211ec,,0,0,23,,,,0,,,0.0,,e5y22b4i,,,,,0,1.0,0.0,SS_WS2526,255,,0.0,,,,-999,,,1,1,255,,0.0,,,,,,,,,,,,,,,0,-999,-999,1,1,255,,0.0,x,x,x,x,x,x,x,x,x,x,x,x,x,x,x,x,x,x,x,x,x,x,x,x,x,x,x,x,x,x,x,x,x,x,x,x,x,x,x,x,x,x,x,x,x,x,x,x,x,x,0,0,0,0,0,0,0,0,0,0,0,0,0,0,0,0,0,0,0,0,0,0,0,0,0,0,0,0,0,0,0,0,0,0,0,0,0,0,0,0,0,0,0,0,0,0,0,0,0,0,0,0,0,0,0,0,0,0,0,0,0,0,0,0,0,0,0,0,0,0,0,0,0,0,0,0,0,0,0,0,0,0,0,0,0,0,0,0,0,0,0,0,0,0,0,0,0,0,0,0,0,0,0,0,0,0,0,0,0,0,0,0,0,0,0,0,0,0,0,0,0,0,0,0,0,0,0,0,0,0,0,0,0,0,0,0,0,0,0,0,0,0,0,0,0,0,0,0,0,0,0,0,0,0,0,0,0,0,0,0,0,0,0,0,0,0,0,0,0,0,0,0,0,0,0,0,0,0,0,0,0,0,0,0,0,0,0,0,0,0,0,0,0,0,0,0,0,0,0,0,0,0,0,0,0,0,0,0,0,0,0,0,0,0,0,0,0,0,0,0,0,0,0,0,0,0,0,0,0,0,0,0,0,0,0,0,0,0,0,0,0,0,0,0,0,0,0,0,0,0,,,,,,,,,,,,,,,,,,,,,,,,,,,,,,,,,,,,,,,,,,,,,,,,,,,,,,,,,,,,,,,,,,,,,,,,,,,,,,,,,,,,,,,,,,,,,,,,,,,,,,-999,-999,-999,1,1,255,,0.0,,,,,,0,,,,,,,,,,,,,,,,,,,,,,,,,,,,,,,,,,,,,,,,,,,,,,,,,,,,,,,,,,,,,,,,-999,-999,-999,1,1,255,,0.0,,,,,,,,,,,,,,,,,,,,,,,,,,,,,,,,,,,,,,,,,,,,,,,,,,,,,,,,,,,,,,,,,,,,,,,,,,,,,,,,,,,,,,,,,,,,,,,,,,,,,,,,,,,,-999,1,1,255,,0.0,,0,0,0,0,0,0,0,0,,,,,,,,,0,0,0,0,0,0,0,0,0,0,0,0,0,0,0,0,0,0,0,0,0,0,0,0,0,0,0,0,0,0,0,0,0,0,0,0,0,0,0,0,0,0,0,0,0,,,,-999,-999,-999,-999,-999,-999,1,1,255,,0.0,2,690742,,,-999,-999,,-999,-999,3,1,1,2,1,2,4,12,2,9,10,3,5,11,13,14,7,8,1,6,2,1,2,1,1
256,l3rtvs37,,0,0,23,,,,0,,,0.0,,e5y22b4i,,,,,0,1.0,0.0,SS_WS2526,256,,0.0,,,,-999,,,1,1,256,,0.0,,,,,,,,,,,,,,,0,-999,-999,1,1,256,,0.0,x,x,x,x,x,x,x,x,x,x,x,x,x,x,x,x,x,x,x,x,x,x,x,x,x,x,x,x,x,x,x,x,x,x,x,x,x,x,x,x,x,x,x,x,x,x,x,x,x,x,0,0,0,0,0,0,0,0,0,0,0,0,0,0,0,0,0,0,0,0,0,0,0,0,0,0,0,0,0,0,0,0,0,0,0,0,0,0,0,0,0,0,0,0,0,0,0,0,0,0,0,0,0,0,0,0,0,0,0,0,0,0,0,0,0,0,0,0,0,0,0,0,0,0,0,0,0,0,0,0,0,0,0,0,0,0,0,0,0,0,0,0,0,0,0,0,0,0,0,0,0,0,0,0,0,0,0,0,0,0,0,0,0,0,0,0,0,0,0,0,0,0,0,0,0,0,0,0,0,0,0,0,0,0,0,0,0,0,0,0,0,0,0,0,0,0,0,0,0,0,0,0,0,0,0,0,0,0,0,0,0,0,0,0,0,0,0,0,0,0,0,0,0,0,0,0,0,0,0,0,0,0,0,0,0,0,0,0,0,0,0,0,0,0,0,0,0,0,0,0,0,0,0,0,0,0,0,0,0,0,0,0,0,0,0,0,0,0,0,0,0,0,0,0,0,0,0,0,0,0,0,0,0,0,0,0,0,0,0,0,0,0,0,0,0,0,0,0,0,0,,,,,,,,,,,,,,,,,,,,,,,,,,,,,,,,,,,,,,,,,,,,,,,,,,,,,,,,,,,,,,,,,,,,,,,,,,,,,,,,,,,,,,,,,,,,,,,,,,,,,,-999,-999,-999,1,1,256,,0.0,,,,,,0,,,,,,,,,,,,,,,,,,,,,,,,,,,,,,,,,,,,,,,,,,,,,,,,,,,,,,,,,,,,,,,,-999,-999,-999,1,1,256,,0.0,,,,,,,,,,,,,,,,,,,,,,,,,,,,,,,,,,,,,,,,,,,,,,,,,,,,,,,,,,,,,,,,,,,,,,,,,,,,,,,,,,,,,,,,,,,,,,,,,,,,,,,,,,,,-999,1,1,256,,0.0,,0,0,0,0,0,0,0,0,,,,,,,,,0,0,0,0,0,0,0,0,0,0,0,0,0,0,0,0,0,0,0,0,0,0,0,0,0,0,0,0,0,0,0,0,0,0,0,0,0,0,0,0,0,0,0,0,0,,,,-999,-999,-999,-999,-999,-999,1,1,256,,0.0,1,276445,,,-999,-999,,-999,,2,3,3,1,2,1,11,12,3,14,6,7,1,2,13,5,10,9,8,4,2,1,2,1,1
257,tby7a2jx,,0,0,23,,,,0,,,0.0,,e5y22b4i,,,,,0,1.0,0.0,SS_WS2526,257,,0.0,,,,-999,,,1,1,257,,0.0,,,,,,,,,,,,,,,0,-999,-999,1,1,257,,0.0,x,x,x,x,x,x,x,x,x,x,x,x,x,x,x,x,x,x,x,x,x,x,x,x,x,x,x,x,x,x,x,x,x,x,x,x,x,x,x,x,x,x,x,x,x,x,x,x,x,x,0,0,0,0,0,0,0,0,0,0,0,0,0,0,0,0,0,0,0,0,0,0,0,0,0,0,0,0,0,0,0,0,0,0,0,0,0,0,0,0,0,0,0,0,0,0,0,0,0,0,0,0,0,0,0,0,0,0,0,0,0,0,0,0,0,0,0,0,0,0,0,0,0,0,0,0,0,0,0,0,0,0,0,0,0,0,0,0,0,0,0,0,0,0,0,0,0,0,0,0,0,0,0,0,0,0,0,0,0,0,0,0,0,0,0,0,0,0,0,0,0,0,0,0,0,0,0,0,0,0,0,0,0,0,0,0,0,0,0,0,0,0,0,0,0,0,0,0,0,0,0,0,0,0,0,0,0,0,0,0,0,0,0,0,0,0,0,0,0,0,0,0,0,0,0,0,0,0,0,0,0,0,0,0,0,0,0,0,0,0,0,0,0,0,0,0,0,0,0,0,0,0,0,0,0,0,0,0,0,0,0,0,0,0,0,0,0,0,0,0,0,0,0,0,0,0,0,0,0,0,0,0,0,0,0,0,0,0,0,0,0,0,0,0,0,0,0,0,0,0,,,,,,,,,,,,,,,,,,,,,,,,,,,,,,,,,,,,,,,,,,,,,,,,,,,,,,,,,,,,,,,,,,,,,,,,,,,,,,,,,,,,,,,,,,,,,,,,,,,,,,-999,-999,-999,1,1,257,,0.0,,,,,,0,,,,,,,,,,,,,,,,,,,,,,,,,,,,,,,,,,,,,,,,,,,,,,,,,,,,,,,,,,,,,,,,-999,-999,-999,1,1,257,,0.0,,,,,,,,,,,,,,,,,,,,,,,,,,,,,,,,,,,,,,,,,,,,,,,,,,,,,,,,,,,,,,,,,,,,,,,,,,,,,,,,,,,,,,,,,,,,,,,,,,,,,,,,,,,,-999,1,1,257,,0.0,,0,0,0,0,0,0,0,0,,,,,,,,,0,0,0,0,0,0,0,0,0,0,0,0,0,0,0,0,0,0,0,0,0,0,0,0,0,0,0,0,0,0,0,0,0,0,0,0,0,0,0,0,0,0,0,0,0,,,,-999,-999,-999,-999,-999,-999,1,1,257,,0.0,0,497829,,,-999,-999,,-999,-999,1,3,1,2,2,3,5,12,11,9,8,10,7,14,6,4,1,3,13,2,2,1,2,1,1
258,n4a5z27c,,0,0,23,,,,0,,,0.0,,e5y22b4i,,,,,0,1.0,0.0,SS_WS2526,258,,0.0,,,,-999,,,1,1,258,,0.0,,,,,,,,,,,,,,,0,-999,-999,1,1,258,,0.0,x,x,x,x,x,x,x,x,x,x,x,x,x,x,x,x,x,x,x,x,x,x,x,x,x,x,x,x,x,x,x,x,x,x,x,x,x,x,x,x,x,x,x,x,x,x,x,x,x,x,0,0,0,0,0,0,0,0,0,0,0,0,0,0,0,0,0,0,0,0,0,0,0,0,0,0,0,0,0,0,0,0,0,0,0,0,0,0,0,0,0,0,0,0,0,0,0,0,0,0,0,0,0,0,0,0,0,0,0,0,0,0,0,0,0,0,0,0,0,0,0,0,0,0,0,0,0,0,0,0,0,0,0,0,0,0,0,0,0,0,0,0,0,0,0,0,0,0,0,0,0,0,0,0,0,0,0,0,0,0,0,0,0,0,0,0,0,0,0,0,0,0,0,0,0,0,0,0,0,0,0,0,0,0,0,0,0,0,0,0,0,0,0,0,0,0,0,0,0,0,0,0,0,0,0,0,0,0,0,0,0,0,0,0,0,0,0,0,0,0,0,0,0,0,0,0,0,0,0,0,0,0,0,0,0,0,0,0,0,0,0,0,0,0,0,0,0,0,0,0,0,0,0,0,0,0,0,0,0,0,0,0,0,0,0,0,0,0,0,0,0,0,0,0,0,0,0,0,0,0,0,0,0,0,0,0,0,0,0,0,0,0,0,0,0,0,0,0,0,0,,,,,,,,,,,,,,,,,,,,,,,,,,,,,,,,,,,,,,,,,,,,,,,,,,,,,,,,,,,,,,,,,,,,,,,,,,,,,,,,,,,,,,,,,,,,,,,,,,,,,,-999,-999,-999,1,1,258,,0.0,,,,,,0,,,,,,,,,,,,,,,,,,,,,,,,,,,,,,,,,,,,,,,,,,,,,,,,,,,,,,,,,,,,,,,,-999,-999,-999,1,1,258,,0.0,,,,,,,,,,,,,,,,,,,,,,,,,,,,,,,,,,,,,,,,,,,,,,,,,,,,,,,,,,,,,,,,,,,,,,,,,,,,,,,,,,,,,,,,,,,,,,,,,,,,,,,,,,,,-999,1,1,258,,0.0,,0,0,0,0,0,0,0,0,,,,,,,,,0,0,0,0,0,0,0,0,0,0,0,0,0,0,0,0,0,0,0,0,0,0,0,0,0,0,0,0,0,0,0,0,0,0,0,0,0,0,0,0,0,0,0,0,0,,,,-999,-999,-999,-999,-999,-999,1,1,258,,0.0,1,815564,,,-999,-999,,-999,,2,3,2,3,1,2,3,10,2,7,6,13,14,8,5,12,11,4,9,1,2,2,2,1,1
259,2sjt7gxr,,0,0,23,,,,0,,,0.0,,e5y22b4i,,,,,0,1.0,0.0,SS_WS2526,259,,0.0,,,,-999,,,1,1,259,,0.0,,,,,,,,,,,,,,,0,-999,-999,1,1,259,,0.0,x,x,x,x,x,x,x,x,x,x,x,x,x,x,x,x,x,x,x,x,x,x,x,x,x,x,x,x,x,x,x,x,x,x,x,x,x,x,x,x,x,x,x,x,x,x,x,x,x,x,0,0,0,0,0,0,0,0,0,0,0,0,0,0,0,0,0,0,0,0,0,0,0,0,0,0,0,0,0,0,0,0,0,0,0,0,0,0,0,0,0,0,0,0,0,0,0,0,0,0,0,0,0,0,0,0,0,0,0,0,0,0,0,0,0,0,0,0,0,0,0,0,0,0,0,0,0,0,0,0,0,0,0,0,0,0,0,0,0,0,0,0,0,0,0,0,0,0,0,0,0,0,0,0,0,0,0,0,0,0,0,0,0,0,0,0,0,0,0,0,0,0,0,0,0,0,0,0,0,0,0,0,0,0,0,0,0,0,0,0,0,0,0,0,0,0,0,0,0,0,0,0,0,0,0,0,0,0,0,0,0,0,0,0,0,0,0,0,0,0,0,0,0,0,0,0,0,0,0,0,0,0,0,0,0,0,0,0,0,0,0,0,0,0,0,0,0,0,0,0,0,0,0,0,0,0,0,0,0,0,0,0,0,0,0,0,0,0,0,0,0,0,0,0,0,0,0,0,0,0,0,0,0,0,0,0,0,0,0,0,0,0,0,0,0,0,0,0,0,0,,,,,,,,,,,,,,,,,,,,,,,,,,,,,,,,,,,,,,,,,,,,,,,,,,,,,,,,,,,,,,,,,,,,,,,,,,,,,,,,,,,,,,,,,,,,,,,,,,,,,,-999,-999,-999,1,1,259,,0.0,,,,,,0,,,,,,,,,,,,,,,,,,,,,,,,,,,,,,,,,,,,,,,,,,,,,,,,,,,,,,,,,,,,,,,,-999,-999,-999,1,1,259,,0.0,,,,,,,,,,,,,,,,,,,,,,,,,,,,,,,,,,,,,,,,,,,,,,,,,,,,,,,,,,,,,,,,,,,,,,,,,,,,,,,,,,,,,,,,,,,,,,,,,,,,,,,,,,,,-999,1,1,259,,0.0,,0,0,0,0,0,0,0,0,,,,,,,,,0,0,0,0,0,0,0,0,0,0,0,0,0,0,0,0,0,0,0,0,0,0,0,0,0,0,0,0,0,0,0,0,0,0,0,0,0,0,0,0,0,0,0,0,0,,,,-999,-999,-999,-999,-999,-999,1,1,259,,0.0,0,453783,,,-999,-999,,-999,-999,1,2,1,2,3,1,8,6,4,2,11,13,7,1,14,3,9,12,5,10,1,2,1,1,1
260,bq9wy1ie,,0,0,23,,,,0,,,0.0,,e5y22b4i,,,,,0,1.0,0.0,SS_WS2526,260,,0.0,,,,-999,,,1,1,260,,0.0,,,,,,,,,,,,,,,0,-999,-999,1,1,260,,0.0,x,x,x,x,x,x,x,x,x,x,x,x,x,x,x,x,x,x,x,x,x,x,x,x,x,x,x,x,x,x,x,x,x,x,x,x,x,x,x,x,x,x,x,x,x,x,x,x,x,x,0,0,0,0,0,0,0,0,0,0,0,0,0,0,0,0,0,0,0,0,0,0,0,0,0,0,0,0,0,0,0,0,0,0,0,0,0,0,0,0,0,0,0,0,0,0,0,0,0,0,0,0,0,0,0,0,0,0,0,0,0,0,0,0,0,0,0,0,0,0,0,0,0,0,0,0,0,0,0,0,0,0,0,0,0,0,0,0,0,0,0,0,0,0,0,0,0,0,0,0,0,0,0,0,0,0,0,0,0,0,0,0,0,0,0,0,0,0,0,0,0,0,0,0,0,0,0,0,0,0,0,0,0,0,0,0,0,0,0,0,0,0,0,0,0,0,0,0,0,0,0,0,0,0,0,0,0,0,0,0,0,0,0,0,0,0,0,0,0,0,0,0,0,0,0,0,0,0,0,0,0,0,0,0,0,0,0,0,0,0,0,0,0,0,0,0,0,0,0,0,0,0,0,0,0,0,0,0,0,0,0,0,0,0,0,0,0,0,0,0,0,0,0,0,0,0,0,0,0,0,0,0,0,0,0,0,0,0,0,0,0,0,0,0,0,0,0,0,0,0,,,,,,,,,,,,,,,,,,,,,,,,,,,,,,,,,,,,,,,,,,,,,,,,,,,,,,,,,,,,,,,,,,,,,,,,,,,,,,,,,,,,,,,,,,,,,,,,,,,,,,-999,-999,-999,1,1,260,,0.0,,,,,,0,,,,,,,,,,,,,,,,,,,,,,,,,,,,,,,,,,,,,,,,,,,,,,,,,,,,,,,,,,,,,,,,-999,-999,-999,1,1,260,,0.0,,,,,,,,,,,,,,,,,,,,,,,,,,,,,,,,,,,,,,,,,,,,,,,,,,,,,,,,,,,,,,,,,,,,,,,,,,,,,,,,,,,,,,,,,,,,,,,,,,,,,,,,,,,,-999,1,1,260,,0.0,,0,0,0,0,0,0,0,0,,,,,,,,,0,0,0,0,0,0,0,0,0,0,0,0,0,0,0,0,0,0,0,0,0,0,0,0,0,0,0,0,0,0,0,0,0,0,0,0,0,0,0,0,0,0,0,0,0,,,,-999,-999,-999,-999,-999,-999,1,1,260,,0.0,0,835173,,,-999,-999,,-999,-999,1,3,2,3,3,2,14,2,9,5,6,3,1,4,13,12,10,11,8,7,2,1,2,1,1
261,m7mba5bl,,0,0,23,,,,0,,,0.0,,e5y22b4i,,,,,0,1.0,0.0,SS_WS2526,261,,0.0,,,,-999,,,1,1,261,,0.0,,,,,,,,,,,,,,,0,-999,-999,1,1,261,,0.0,x,x,x,x,x,x,x,x,x,x,x,x,x,x,x,x,x,x,x,x,x,x,x,x,x,x,x,x,x,x,x,x,x,x,x,x,x,x,x,x,x,x,x,x,x,x,x,x,x,x,0,0,0,0,0,0,0,0,0,0,0,0,0,0,0,0,0,0,0,0,0,0,0,0,0,0,0,0,0,0,0,0,0,0,0,0,0,0,0,0,0,0,0,0,0,0,0,0,0,0,0,0,0,0,0,0,0,0,0,0,0,0,0,0,0,0,0,0,0,0,0,0,0,0,0,0,0,0,0,0,0,0,0,0,0,0,0,0,0,0,0,0,0,0,0,0,0,0,0,0,0,0,0,0,0,0,0,0,0,0,0,0,0,0,0,0,0,0,0,0,0,0,0,0,0,0,0,0,0,0,0,0,0,0,0,0,0,0,0,0,0,0,0,0,0,0,0,0,0,0,0,0,0,0,0,0,0,0,0,0,0,0,0,0,0,0,0,0,0,0,0,0,0,0,0,0,0,0,0,0,0,0,0,0,0,0,0,0,0,0,0,0,0,0,0,0,0,0,0,0,0,0,0,0,0,0,0,0,0,0,0,0,0,0,0,0,0,0,0,0,0,0,0,0,0,0,0,0,0,0,0,0,0,0,0,0,0,0,0,0,0,0,0,0,0,0,0,0,0,0,,,,,,,,,,,,,,,,,,,,,,,,,,,,,,,,,,,,,,,,,,,,,,,,,,,,,,,,,,,,,,,,,,,,,,,,,,,,,,,,,,,,,,,,,,,,,,,,,,,,,,-999,-999,-999,1,1,261,,0.0,,,,,,0,,,,,,,,,,,,,,,,,,,,,,,,,,,,,,,,,,,,,,,,,,,,,,,,,,,,,,,,,,,,,,,,-999,-999,-999,1,1,261,,0.0,,,,,,,,,,,,,,,,,,,,,,,,,,,,,,,,,,,,,,,,,,,,,,,,,,,,,,,,,,,,,,,,,,,,,,,,,,,,,,,,,,,,,,,,,,,,,,,,,,,,,,,,,,,,-999,1,1,261,,0.0,,0,0,0,0,0,0,0,0,,,,,,,,,0,0,0,0,0,0,0,0,0,0,0,0,0,0,0,0,0,0,0,0,0,0,0,0,0,0,0,0,0,0,0,0,0,0,0,0,0,0,0,0,0,0,0,0,0,,,,-999,-999,-999,-999,-999,-999,1,1,261,,0.0,1,796889,,,-999,-999,,-999,,1,2,3,2,2,3,5,10,4,2,14,11,13,3,12,8,7,9,1,6,2,1,2,1,1
262,osro3z3p,,0,0,23,,,,0,,,0.0,,e5y22b4i,,,,,0,1.0,0.0,SS_WS2526,262,,0.0,,,,-999,,,1,1,262,,0.0,,,,,,,,,,,,,,,0,-999,-999,1,1,262,,0.0,x,x,x,x,x,x,x,x,x,x,x,x,x,x,x,x,x,x,x,x,x,x,x,x,x,x,x,x,x,x,x,x,x,x,x,x,x,x,x,x,x,x,x,x,x,x,x,x,x,x,0,0,0,0,0,0,0,0,0,0,0,0,0,0,0,0,0,0,0,0,0,0,0,0,0,0,0,0,0,0,0,0,0,0,0,0,0,0,0,0,0,0,0,0,0,0,0,0,0,0,0,0,0,0,0,0,0,0,0,0,0,0,0,0,0,0,0,0,0,0,0,0,0,0,0,0,0,0,0,0,0,0,0,0,0,0,0,0,0,0,0,0,0,0,0,0,0,0,0,0,0,0,0,0,0,0,0,0,0,0,0,0,0,0,0,0,0,0,0,0,0,0,0,0,0,0,0,0,0,0,0,0,0,0,0,0,0,0,0,0,0,0,0,0,0,0,0,0,0,0,0,0,0,0,0,0,0,0,0,0,0,0,0,0,0,0,0,0,0,0,0,0,0,0,0,0,0,0,0,0,0,0,0,0,0,0,0,0,0,0,0,0,0,0,0,0,0,0,0,0,0,0,0,0,0,0,0,0,0,0,0,0,0,0,0,0,0,0,0,0,0,0,0,0,0,0,0,0,0,0,0,0,0,0,0,0,0,0,0,0,0,0,0,0,0,0,0,0,0,0,,,,,,,,,,,,,,,,,,,,,,,,,,,,,,,,,,,,,,,,,,,,,,,,,,,,,,,,,,,,,,,,,,,,,,,,,,,,,,,,,,,,,,,,,,,,,,,,,,,,,,-999,-999,-999,1,1,262,,0.0,,,,,,0,,,,,,,,,,,,,,,,,,,,,,,,,,,,,,,,,,,,,,,,,,,,,,,,,,,,,,,,,,,,,,,,-999,-999,-999,1,1,262,,0.0,,,,,,,,,,,,,,,,,,,,,,,,,,,,,,,,,,,,,,,,,,,,,,,,,,,,,,,,,,,,,,,,,,,,,,,,,,,,,,,,,,,,,,,,,,,,,,,,,,,,,,,,,,,,-999,1,1,262,,0.0,,0,0,0,0,0,0,0,0,,,,,,,,,0,0,0,0,0,0,0,0,0,0,0,0,0,0,0,0,0,0,0,0,0,0,0,0,0,0,0,0,0,0,0,0,0,0,0,0,0,0,0,0,0,0,0,0,0,,,,-999,-999,-999,-999,-999,-999,1,1,262,,0.0,2,273237,,,-999,-999,,-999,-999,3,2,3,2,3,1,2,8,6,4,11,7,10,14,12,5,13,1,9,3,2,2,2,1,1
263,v3s1fmff,,0,0,23,,,,0,,,0.0,,e5y22b4i,,,,,0,1.0,0.0,SS_WS2526,263,,0.0,,,,-999,,,1,1,263,,0.0,,,,,,,,,,,,,,,0,-999,-999,1,1,263,,0.0,x,x,x,x,x,x,x,x,x,x,x,x,x,x,x,x,x,x,x,x,x,x,x,x,x,x,x,x,x,x,x,x,x,x,x,x,x,x,x,x,x,x,x,x,x,x,x,x,x,x,0,0,0,0,0,0,0,0,0,0,0,0,0,0,0,0,0,0,0,0,0,0,0,0,0,0,0,0,0,0,0,0,0,0,0,0,0,0,0,0,0,0,0,0,0,0,0,0,0,0,0,0,0,0,0,0,0,0,0,0,0,0,0,0,0,0,0,0,0,0,0,0,0,0,0,0,0,0,0,0,0,0,0,0,0,0,0,0,0,0,0,0,0,0,0,0,0,0,0,0,0,0,0,0,0,0,0,0,0,0,0,0,0,0,0,0,0,0,0,0,0,0,0,0,0,0,0,0,0,0,0,0,0,0,0,0,0,0,0,0,0,0,0,0,0,0,0,0,0,0,0,0,0,0,0,0,0,0,0,0,0,0,0,0,0,0,0,0,0,0,0,0,0,0,0,0,0,0,0,0,0,0,0,0,0,0,0,0,0,0,0,0,0,0,0,0,0,0,0,0,0,0,0,0,0,0,0,0,0,0,0,0,0,0,0,0,0,0,0,0,0,0,0,0,0,0,0,0,0,0,0,0,0,0,0,0,0,0,0,0,0,0,0,0,0,0,0,0,0,0,,,,,,,,,,,,,,,,,,,,,,,,,,,,,,,,,,,,,,,,,,,,,,,,,,,,,,,,,,,,,,,,,,,,,,,,,,,,,,,,,,,,,,,,,,,,,,,,,,,,,,-999,-999,-999,1,1,263,,0.0,,,,,,0,,,,,,,,,,,,,,,,,,,,,,,,,,,,,,,,,,,,,,,,,,,,,,,,,,,,,,,,,,,,,,,,-999,-999,-999,1,1,263,,0.0,,,,,,,,,,,,,,,,,,,,,,,,,,,,,,,,,,,,,,,,,,,,,,,,,,,,,,,,,,,,,,,,,,,,,,,,,,,,,,,,,,,,,,,,,,,,,,,,,,,,,,,,,,,,-999,1,1,263,,0.0,,0,0,0,0,0,0,0,0,,,,,,,,,0,0,0,0,0,0,0,0,0,0,0,0,0,0,0,0,0,0,0,0,0,0,0,0,0,0,0,0,0,0,0,0,0,0,0,0,0,0,0,0,0,0,0,0,0,,,,-999,-999,-999,-999,-999,-999,1,1,263,,0.0,0,441212,,,-999,-999,,-999,-999,1,2,2,1,3,1,3,6,13,14,12,8,11,1,4,10,2,5,9,7,2,1,1,1,1
264,d219wku9,,0,0,23,,,,0,,,0.0,,e5y22b4i,,,,,0,1.0,0.0,SS_WS2526,264,,0.0,,,,-999,,,1,1,264,,0.0,,,,,,,,,,,,,,,0,-999,-999,1,1,264,,0.0,x,x,x,x,x,x,x,x,x,x,x,x,x,x,x,x,x,x,x,x,x,x,x,x,x,x,x,x,x,x,x,x,x,x,x,x,x,x,x,x,x,x,x,x,x,x,x,x,x,x,0,0,0,0,0,0,0,0,0,0,0,0,0,0,0,0,0,0,0,0,0,0,0,0,0,0,0,0,0,0,0,0,0,0,0,0,0,0,0,0,0,0,0,0,0,0,0,0,0,0,0,0,0,0,0,0,0,0,0,0,0,0,0,0,0,0,0,0,0,0,0,0,0,0,0,0,0,0,0,0,0,0,0,0,0,0,0,0,0,0,0,0,0,0,0,0,0,0,0,0,0,0,0,0,0,0,0,0,0,0,0,0,0,0,0,0,0,0,0,0,0,0,0,0,0,0,0,0,0,0,0,0,0,0,0,0,0,0,0,0,0,0,0,0,0,0,0,0,0,0,0,0,0,0,0,0,0,0,0,0,0,0,0,0,0,0,0,0,0,0,0,0,0,0,0,0,0,0,0,0,0,0,0,0,0,0,0,0,0,0,0,0,0,0,0,0,0,0,0,0,0,0,0,0,0,0,0,0,0,0,0,0,0,0,0,0,0,0,0,0,0,0,0,0,0,0,0,0,0,0,0,0,0,0,0,0,0,0,0,0,0,0,0,0,0,0,0,0,0,0,,,,,,,,,,,,,,,,,,,,,,,,,,,,,,,,,,,,,,,,,,,,,,,,,,,,,,,,,,,,,,,,,,,,,,,,,,,,,,,,,,,,,,,,,,,,,,,,,,,,,,-999,-999,-999,1,1,264,,0.0,,,,,,0,,,,,,,,,,,,,,,,,,,,,,,,,,,,,,,,,,,,,,,,,,,,,,,,,,,,,,,,,,,,,,,,-999,-999,-999,1,1,264,,0.0,,,,,,,,,,,,,,,,,,,,,,,,,,,,,,,,,,,,,,,,,,,,,,,,,,,,,,,,,,,,,,,,,,,,,,,,,,,,,,,,,,,,,,,,,,,,,,,,,,,,,,,,,,,,-999,1,1,264,,0.0,,0,0,0,0,0,0,0,0,,,,,,,,,0,0,0,0,0,0,0,0,0,0,0,0,0,0,0,0,0,0,0,0,0,0,0,0,0,0,0,0,0,0,0,0,0,0,0,0,0,0,0,0,0,0,0,0,0,,,,-999,-999,-999,-999,-999,-999,1,1,264,,0.0,2,982601,,,-999,-999,,-999,-999,1,3,1,3,2,1,8,12,10,7,5,1,14,9,13,3,2,6,4,11,2,2,1,1,1
265,n2gib4vs,,0,0,23,,,,0,,,0.0,,e5y22b4i,,,,,0,1.0,0.0,SS_WS2526,265,,0.0,,,,-999,,,1,1,265,,0.0,,,,,,,,,,,,,,,0,-999,-999,1,1,265,,0.0,x,x,x,x,x,x,x,x,x,x,x,x,x,x,x,x,x,x,x,x,x,x,x,x,x,x,x,x,x,x,x,x,x,x,x,x,x,x,x,x,x,x,x,x,x,x,x,x,x,x,0,0,0,0,0,0,0,0,0,0,0,0,0,0,0,0,0,0,0,0,0,0,0,0,0,0,0,0,0,0,0,0,0,0,0,0,0,0,0,0,0,0,0,0,0,0,0,0,0,0,0,0,0,0,0,0,0,0,0,0,0,0,0,0,0,0,0,0,0,0,0,0,0,0,0,0,0,0,0,0,0,0,0,0,0,0,0,0,0,0,0,0,0,0,0,0,0,0,0,0,0,0,0,0,0,0,0,0,0,0,0,0,0,0,0,0,0,0,0,0,0,0,0,0,0,0,0,0,0,0,0,0,0,0,0,0,0,0,0,0,0,0,0,0,0,0,0,0,0,0,0,0,0,0,0,0,0,0,0,0,0,0,0,0,0,0,0,0,0,0,0,0,0,0,0,0,0,0,0,0,0,0,0,0,0,0,0,0,0,0,0,0,0,0,0,0,0,0,0,0,0,0,0,0,0,0,0,0,0,0,0,0,0,0,0,0,0,0,0,0,0,0,0,0,0,0,0,0,0,0,0,0,0,0,0,0,0,0,0,0,0,0,0,0,0,0,0,0,0,0,,,,,,,,,,,,,,,,,,,,,,,,,,,,,,,,,,,,,,,,,,,,,,,,,,,,,,,,,,,,,,,,,,,,,,,,,,,,,,,,,,,,,,,,,,,,,,,,,,,,,,-999,-999,-999,1,1,265,,0.0,,,,,,0,,,,,,,,,,,,,,,,,,,,,,,,,,,,,,,,,,,,,,,,,,,,,,,,,,,,,,,,,,,,,,,,-999,-999,-999,1,1,265,,0.0,,,,,,,,,,,,,,,,,,,,,,,,,,,,,,,,,,,,,,,,,,,,,,,,,,,,,,,,,,,,,,,,,,,,,,,,,,,,,,,,,,,,,,,,,,,,,,,,,,,,,,,,,,,,-999,1,1,265,,0.0,,0,0,0,0,0,0,0,0,,,,,,,,,0,0,0,0,0,0,0,0,0,0,0,0,0,0,0,0,0,0,0,0,0,0,0,0,0,0,0,0,0,0,0,0,0,0,0,0,0,0,0,0,0,0,0,0,0,,,,-999,-999,-999,-999,-999,-999,1,1,265,,0.0,2,434160,,,-999,-999,,-999,-999,2,1,3,2,1,3,7,2,4,1,8,3,6,11,5,9,14,12,13,10,1,2,1,1,1
266,ypf17wcu,,0,0,23,,,,0,,,0.0,,e5y22b4i,,,,,0,1.0,0.0,SS_WS2526,266,,0.0,,,,-999,,,1,1,266,,0.0,,,,,,,,,,,,,,,0,-999,-999,1,1,266,,0.0,x,x,x,x,x,x,x,x,x,x,x,x,x,x,x,x,x,x,x,x,x,x,x,x,x,x,x,x,x,x,x,x,x,x,x,x,x,x,x,x,x,x,x,x,x,x,x,x,x,x,0,0,0,0,0,0,0,0,0,0,0,0,0,0,0,0,0,0,0,0,0,0,0,0,0,0,0,0,0,0,0,0,0,0,0,0,0,0,0,0,0,0,0,0,0,0,0,0,0,0,0,0,0,0,0,0,0,0,0,0,0,0,0,0,0,0,0,0,0,0,0,0,0,0,0,0,0,0,0,0,0,0,0,0,0,0,0,0,0,0,0,0,0,0,0,0,0,0,0,0,0,0,0,0,0,0,0,0,0,0,0,0,0,0,0,0,0,0,0,0,0,0,0,0,0,0,0,0,0,0,0,0,0,0,0,0,0,0,0,0,0,0,0,0,0,0,0,0,0,0,0,0,0,0,0,0,0,0,0,0,0,0,0,0,0,0,0,0,0,0,0,0,0,0,0,0,0,0,0,0,0,0,0,0,0,0,0,0,0,0,0,0,0,0,0,0,0,0,0,0,0,0,0,0,0,0,0,0,0,0,0,0,0,0,0,0,0,0,0,0,0,0,0,0,0,0,0,0,0,0,0,0,0,0,0,0,0,0,0,0,0,0,0,0,0,0,0,0,0,0,,,,,,,,,,,,,,,,,,,,,,,,,,,,,,,,,,,,,,,,,,,,,,,,,,,,,,,,,,,,,,,,,,,,,,,,,,,,,,,,,,,,,,,,,,,,,,,,,,,,,,-999,-999,-999,1,1,266,,0.0,,,,,,0,,,,,,,,,,,,,,,,,,,,,,,,,,,,,,,,,,,,,,,,,,,,,,,,,,,,,,,,,,,,,,,,-999,-999,-999,1,1,266,,0.0,,,,,,,,,,,,,,,,,,,,,,,,,,,,,,,,,,,,,,,,,,,,,,,,,,,,,,,,,,,,,,,,,,,,,,,,,,,,,,,,,,,,,,,,,,,,,,,,,,,,,,,,,,,,-999,1,1,266,,0.0,,0,0,0,0,0,0,0,0,,,,,,,,,0,0,0,0,0,0,0,0,0,0,0,0,0,0,0,0,0,0,0,0,0,0,0,0,0,0,0,0,0,0,0,0,0,0,0,0,0,0,0,0,0,0,0,0,0,,,,-999,-999,-999,-999,-999,-999,1,1,266,,0.0,0,183920,,,-999,-999,,-999,-999,3,2,1,3,2,1,12,5,14,8,3,11,9,13,6,1,2,4,7,10,2,1,1,1,1
267,ty681y9z,,0,0,23,,,,0,,,0.0,,e5y22b4i,,,,,0,1.0,0.0,SS_WS2526,267,,0.0,,,,-999,,,1,1,267,,0.0,,,,,,,,,,,,,,,0,-999,-999,1,1,267,,0.0,x,x,x,x,x,x,x,x,x,x,x,x,x,x,x,x,x,x,x,x,x,x,x,x,x,x,x,x,x,x,x,x,x,x,x,x,x,x,x,x,x,x,x,x,x,x,x,x,x,x,0,0,0,0,0,0,0,0,0,0,0,0,0,0,0,0,0,0,0,0,0,0,0,0,0,0,0,0,0,0,0,0,0,0,0,0,0,0,0,0,0,0,0,0,0,0,0,0,0,0,0,0,0,0,0,0,0,0,0,0,0,0,0,0,0,0,0,0,0,0,0,0,0,0,0,0,0,0,0,0,0,0,0,0,0,0,0,0,0,0,0,0,0,0,0,0,0,0,0,0,0,0,0,0,0,0,0,0,0,0,0,0,0,0,0,0,0,0,0,0,0,0,0,0,0,0,0,0,0,0,0,0,0,0,0,0,0,0,0,0,0,0,0,0,0,0,0,0,0,0,0,0,0,0,0,0,0,0,0,0,0,0,0,0,0,0,0,0,0,0,0,0,0,0,0,0,0,0,0,0,0,0,0,0,0,0,0,0,0,0,0,0,0,0,0,0,0,0,0,0,0,0,0,0,0,0,0,0,0,0,0,0,0,0,0,0,0,0,0,0,0,0,0,0,0,0,0,0,0,0,0,0,0,0,0,0,0,0,0,0,0,0,0,0,0,0,0,0,0,0,,,,,,,,,,,,,,,,,,,,,,,,,,,,,,,,,,,,,,,,,,,,,,,,,,,,,,,,,,,,,,,,,,,,,,,,,,,,,,,,,,,,,,,,,,,,,,,,,,,,,,-999,-999,-999,1,1,267,,0.0,,,,,,0,,,,,,,,,,,,,,,,,,,,,,,,,,,,,,,,,,,,,,,,,,,,,,,,,,,,,,,,,,,,,,,,-999,-999,-999,1,1,267,,0.0,,,,,,,,,,,,,,,,,,,,,,,,,,,,,,,,,,,,,,,,,,,,,,,,,,,,,,,,,,,,,,,,,,,,,,,,,,,,,,,,,,,,,,,,,,,,,,,,,,,,,,,,,,,,-999,1,1,267,,0.0,,0,0,0,0,0,0,0,0,,,,,,,,,0,0,0,0,0,0,0,0,0,0,0,0,0,0,0,0,0,0,0,0,0,0,0,0,0,0,0,0,0,0,0,0,0,0,0,0,0,0,0,0,0,0,0,0,0,,,,-999,-999,-999,-999,-999,-999,1,1,267,,0.0,2,369871,,,-999,-999,,-999,-999,2,3,3,1,3,1,9,13,12,2,1,5,11,8,4,3,7,10,14,6,1,2,1,1,1
268,dd2m2d9t,,0,0,23,,,,0,,,0.0,,e5y22b4i,,,,,0,1.0,0.0,SS_WS2526,268,,0.0,,,,-999,,,1,1,268,,0.0,,,,,,,,,,,,,,,0,-999,-999,1,1,268,,0.0,x,x,x,x,x,x,x,x,x,x,x,x,x,x,x,x,x,x,x,x,x,x,x,x,x,x,x,x,x,x,x,x,x,x,x,x,x,x,x,x,x,x,x,x,x,x,x,x,x,x,0,0,0,0,0,0,0,0,0,0,0,0,0,0,0,0,0,0,0,0,0,0,0,0,0,0,0,0,0,0,0,0,0,0,0,0,0,0,0,0,0,0,0,0,0,0,0,0,0,0,0,0,0,0,0,0,0,0,0,0,0,0,0,0,0,0,0,0,0,0,0,0,0,0,0,0,0,0,0,0,0,0,0,0,0,0,0,0,0,0,0,0,0,0,0,0,0,0,0,0,0,0,0,0,0,0,0,0,0,0,0,0,0,0,0,0,0,0,0,0,0,0,0,0,0,0,0,0,0,0,0,0,0,0,0,0,0,0,0,0,0,0,0,0,0,0,0,0,0,0,0,0,0,0,0,0,0,0,0,0,0,0,0,0,0,0,0,0,0,0,0,0,0,0,0,0,0,0,0,0,0,0,0,0,0,0,0,0,0,0,0,0,0,0,0,0,0,0,0,0,0,0,0,0,0,0,0,0,0,0,0,0,0,0,0,0,0,0,0,0,0,0,0,0,0,0,0,0,0,0,0,0,0,0,0,0,0,0,0,0,0,0,0,0,0,0,0,0,0,0,,,,,,,,,,,,,,,,,,,,,,,,,,,,,,,,,,,,,,,,,,,,,,,,,,,,,,,,,,,,,,,,,,,,,,,,,,,,,,,,,,,,,,,,,,,,,,,,,,,,,,-999,-999,-999,1,1,268,,0.0,,,,,,0,,,,,,,,,,,,,,,,,,,,,,,,,,,,,,,,,,,,,,,,,,,,,,,,,,,,,,,,,,,,,,,,-999,-999,-999,1,1,268,,0.0,,,,,,,,,,,,,,,,,,,,,,,,,,,,,,,,,,,,,,,,,,,,,,,,,,,,,,,,,,,,,,,,,,,,,,,,,,,,,,,,,,,,,,,,,,,,,,,,,,,,,,,,,,,,-999,1,1,268,,0.0,,0,0,0,0,0,0,0,0,,,,,,,,,0,0,0,0,0,0,0,0,0,0,0,0,0,0,0,0,0,0,0,0,0,0,0,0,0,0,0,0,0,0,0,0,0,0,0,0,0,0,0,0,0,0,0,0,0,,,,-999,-999,-999,-999,-999,-999,1,1,268,,0.0,2,501646,,,-999,-999,,-999,-999,3,1,1,2,2,1,1,7,14,12,9,11,2,10,4,3,5,8,6,13,1,1,1,1,1
269,jdqqrj4a,,0,0,23,,,,0,,,0.0,,e5y22b4i,,,,,0,1.0,0.0,SS_WS2526,269,,0.0,,,,-999,,,1,1,269,,0.0,,,,,,,,,,,,,,,0,-999,-999,1,1,269,,0.0,x,x,x,x,x,x,x,x,x,x,x,x,x,x,x,x,x,x,x,x,x,x,x,x,x,x,x,x,x,x,x,x,x,x,x,x,x,x,x,x,x,x,x,x,x,x,x,x,x,x,0,0,0,0,0,0,0,0,0,0,0,0,0,0,0,0,0,0,0,0,0,0,0,0,0,0,0,0,0,0,0,0,0,0,0,0,0,0,0,0,0,0,0,0,0,0,0,0,0,0,0,0,0,0,0,0,0,0,0,0,0,0,0,0,0,0,0,0,0,0,0,0,0,0,0,0,0,0,0,0,0,0,0,0,0,0,0,0,0,0,0,0,0,0,0,0,0,0,0,0,0,0,0,0,0,0,0,0,0,0,0,0,0,0,0,0,0,0,0,0,0,0,0,0,0,0,0,0,0,0,0,0,0,0,0,0,0,0,0,0,0,0,0,0,0,0,0,0,0,0,0,0,0,0,0,0,0,0,0,0,0,0,0,0,0,0,0,0,0,0,0,0,0,0,0,0,0,0,0,0,0,0,0,0,0,0,0,0,0,0,0,0,0,0,0,0,0,0,0,0,0,0,0,0,0,0,0,0,0,0,0,0,0,0,0,0,0,0,0,0,0,0,0,0,0,0,0,0,0,0,0,0,0,0,0,0,0,0,0,0,0,0,0,0,0,0,0,0,0,0,,,,,,,,,,,,,,,,,,,,,,,,,,,,,,,,,,,,,,,,,,,,,,,,,,,,,,,,,,,,,,,,,,,,,,,,,,,,,,,,,,,,,,,,,,,,,,,,,,,,,,-999,-999,-999,1,1,269,,0.0,,,,,,0,,,,,,,,,,,,,,,,,,,,,,,,,,,,,,,,,,,,,,,,,,,,,,,,,,,,,,,,,,,,,,,,-999,-999,-999,1,1,269,,0.0,,,,,,,,,,,,,,,,,,,,,,,,,,,,,,,,,,,,,,,,,,,,,,,,,,,,,,,,,,,,,,,,,,,,,,,,,,,,,,,,,,,,,,,,,,,,,,,,,,,,,,,,,,,,-999,1,1,269,,0.0,,0,0,0,0,0,0,0,0,,,,,,,,,0,0,0,0,0,0,0,0,0,0,0,0,0,0,0,0,0,0,0,0,0,0,0,0,0,0,0,0,0,0,0,0,0,0,0,0,0,0,0,0,0,0,0,0,0,,,,-999,-999,-999,-999,-999,-999,1,1,269,,0.0,1,915353,,,-999,-999,,-999,,3,1,3,1,2,3,12,6,9,1,10,2,13,5,7,3,14,11,4,8,2,2,1,1,1
270,k50ykyue,,0,0,23,,,,0,,,0.0,,e5y22b4i,,,,,0,1.0,0.0,SS_WS2526,270,,0.0,,,,-999,,,1,1,270,,0.0,,,,,,,,,,,,,,,0,-999,-999,1,1,270,,0.0,x,x,x,x,x,x,x,x,x,x,x,x,x,x,x,x,x,x,x,x,x,x,x,x,x,x,x,x,x,x,x,x,x,x,x,x,x,x,x,x,x,x,x,x,x,x,x,x,x,x,0,0,0,0,0,0,0,0,0,0,0,0,0,0,0,0,0,0,0,0,0,0,0,0,0,0,0,0,0,0,0,0,0,0,0,0,0,0,0,0,0,0,0,0,0,0,0,0,0,0,0,0,0,0,0,0,0,0,0,0,0,0,0,0,0,0,0,0,0,0,0,0,0,0,0,0,0,0,0,0,0,0,0,0,0,0,0,0,0,0,0,0,0,0,0,0,0,0,0,0,0,0,0,0,0,0,0,0,0,0,0,0,0,0,0,0,0,0,0,0,0,0,0,0,0,0,0,0,0,0,0,0,0,0,0,0,0,0,0,0,0,0,0,0,0,0,0,0,0,0,0,0,0,0,0,0,0,0,0,0,0,0,0,0,0,0,0,0,0,0,0,0,0,0,0,0,0,0,0,0,0,0,0,0,0,0,0,0,0,0,0,0,0,0,0,0,0,0,0,0,0,0,0,0,0,0,0,0,0,0,0,0,0,0,0,0,0,0,0,0,0,0,0,0,0,0,0,0,0,0,0,0,0,0,0,0,0,0,0,0,0,0,0,0,0,0,0,0,0,0,,,,,,,,,,,,,,,,,,,,,,,,,,,,,,,,,,,,,,,,,,,,,,,,,,,,,,,,,,,,,,,,,,,,,,,,,,,,,,,,,,,,,,,,,,,,,,,,,,,,,,-999,-999,-999,1,1,270,,0.0,,,,,,0,,,,,,,,,,,,,,,,,,,,,,,,,,,,,,,,,,,,,,,,,,,,,,,,,,,,,,,,,,,,,,,,-999,-999,-999,1,1,270,,0.0,,,,,,,,,,,,,,,,,,,,,,,,,,,,,,,,,,,,,,,,,,,,,,,,,,,,,,,,,,,,,,,,,,,,,,,,,,,,,,,,,,,,,,,,,,,,,,,,,,,,,,,,,,,,-999,1,1,270,,0.0,,0,0,0,0,0,0,0,0,,,,,,,,,0,0,0,0,0,0,0,0,0,0,0,0,0,0,0,0,0,0,0,0,0,0,0,0,0,0,0,0,0,0,0,0,0,0,0,0,0,0,0,0,0,0,0,0,0,,,,-999,-999,-999,-999,-999,-999,1,1,270,,0.0,0,977175,,,-999,-999,,-999,-999,2,3,1,3,1,3,9,12,7,13,1,10,4,6,14,5,3,2,11,8,2,1,2,1,1
271,pw9zoi94,,0,0,23,,,,0,,,0.0,,e5y22b4i,,,,,0,1.0,0.0,SS_WS2526,271,,0.0,,,,-999,,,1,1,271,,0.0,,,,,,,,,,,,,,,0,-999,-999,1,1,271,,0.0,x,x,x,x,x,x,x,x,x,x,x,x,x,x,x,x,x,x,x,x,x,x,x,x,x,x,x,x,x,x,x,x,x,x,x,x,x,x,x,x,x,x,x,x,x,x,x,x,x,x,0,0,0,0,0,0,0,0,0,0,0,0,0,0,0,0,0,0,0,0,0,0,0,0,0,0,0,0,0,0,0,0,0,0,0,0,0,0,0,0,0,0,0,0,0,0,0,0,0,0,0,0,0,0,0,0,0,0,0,0,0,0,0,0,0,0,0,0,0,0,0,0,0,0,0,0,0,0,0,0,0,0,0,0,0,0,0,0,0,0,0,0,0,0,0,0,0,0,0,0,0,0,0,0,0,0,0,0,0,0,0,0,0,0,0,0,0,0,0,0,0,0,0,0,0,0,0,0,0,0,0,0,0,0,0,0,0,0,0,0,0,0,0,0,0,0,0,0,0,0,0,0,0,0,0,0,0,0,0,0,0,0,0,0,0,0,0,0,0,0,0,0,0,0,0,0,0,0,0,0,0,0,0,0,0,0,0,0,0,0,0,0,0,0,0,0,0,0,0,0,0,0,0,0,0,0,0,0,0,0,0,0,0,0,0,0,0,0,0,0,0,0,0,0,0,0,0,0,0,0,0,0,0,0,0,0,0,0,0,0,0,0,0,0,0,0,0,0,0,0,,,,,,,,,,,,,,,,,,,,,,,,,,,,,,,,,,,,,,,,,,,,,,,,,,,,,,,,,,,,,,,,,,,,,,,,,,,,,,,,,,,,,,,,,,,,,,,,,,,,,,-999,-999,-999,1,1,271,,0.0,,,,,,0,,,,,,,,,,,,,,,,,,,,,,,,,,,,,,,,,,,,,,,,,,,,,,,,,,,,,,,,,,,,,,,,-999,-999,-999,1,1,271,,0.0,,,,,,,,,,,,,,,,,,,,,,,,,,,,,,,,,,,,,,,,,,,,,,,,,,,,,,,,,,,,,,,,,,,,,,,,,,,,,,,,,,,,,,,,,,,,,,,,,,,,,,,,,,,,-999,1,1,271,,0.0,,0,0,0,0,0,0,0,0,,,,,,,,,0,0,0,0,0,0,0,0,0,0,0,0,0,0,0,0,0,0,0,0,0,0,0,0,0,0,0,0,0,0,0,0,0,0,0,0,0,0,0,0,0,0,0,0,0,,,,-999,-999,-999,-999,-999,-999,1,1,271,,0.0,2,383500,,,-999,-999,,-999,-999,2,1,1,2,1,2,9,4,6,3,8,12,10,1,5,11,7,13,14,2,1,2,1,1,1
272,yzyw27qf,,0,0,23,,,,0,,,0.0,,e5y22b4i,,,,,0,1.0,0.0,SS_WS2526,272,,0.0,,,,-999,,,1,1,272,,0.0,,,,,,,,,,,,,,,0,-999,-999,1,1,272,,0.0,x,x,x,x,x,x,x,x,x,x,x,x,x,x,x,x,x,x,x,x,x,x,x,x,x,x,x,x,x,x,x,x,x,x,x,x,x,x,x,x,x,x,x,x,x,x,x,x,x,x,0,0,0,0,0,0,0,0,0,0,0,0,0,0,0,0,0,0,0,0,0,0,0,0,0,0,0,0,0,0,0,0,0,0,0,0,0,0,0,0,0,0,0,0,0,0,0,0,0,0,0,0,0,0,0,0,0,0,0,0,0,0,0,0,0,0,0,0,0,0,0,0,0,0,0,0,0,0,0,0,0,0,0,0,0,0,0,0,0,0,0,0,0,0,0,0,0,0,0,0,0,0,0,0,0,0,0,0,0,0,0,0,0,0,0,0,0,0,0,0,0,0,0,0,0,0,0,0,0,0,0,0,0,0,0,0,0,0,0,0,0,0,0,0,0,0,0,0,0,0,0,0,0,0,0,0,0,0,0,0,0,0,0,0,0,0,0,0,0,0,0,0,0,0,0,0,0,0,0,0,0,0,0,0,0,0,0,0,0,0,0,0,0,0,0,0,0,0,0,0,0,0,0,0,0,0,0,0,0,0,0,0,0,0,0,0,0,0,0,0,0,0,0,0,0,0,0,0,0,0,0,0,0,0,0,0,0,0,0,0,0,0,0,0,0,0,0,0,0,0,,,,,,,,,,,,,,,,,,,,,,,,,,,,,,,,,,,,,,,,,,,,,,,,,,,,,,,,,,,,,,,,,,,,,,,,,,,,,,,,,,,,,,,,,,,,,,,,,,,,,,-999,-999,-999,1,1,272,,0.0,,,,,,0,,,,,,,,,,,,,,,,,,,,,,,,,,,,,,,,,,,,,,,,,,,,,,,,,,,,,,,,,,,,,,,,-999,-999,-999,1,1,272,,0.0,,,,,,,,,,,,,,,,,,,,,,,,,,,,,,,,,,,,,,,,,,,,,,,,,,,,,,,,,,,,,,,,,,,,,,,,,,,,,,,,,,,,,,,,,,,,,,,,,,,,,,,,,,,,-999,1,1,272,,0.0,,0,0,0,0,0,0,0,0,,,,,,,,,0,0,0,0,0,0,0,0,0,0,0,0,0,0,0,0,0,0,0,0,0,0,0,0,0,0,0,0,0,0,0,0,0,0,0,0,0,0,0,0,0,0,0,0,0,,,,-999,-999,-999,-999,-999,-999,1,1,272,,0.0,2,980876,,,-999,-999,,-999,-999,2,3,1,2,2,1,8,12,7,5,10,2,1,11,4,3,6,14,13,9,1,2,1,1,1
273,w0lw5nbb,,0,0,23,,,,0,,,0.0,,e5y22b4i,,,,,0,1.0,0.0,SS_WS2526,273,,0.0,,,,-999,,,1,1,273,,0.0,,,,,,,,,,,,,,,0,-999,-999,1,1,273,,0.0,x,x,x,x,x,x,x,x,x,x,x,x,x,x,x,x,x,x,x,x,x,x,x,x,x,x,x,x,x,x,x,x,x,x,x,x,x,x,x,x,x,x,x,x,x,x,x,x,x,x,0,0,0,0,0,0,0,0,0,0,0,0,0,0,0,0,0,0,0,0,0,0,0,0,0,0,0,0,0,0,0,0,0,0,0,0,0,0,0,0,0,0,0,0,0,0,0,0,0,0,0,0,0,0,0,0,0,0,0,0,0,0,0,0,0,0,0,0,0,0,0,0,0,0,0,0,0,0,0,0,0,0,0,0,0,0,0,0,0,0,0,0,0,0,0,0,0,0,0,0,0,0,0,0,0,0,0,0,0,0,0,0,0,0,0,0,0,0,0,0,0,0,0,0,0,0,0,0,0,0,0,0,0,0,0,0,0,0,0,0,0,0,0,0,0,0,0,0,0,0,0,0,0,0,0,0,0,0,0,0,0,0,0,0,0,0,0,0,0,0,0,0,0,0,0,0,0,0,0,0,0,0,0,0,0,0,0,0,0,0,0,0,0,0,0,0,0,0,0,0,0,0,0,0,0,0,0,0,0,0,0,0,0,0,0,0,0,0,0,0,0,0,0,0,0,0,0,0,0,0,0,0,0,0,0,0,0,0,0,0,0,0,0,0,0,0,0,0,0,0,,,,,,,,,,,,,,,,,,,,,,,,,,,,,,,,,,,,,,,,,,,,,,,,,,,,,,,,,,,,,,,,,,,,,,,,,,,,,,,,,,,,,,,,,,,,,,,,,,,,,,-999,-999,-999,1,1,273,,0.0,,,,,,0,,,,,,,,,,,,,,,,,,,,,,,,,,,,,,,,,,,,,,,,,,,,,,,,,,,,,,,,,,,,,,,,-999,-999,-999,1,1,273,,0.0,,,,,,,,,,,,,,,,,,,,,,,,,,,,,,,,,,,,,,,,,,,,,,,,,,,,,,,,,,,,,,,,,,,,,,,,,,,,,,,,,,,,,,,,,,,,,,,,,,,,,,,,,,,,-999,1,1,273,,0.0,,0,0,0,0,0,0,0,0,,,,,,,,,0,0,0,0,0,0,0,0,0,0,0,0,0,0,0,0,0,0,0,0,0,0,0,0,0,0,0,0,0,0,0,0,0,0,0,0,0,0,0,0,0,0,0,0,0,,,,-999,-999,-999,-999,-999,-999,1,1,273,,0.0,2,103867,,,-999,-999,,-999,-999,3,2,3,1,1,3,12,1,5,6,13,2,11,14,4,8,9,3,7,10,1,1,2,1,1
274,057hm3q5,,0,0,23,,,,0,,,0.0,,e5y22b4i,,,,,0,1.0,0.0,SS_WS2526,274,,0.0,,,,-999,,,1,1,274,,0.0,,,,,,,,,,,,,,,0,-999,-999,1,1,274,,0.0,x,x,x,x,x,x,x,x,x,x,x,x,x,x,x,x,x,x,x,x,x,x,x,x,x,x,x,x,x,x,x,x,x,x,x,x,x,x,x,x,x,x,x,x,x,x,x,x,x,x,0,0,0,0,0,0,0,0,0,0,0,0,0,0,0,0,0,0,0,0,0,0,0,0,0,0,0,0,0,0,0,0,0,0,0,0,0,0,0,0,0,0,0,0,0,0,0,0,0,0,0,0,0,0,0,0,0,0,0,0,0,0,0,0,0,0,0,0,0,0,0,0,0,0,0,0,0,0,0,0,0,0,0,0,0,0,0,0,0,0,0,0,0,0,0,0,0,0,0,0,0,0,0,0,0,0,0,0,0,0,0,0,0,0,0,0,0,0,0,0,0,0,0,0,0,0,0,0,0,0,0,0,0,0,0,0,0,0,0,0,0,0,0,0,0,0,0,0,0,0,0,0,0,0,0,0,0,0,0,0,0,0,0,0,0,0,0,0,0,0,0,0,0,0,0,0,0,0,0,0,0,0,0,0,0,0,0,0,0,0,0,0,0,0,0,0,0,0,0,0,0,0,0,0,0,0,0,0,0,0,0,0,0,0,0,0,0,0,0,0,0,0,0,0,0,0,0,0,0,0,0,0,0,0,0,0,0,0,0,0,0,0,0,0,0,0,0,0,0,0,,,,,,,,,,,,,,,,,,,,,,,,,,,,,,,,,,,,,,,,,,,,,,,,,,,,,,,,,,,,,,,,,,,,,,,,,,,,,,,,,,,,,,,,,,,,,,,,,,,,,,-999,-999,-999,1,1,274,,0.0,,,,,,0,,,,,,,,,,,,,,,,,,,,,,,,,,,,,,,,,,,,,,,,,,,,,,,,,,,,,,,,,,,,,,,,-999,-999,-999,1,1,274,,0.0,,,,,,,,,,,,,,,,,,,,,,,,,,,,,,,,,,,,,,,,,,,,,,,,,,,,,,,,,,,,,,,,,,,,,,,,,,,,,,,,,,,,,,,,,,,,,,,,,,,,,,,,,,,,-999,1,1,274,,0.0,,0,0,0,0,0,0,0,0,,,,,,,,,0,0,0,0,0,0,0,0,0,0,0,0,0,0,0,0,0,0,0,0,0,0,0,0,0,0,0,0,0,0,0,0,0,0,0,0,0,0,0,0,0,0,0,0,0,,,,-999,-999,-999,-999,-999,-999,1,1,274,,0.0,2,386925,,,-999,-999,,-999,-999,3,2,2,3,1,2,12,2,10,5,9,7,11,4,8,3,1,14,13,6,2,1,2,1,1
275,imwv6cot,,0,0,23,,,,0,,,0.0,,e5y22b4i,,,,,0,1.0,0.0,SS_WS2526,275,,0.0,,,,-999,,,1,1,275,,0.0,,,,,,,,,,,,,,,0,-999,-999,1,1,275,,0.0,x,x,x,x,x,x,x,x,x,x,x,x,x,x,x,x,x,x,x,x,x,x,x,x,x,x,x,x,x,x,x,x,x,x,x,x,x,x,x,x,x,x,x,x,x,x,x,x,x,x,0,0,0,0,0,0,0,0,0,0,0,0,0,0,0,0,0,0,0,0,0,0,0,0,0,0,0,0,0,0,0,0,0,0,0,0,0,0,0,0,0,0,0,0,0,0,0,0,0,0,0,0,0,0,0,0,0,0,0,0,0,0,0,0,0,0,0,0,0,0,0,0,0,0,0,0,0,0,0,0,0,0,0,0,0,0,0,0,0,0,0,0,0,0,0,0,0,0,0,0,0,0,0,0,0,0,0,0,0,0,0,0,0,0,0,0,0,0,0,0,0,0,0,0,0,0,0,0,0,0,0,0,0,0,0,0,0,0,0,0,0,0,0,0,0,0,0,0,0,0,0,0,0,0,0,0,0,0,0,0,0,0,0,0,0,0,0,0,0,0,0,0,0,0,0,0,0,0,0,0,0,0,0,0,0,0,0,0,0,0,0,0,0,0,0,0,0,0,0,0,0,0,0,0,0,0,0,0,0,0,0,0,0,0,0,0,0,0,0,0,0,0,0,0,0,0,0,0,0,0,0,0,0,0,0,0,0,0,0,0,0,0,0,0,0,0,0,0,0,0,,,,,,,,,,,,,,,,,,,,,,,,,,,,,,,,,,,,,,,,,,,,,,,,,,,,,,,,,,,,,,,,,,,,,,,,,,,,,,,,,,,,,,,,,,,,,,,,,,,,,,-999,-999,-999,1,1,275,,0.0,,,,,,0,,,,,,,,,,,,,,,,,,,,,,,,,,,,,,,,,,,,,,,,,,,,,,,,,,,,,,,,,,,,,,,,-999,-999,-999,1,1,275,,0.0,,,,,,,,,,,,,,,,,,,,,,,,,,,,,,,,,,,,,,,,,,,,,,,,,,,,,,,,,,,,,,,,,,,,,,,,,,,,,,,,,,,,,,,,,,,,,,,,,,,,,,,,,,,,-999,1,1,275,,0.0,,0,0,0,0,0,0,0,0,,,,,,,,,0,0,0,0,0,0,0,0,0,0,0,0,0,0,0,0,0,0,0,0,0,0,0,0,0,0,0,0,0,0,0,0,0,0,0,0,0,0,0,0,0,0,0,0,0,,,,-999,-999,-999,-999,-999,-999,1,1,275,,0.0,2,314817,,,-999,-999,,-999,-999,1,3,1,3,2,3,6,1,11,14,12,2,13,5,8,10,9,3,4,7,1,1,1,1,1
276,t43nl6f9,,0,0,23,,,,0,,,0.0,,e5y22b4i,,,,,0,1.0,0.0,SS_WS2526,276,,0.0,,,,-999,,,1,1,276,,0.0,,,,,,,,,,,,,,,0,-999,-999,1,1,276,,0.0,x,x,x,x,x,x,x,x,x,x,x,x,x,x,x,x,x,x,x,x,x,x,x,x,x,x,x,x,x,x,x,x,x,x,x,x,x,x,x,x,x,x,x,x,x,x,x,x,x,x,0,0,0,0,0,0,0,0,0,0,0,0,0,0,0,0,0,0,0,0,0,0,0,0,0,0,0,0,0,0,0,0,0,0,0,0,0,0,0,0,0,0,0,0,0,0,0,0,0,0,0,0,0,0,0,0,0,0,0,0,0,0,0,0,0,0,0,0,0,0,0,0,0,0,0,0,0,0,0,0,0,0,0,0,0,0,0,0,0,0,0,0,0,0,0,0,0,0,0,0,0,0,0,0,0,0,0,0,0,0,0,0,0,0,0,0,0,0,0,0,0,0,0,0,0,0,0,0,0,0,0,0,0,0,0,0,0,0,0,0,0,0,0,0,0,0,0,0,0,0,0,0,0,0,0,0,0,0,0,0,0,0,0,0,0,0,0,0,0,0,0,0,0,0,0,0,0,0,0,0,0,0,0,0,0,0,0,0,0,0,0,0,0,0,0,0,0,0,0,0,0,0,0,0,0,0,0,0,0,0,0,0,0,0,0,0,0,0,0,0,0,0,0,0,0,0,0,0,0,0,0,0,0,0,0,0,0,0,0,0,0,0,0,0,0,0,0,0,0,0,,,,,,,,,,,,,,,,,,,,,,,,,,,,,,,,,,,,,,,,,,,,,,,,,,,,,,,,,,,,,,,,,,,,,,,,,,,,,,,,,,,,,,,,,,,,,,,,,,,,,,-999,-999,-999,1,1,276,,0.0,,,,,,0,,,,,,,,,,,,,,,,,,,,,,,,,,,,,,,,,,,,,,,,,,,,,,,,,,,,,,,,,,,,,,,,-999,-999,-999,1,1,276,,0.0,,,,,,,,,,,,,,,,,,,,,,,,,,,,,,,,,,,,,,,,,,,,,,,,,,,,,,,,,,,,,,,,,,,,,,,,,,,,,,,,,,,,,,,,,,,,,,,,,,,,,,,,,,,,-999,1,1,276,,0.0,,0,0,0,0,0,0,0,0,,,,,,,,,0,0,0,0,0,0,0,0,0,0,0,0,0,0,0,0,0,0,0,0,0,0,0,0,0,0,0,0,0,0,0,0,0,0,0,0,0,0,0,0,0,0,0,0,0,,,,-999,-999,-999,-999,-999,-999,1,1,276,,0.0,0,795974,,,-999,-999,,-999,-999,2,3,1,3,2,3,13,4,6,7,12,10,2,1,14,9,5,3,8,11,2,2,2,1,1
277,qrynhb41,,0,0,23,,,,0,,,0.0,,e5y22b4i,,,,,0,1.0,0.0,SS_WS2526,277,,0.0,,,,-999,,,1,1,277,,0.0,,,,,,,,,,,,,,,0,-999,-999,1,1,277,,0.0,x,x,x,x,x,x,x,x,x,x,x,x,x,x,x,x,x,x,x,x,x,x,x,x,x,x,x,x,x,x,x,x,x,x,x,x,x,x,x,x,x,x,x,x,x,x,x,x,x,x,0,0,0,0,0,0,0,0,0,0,0,0,0,0,0,0,0,0,0,0,0,0,0,0,0,0,0,0,0,0,0,0,0,0,0,0,0,0,0,0,0,0,0,0,0,0,0,0,0,0,0,0,0,0,0,0,0,0,0,0,0,0,0,0,0,0,0,0,0,0,0,0,0,0,0,0,0,0,0,0,0,0,0,0,0,0,0,0,0,0,0,0,0,0,0,0,0,0,0,0,0,0,0,0,0,0,0,0,0,0,0,0,0,0,0,0,0,0,0,0,0,0,0,0,0,0,0,0,0,0,0,0,0,0,0,0,0,0,0,0,0,0,0,0,0,0,0,0,0,0,0,0,0,0,0,0,0,0,0,0,0,0,0,0,0,0,0,0,0,0,0,0,0,0,0,0,0,0,0,0,0,0,0,0,0,0,0,0,0,0,0,0,0,0,0,0,0,0,0,0,0,0,0,0,0,0,0,0,0,0,0,0,0,0,0,0,0,0,0,0,0,0,0,0,0,0,0,0,0,0,0,0,0,0,0,0,0,0,0,0,0,0,0,0,0,0,0,0,0,0,,,,,,,,,,,,,,,,,,,,,,,,,,,,,,,,,,,,,,,,,,,,,,,,,,,,,,,,,,,,,,,,,,,,,,,,,,,,,,,,,,,,,,,,,,,,,,,,,,,,,,-999,-999,-999,1,1,277,,0.0,,,,,,0,,,,,,,,,,,,,,,,,,,,,,,,,,,,,,,,,,,,,,,,,,,,,,,,,,,,,,,,,,,,,,,,-999,-999,-999,1,1,277,,0.0,,,,,,,,,,,,,,,,,,,,,,,,,,,,,,,,,,,,,,,,,,,,,,,,,,,,,,,,,,,,,,,,,,,,,,,,,,,,,,,,,,,,,,,,,,,,,,,,,,,,,,,,,,,,-999,1,1,277,,0.0,,0,0,0,0,0,0,0,0,,,,,,,,,0,0,0,0,0,0,0,0,0,0,0,0,0,0,0,0,0,0,0,0,0,0,0,0,0,0,0,0,0,0,0,0,0,0,0,0,0,0,0,0,0,0,0,0,0,,,,-999,-999,-999,-999,-999,-999,1,1,277,,0.0,2,164692,,,-999,-999,,-999,-999,3,1,3,2,2,3,1,13,12,11,3,7,14,10,5,4,2,9,8,6,1,1,1,1,1
278,xetz80hc,,0,0,23,,,,0,,,0.0,,e5y22b4i,,,,,0,1.0,0.0,SS_WS2526,278,,0.0,,,,-999,,,1,1,278,,0.0,,,,,,,,,,,,,,,0,-999,-999,1,1,278,,0.0,x,x,x,x,x,x,x,x,x,x,x,x,x,x,x,x,x,x,x,x,x,x,x,x,x,x,x,x,x,x,x,x,x,x,x,x,x,x,x,x,x,x,x,x,x,x,x,x,x,x,0,0,0,0,0,0,0,0,0,0,0,0,0,0,0,0,0,0,0,0,0,0,0,0,0,0,0,0,0,0,0,0,0,0,0,0,0,0,0,0,0,0,0,0,0,0,0,0,0,0,0,0,0,0,0,0,0,0,0,0,0,0,0,0,0,0,0,0,0,0,0,0,0,0,0,0,0,0,0,0,0,0,0,0,0,0,0,0,0,0,0,0,0,0,0,0,0,0,0,0,0,0,0,0,0,0,0,0,0,0,0,0,0,0,0,0,0,0,0,0,0,0,0,0,0,0,0,0,0,0,0,0,0,0,0,0,0,0,0,0,0,0,0,0,0,0,0,0,0,0,0,0,0,0,0,0,0,0,0,0,0,0,0,0,0,0,0,0,0,0,0,0,0,0,0,0,0,0,0,0,0,0,0,0,0,0,0,0,0,0,0,0,0,0,0,0,0,0,0,0,0,0,0,0,0,0,0,0,0,0,0,0,0,0,0,0,0,0,0,0,0,0,0,0,0,0,0,0,0,0,0,0,0,0,0,0,0,0,0,0,0,0,0,0,0,0,0,0,0,0,,,,,,,,,,,,,,,,,,,,,,,,,,,,,,,,,,,,,,,,,,,,,,,,,,,,,,,,,,,,,,,,,,,,,,,,,,,,,,,,,,,,,,,,,,,,,,,,,,,,,,-999,-999,-999,1,1,278,,0.0,,,,,,0,,,,,,,,,,,,,,,,,,,,,,,,,,,,,,,,,,,,,,,,,,,,,,,,,,,,,,,,,,,,,,,,-999,-999,-999,1,1,278,,0.0,,,,,,,,,,,,,,,,,,,,,,,,,,,,,,,,,,,,,,,,,,,,,,,,,,,,,,,,,,,,,,,,,,,,,,,,,,,,,,,,,,,,,,,,,,,,,,,,,,,,,,,,,,,,-999,1,1,278,,0.0,,0,0,0,0,0,0,0,0,,,,,,,,,0,0,0,0,0,0,0,0,0,0,0,0,0,0,0,0,0,0,0,0,0,0,0,0,0,0,0,0,0,0,0,0,0,0,0,0,0,0,0,0,0,0,0,0,0,,,,-999,-999,-999,-999,-999,-999,1,1,278,,0.0,0,782541,,,-999,-999,,-999,-999,2,3,2,1,2,3,3,7,1,4,6,8,9,2,5,12,11,14,10,13,2,2,1,1,1
279,9l7xu0ch,,0,0,23,,,,0,,,0.0,,e5y22b4i,,,,,0,1.0,0.0,SS_WS2526,279,,0.0,,,,-999,,,1,1,279,,0.0,,,,,,,,,,,,,,,0,-999,-999,1,1,279,,0.0,x,x,x,x,x,x,x,x,x,x,x,x,x,x,x,x,x,x,x,x,x,x,x,x,x,x,x,x,x,x,x,x,x,x,x,x,x,x,x,x,x,x,x,x,x,x,x,x,x,x,0,0,0,0,0,0,0,0,0,0,0,0,0,0,0,0,0,0,0,0,0,0,0,0,0,0,0,0,0,0,0,0,0,0,0,0,0,0,0,0,0,0,0,0,0,0,0,0,0,0,0,0,0,0,0,0,0,0,0,0,0,0,0,0,0,0,0,0,0,0,0,0,0,0,0,0,0,0,0,0,0,0,0,0,0,0,0,0,0,0,0,0,0,0,0,0,0,0,0,0,0,0,0,0,0,0,0,0,0,0,0,0,0,0,0,0,0,0,0,0,0,0,0,0,0,0,0,0,0,0,0,0,0,0,0,0,0,0,0,0,0,0,0,0,0,0,0,0,0,0,0,0,0,0,0,0,0,0,0,0,0,0,0,0,0,0,0,0,0,0,0,0,0,0,0,0,0,0,0,0,0,0,0,0,0,0,0,0,0,0,0,0,0,0,0,0,0,0,0,0,0,0,0,0,0,0,0,0,0,0,0,0,0,0,0,0,0,0,0,0,0,0,0,0,0,0,0,0,0,0,0,0,0,0,0,0,0,0,0,0,0,0,0,0,0,0,0,0,0,0,,,,,,,,,,,,,,,,,,,,,,,,,,,,,,,,,,,,,,,,,,,,,,,,,,,,,,,,,,,,,,,,,,,,,,,,,,,,,,,,,,,,,,,,,,,,,,,,,,,,,,-999,-999,-999,1,1,279,,0.0,,,,,,0,,,,,,,,,,,,,,,,,,,,,,,,,,,,,,,,,,,,,,,,,,,,,,,,,,,,,,,,,,,,,,,,-999,-999,-999,1,1,279,,0.0,,,,,,,,,,,,,,,,,,,,,,,,,,,,,,,,,,,,,,,,,,,,,,,,,,,,,,,,,,,,,,,,,,,,,,,,,,,,,,,,,,,,,,,,,,,,,,,,,,,,,,,,,,,,-999,1,1,279,,0.0,,0,0,0,0,0,0,0,0,,,,,,,,,0,0,0,0,0,0,0,0,0,0,0,0,0,0,0,0,0,0,0,0,0,0,0,0,0,0,0,0,0,0,0,0,0,0,0,0,0,0,0,0,0,0,0,0,0,,,,-999,-999,-999,-999,-999,-999,1,1,279,,0.0,0,657400,,,-999,-999,,-999,-999,1,3,2,1,1,3,7,8,4,2,3,10,9,12,14,11,5,1,6,13,2,2,2,1,1
280,92q83e4n,,0,0,23,,,,0,,,0.0,,e5y22b4i,,,,,0,1.0,0.0,SS_WS2526,280,,0.0,,,,-999,,,1,1,280,,0.0,,,,,,,,,,,,,,,0,-999,-999,1,1,280,,0.0,x,x,x,x,x,x,x,x,x,x,x,x,x,x,x,x,x,x,x,x,x,x,x,x,x,x,x,x,x,x,x,x,x,x,x,x,x,x,x,x,x,x,x,x,x,x,x,x,x,x,0,0,0,0,0,0,0,0,0,0,0,0,0,0,0,0,0,0,0,0,0,0,0,0,0,0,0,0,0,0,0,0,0,0,0,0,0,0,0,0,0,0,0,0,0,0,0,0,0,0,0,0,0,0,0,0,0,0,0,0,0,0,0,0,0,0,0,0,0,0,0,0,0,0,0,0,0,0,0,0,0,0,0,0,0,0,0,0,0,0,0,0,0,0,0,0,0,0,0,0,0,0,0,0,0,0,0,0,0,0,0,0,0,0,0,0,0,0,0,0,0,0,0,0,0,0,0,0,0,0,0,0,0,0,0,0,0,0,0,0,0,0,0,0,0,0,0,0,0,0,0,0,0,0,0,0,0,0,0,0,0,0,0,0,0,0,0,0,0,0,0,0,0,0,0,0,0,0,0,0,0,0,0,0,0,0,0,0,0,0,0,0,0,0,0,0,0,0,0,0,0,0,0,0,0,0,0,0,0,0,0,0,0,0,0,0,0,0,0,0,0,0,0,0,0,0,0,0,0,0,0,0,0,0,0,0,0,0,0,0,0,0,0,0,0,0,0,0,0,0,,,,,,,,,,,,,,,,,,,,,,,,,,,,,,,,,,,,,,,,,,,,,,,,,,,,,,,,,,,,,,,,,,,,,,,,,,,,,,,,,,,,,,,,,,,,,,,,,,,,,,-999,-999,-999,1,1,280,,0.0,,,,,,0,,,,,,,,,,,,,,,,,,,,,,,,,,,,,,,,,,,,,,,,,,,,,,,,,,,,,,,,,,,,,,,,-999,-999,-999,1,1,280,,0.0,,,,,,,,,,,,,,,,,,,,,,,,,,,,,,,,,,,,,,,,,,,,,,,,,,,,,,,,,,,,,,,,,,,,,,,,,,,,,,,,,,,,,,,,,,,,,,,,,,,,,,,,,,,,-999,1,1,280,,0.0,,0,0,0,0,0,0,0,0,,,,,,,,,0,0,0,0,0,0,0,0,0,0,0,0,0,0,0,0,0,0,0,0,0,0,0,0,0,0,0,0,0,0,0,0,0,0,0,0,0,0,0,0,0,0,0,0,0,,,,-999,-999,-999,-999,-999,-999,1,1,280,,0.0,2,795265,,,-999,-999,,-999,-999,2,1,1,2,2,3,2,7,1,3,11,13,5,9,6,12,14,10,8,4,2,1,2,1,1
281,9jms56s8,,0,0,23,,,,0,,,0.0,,e5y22b4i,,,,,0,1.0,0.0,SS_WS2526,281,,0.0,,,,-999,,,1,1,281,,0.0,,,,,,,,,,,,,,,0,-999,-999,1,1,281,,0.0,x,x,x,x,x,x,x,x,x,x,x,x,x,x,x,x,x,x,x,x,x,x,x,x,x,x,x,x,x,x,x,x,x,x,x,x,x,x,x,x,x,x,x,x,x,x,x,x,x,x,0,0,0,0,0,0,0,0,0,0,0,0,0,0,0,0,0,0,0,0,0,0,0,0,0,0,0,0,0,0,0,0,0,0,0,0,0,0,0,0,0,0,0,0,0,0,0,0,0,0,0,0,0,0,0,0,0,0,0,0,0,0,0,0,0,0,0,0,0,0,0,0,0,0,0,0,0,0,0,0,0,0,0,0,0,0,0,0,0,0,0,0,0,0,0,0,0,0,0,0,0,0,0,0,0,0,0,0,0,0,0,0,0,0,0,0,0,0,0,0,0,0,0,0,0,0,0,0,0,0,0,0,0,0,0,0,0,0,0,0,0,0,0,0,0,0,0,0,0,0,0,0,0,0,0,0,0,0,0,0,0,0,0,0,0,0,0,0,0,0,0,0,0,0,0,0,0,0,0,0,0,0,0,0,0,0,0,0,0,0,0,0,0,0,0,0,0,0,0,0,0,0,0,0,0,0,0,0,0,0,0,0,0,0,0,0,0,0,0,0,0,0,0,0,0,0,0,0,0,0,0,0,0,0,0,0,0,0,0,0,0,0,0,0,0,0,0,0,0,0,,,,,,,,,,,,,,,,,,,,,,,,,,,,,,,,,,,,,,,,,,,,,,,,,,,,,,,,,,,,,,,,,,,,,,,,,,,,,,,,,,,,,,,,,,,,,,,,,,,,,,-999,-999,-999,1,1,281,,0.0,,,,,,0,,,,,,,,,,,,,,,,,,,,,,,,,,,,,,,,,,,,,,,,,,,,,,,,,,,,,,,,,,,,,,,,-999,-999,-999,1,1,281,,0.0,,,,,,,,,,,,,,,,,,,,,,,,,,,,,,,,,,,,,,,,,,,,,,,,,,,,,,,,,,,,,,,,,,,,,,,,,,,,,,,,,,,,,,,,,,,,,,,,,,,,,,,,,,,,-999,1,1,281,,0.0,,0,0,0,0,0,0,0,0,,,,,,,,,0,0,0,0,0,0,0,0,0,0,0,0,0,0,0,0,0,0,0,0,0,0,0,0,0,0,0,0,0,0,0,0,0,0,0,0,0,0,0,0,0,0,0,0,0,,,,-999,-999,-999,-999,-999,-999,1,1,281,,0.0,2,438520,,,-999,-999,,-999,-999,2,1,2,1,2,1,5,7,12,2,13,11,3,6,1,8,10,4,14,9,2,1,1,1,1
282,p6mj0hj7,,0,0,23,,,,0,,,0.0,,e5y22b4i,,,,,0,1.0,0.0,SS_WS2526,282,,0.0,,,,-999,,,1,1,282,,0.0,,,,,,,,,,,,,,,0,-999,-999,1,1,282,,0.0,x,x,x,x,x,x,x,x,x,x,x,x,x,x,x,x,x,x,x,x,x,x,x,x,x,x,x,x,x,x,x,x,x,x,x,x,x,x,x,x,x,x,x,x,x,x,x,x,x,x,0,0,0,0,0,0,0,0,0,0,0,0,0,0,0,0,0,0,0,0,0,0,0,0,0,0,0,0,0,0,0,0,0,0,0,0,0,0,0,0,0,0,0,0,0,0,0,0,0,0,0,0,0,0,0,0,0,0,0,0,0,0,0,0,0,0,0,0,0,0,0,0,0,0,0,0,0,0,0,0,0,0,0,0,0,0,0,0,0,0,0,0,0,0,0,0,0,0,0,0,0,0,0,0,0,0,0,0,0,0,0,0,0,0,0,0,0,0,0,0,0,0,0,0,0,0,0,0,0,0,0,0,0,0,0,0,0,0,0,0,0,0,0,0,0,0,0,0,0,0,0,0,0,0,0,0,0,0,0,0,0,0,0,0,0,0,0,0,0,0,0,0,0,0,0,0,0,0,0,0,0,0,0,0,0,0,0,0,0,0,0,0,0,0,0,0,0,0,0,0,0,0,0,0,0,0,0,0,0,0,0,0,0,0,0,0,0,0,0,0,0,0,0,0,0,0,0,0,0,0,0,0,0,0,0,0,0,0,0,0,0,0,0,0,0,0,0,0,0,0,,,,,,,,,,,,,,,,,,,,,,,,,,,,,,,,,,,,,,,,,,,,,,,,,,,,,,,,,,,,,,,,,,,,,,,,,,,,,,,,,,,,,,,,,,,,,,,,,,,,,,-999,-999,-999,1,1,282,,0.0,,,,,,0,,,,,,,,,,,,,,,,,,,,,,,,,,,,,,,,,,,,,,,,,,,,,,,,,,,,,,,,,,,,,,,,-999,-999,-999,1,1,282,,0.0,,,,,,,,,,,,,,,,,,,,,,,,,,,,,,,,,,,,,,,,,,,,,,,,,,,,,,,,,,,,,,,,,,,,,,,,,,,,,,,,,,,,,,,,,,,,,,,,,,,,,,,,,,,,-999,1,1,282,,0.0,,0,0,0,0,0,0,0,0,,,,,,,,,0,0,0,0,0,0,0,0,0,0,0,0,0,0,0,0,0,0,0,0,0,0,0,0,0,0,0,0,0,0,0,0,0,0,0,0,0,0,0,0,0,0,0,0,0,,,,-999,-999,-999,-999,-999,-999,1,1,282,,0.0,0,327770,,,-999,-999,,-999,-999,3,2,2,1,1,3,6,14,8,7,4,12,3,11,5,10,2,13,1,9,2,1,1,1,1
283,8sm13gtd,,0,0,23,,,,0,,,0.0,,e5y22b4i,,,,,0,1.0,0.0,SS_WS2526,283,,0.0,,,,-999,,,1,1,283,,0.0,,,,,,,,,,,,,,,0,-999,-999,1,1,283,,0.0,x,x,x,x,x,x,x,x,x,x,x,x,x,x,x,x,x,x,x,x,x,x,x,x,x,x,x,x,x,x,x,x,x,x,x,x,x,x,x,x,x,x,x,x,x,x,x,x,x,x,0,0,0,0,0,0,0,0,0,0,0,0,0,0,0,0,0,0,0,0,0,0,0,0,0,0,0,0,0,0,0,0,0,0,0,0,0,0,0,0,0,0,0,0,0,0,0,0,0,0,0,0,0,0,0,0,0,0,0,0,0,0,0,0,0,0,0,0,0,0,0,0,0,0,0,0,0,0,0,0,0,0,0,0,0,0,0,0,0,0,0,0,0,0,0,0,0,0,0,0,0,0,0,0,0,0,0,0,0,0,0,0,0,0,0,0,0,0,0,0,0,0,0,0,0,0,0,0,0,0,0,0,0,0,0,0,0,0,0,0,0,0,0,0,0,0,0,0,0,0,0,0,0,0,0,0,0,0,0,0,0,0,0,0,0,0,0,0,0,0,0,0,0,0,0,0,0,0,0,0,0,0,0,0,0,0,0,0,0,0,0,0,0,0,0,0,0,0,0,0,0,0,0,0,0,0,0,0,0,0,0,0,0,0,0,0,0,0,0,0,0,0,0,0,0,0,0,0,0,0,0,0,0,0,0,0,0,0,0,0,0,0,0,0,0,0,0,0,0,0,,,,,,,,,,,,,,,,,,,,,,,,,,,,,,,,,,,,,,,,,,,,,,,,,,,,,,,,,,,,,,,,,,,,,,,,,,,,,,,,,,,,,,,,,,,,,,,,,,,,,,-999,-999,-999,1,1,283,,0.0,,,,,,0,,,,,,,,,,,,,,,,,,,,,,,,,,,,,,,,,,,,,,,,,,,,,,,,,,,,,,,,,,,,,,,,-999,-999,-999,1,1,283,,0.0,,,,,,,,,,,,,,,,,,,,,,,,,,,,,,,,,,,,,,,,,,,,,,,,,,,,,,,,,,,,,,,,,,,,,,,,,,,,,,,,,,,,,,,,,,,,,,,,,,,,,,,,,,,,-999,1,1,283,,0.0,,0,0,0,0,0,0,0,0,,,,,,,,,0,0,0,0,0,0,0,0,0,0,0,0,0,0,0,0,0,0,0,0,0,0,0,0,0,0,0,0,0,0,0,0,0,0,0,0,0,0,0,0,0,0,0,0,0,,,,-999,-999,-999,-999,-999,-999,1,1,283,,0.0,1,502128,,,-999,-999,,-999,,1,2,3,1,1,3,9,11,8,10,7,1,5,3,14,6,13,4,12,2,1,1,2,1,1
284,z3x4cgny,,0,0,23,,,,0,,,0.0,,e5y22b4i,,,,,0,1.0,0.0,SS_WS2526,284,,0.0,,,,-999,,,1,1,284,,0.0,,,,,,,,,,,,,,,0,-999,-999,1,1,284,,0.0,x,x,x,x,x,x,x,x,x,x,x,x,x,x,x,x,x,x,x,x,x,x,x,x,x,x,x,x,x,x,x,x,x,x,x,x,x,x,x,x,x,x,x,x,x,x,x,x,x,x,0,0,0,0,0,0,0,0,0,0,0,0,0,0,0,0,0,0,0,0,0,0,0,0,0,0,0,0,0,0,0,0,0,0,0,0,0,0,0,0,0,0,0,0,0,0,0,0,0,0,0,0,0,0,0,0,0,0,0,0,0,0,0,0,0,0,0,0,0,0,0,0,0,0,0,0,0,0,0,0,0,0,0,0,0,0,0,0,0,0,0,0,0,0,0,0,0,0,0,0,0,0,0,0,0,0,0,0,0,0,0,0,0,0,0,0,0,0,0,0,0,0,0,0,0,0,0,0,0,0,0,0,0,0,0,0,0,0,0,0,0,0,0,0,0,0,0,0,0,0,0,0,0,0,0,0,0,0,0,0,0,0,0,0,0,0,0,0,0,0,0,0,0,0,0,0,0,0,0,0,0,0,0,0,0,0,0,0,0,0,0,0,0,0,0,0,0,0,0,0,0,0,0,0,0,0,0,0,0,0,0,0,0,0,0,0,0,0,0,0,0,0,0,0,0,0,0,0,0,0,0,0,0,0,0,0,0,0,0,0,0,0,0,0,0,0,0,0,0,0,,,,,,,,,,,,,,,,,,,,,,,,,,,,,,,,,,,,,,,,,,,,,,,,,,,,,,,,,,,,,,,,,,,,,,,,,,,,,,,,,,,,,,,,,,,,,,,,,,,,,,-999,-999,-999,1,1,284,,0.0,,,,,,0,,,,,,,,,,,,,,,,,,,,,,,,,,,,,,,,,,,,,,,,,,,,,,,,,,,,,,,,,,,,,,,,-999,-999,-999,1,1,284,,0.0,,,,,,,,,,,,,,,,,,,,,,,,,,,,,,,,,,,,,,,,,,,,,,,,,,,,,,,,,,,,,,,,,,,,,,,,,,,,,,,,,,,,,,,,,,,,,,,,,,,,,,,,,,,,-999,1,1,284,,0.0,,0,0,0,0,0,0,0,0,,,,,,,,,0,0,0,0,0,0,0,0,0,0,0,0,0,0,0,0,0,0,0,0,0,0,0,0,0,0,0,0,0,0,0,0,0,0,0,0,0,0,0,0,0,0,0,0,0,,,,-999,-999,-999,-999,-999,-999,1,1,284,,0.0,0,369674,,,-999,-999,,-999,-999,2,3,2,1,1,3,4,10,9,1,5,13,8,3,12,14,7,11,2,6,2,1,2,1,1
285,5z7f7wt4,,0,0,23,,,,0,,,0.0,,e5y22b4i,,,,,0,1.0,0.0,SS_WS2526,285,,0.0,,,,-999,,,1,1,285,,0.0,,,,,,,,,,,,,,,0,-999,-999,1,1,285,,0.0,x,x,x,x,x,x,x,x,x,x,x,x,x,x,x,x,x,x,x,x,x,x,x,x,x,x,x,x,x,x,x,x,x,x,x,x,x,x,x,x,x,x,x,x,x,x,x,x,x,x,0,0,0,0,0,0,0,0,0,0,0,0,0,0,0,0,0,0,0,0,0,0,0,0,0,0,0,0,0,0,0,0,0,0,0,0,0,0,0,0,0,0,0,0,0,0,0,0,0,0,0,0,0,0,0,0,0,0,0,0,0,0,0,0,0,0,0,0,0,0,0,0,0,0,0,0,0,0,0,0,0,0,0,0,0,0,0,0,0,0,0,0,0,0,0,0,0,0,0,0,0,0,0,0,0,0,0,0,0,0,0,0,0,0,0,0,0,0,0,0,0,0,0,0,0,0,0,0,0,0,0,0,0,0,0,0,0,0,0,0,0,0,0,0,0,0,0,0,0,0,0,0,0,0,0,0,0,0,0,0,0,0,0,0,0,0,0,0,0,0,0,0,0,0,0,0,0,0,0,0,0,0,0,0,0,0,0,0,0,0,0,0,0,0,0,0,0,0,0,0,0,0,0,0,0,0,0,0,0,0,0,0,0,0,0,0,0,0,0,0,0,0,0,0,0,0,0,0,0,0,0,0,0,0,0,0,0,0,0,0,0,0,0,0,0,0,0,0,0,0,,,,,,,,,,,,,,,,,,,,,,,,,,,,,,,,,,,,,,,,,,,,,,,,,,,,,,,,,,,,,,,,,,,,,,,,,,,,,,,,,,,,,,,,,,,,,,,,,,,,,,-999,-999,-999,1,1,285,,0.0,,,,,,0,,,,,,,,,,,,,,,,,,,,,,,,,,,,,,,,,,,,,,,,,,,,,,,,,,,,,,,,,,,,,,,,-999,-999,-999,1,1,285,,0.0,,,,,,,,,,,,,,,,,,,,,,,,,,,,,,,,,,,,,,,,,,,,,,,,,,,,,,,,,,,,,,,,,,,,,,,,,,,,,,,,,,,,,,,,,,,,,,,,,,,,,,,,,,,,-999,1,1,285,,0.0,,0,0,0,0,0,0,0,0,,,,,,,,,0,0,0,0,0,0,0,0,0,0,0,0,0,0,0,0,0,0,0,0,0,0,0,0,0,0,0,0,0,0,0,0,0,0,0,0,0,0,0,0,0,0,0,0,0,,,,-999,-999,-999,-999,-999,-999,1,1,285,,0.0,2,546569,,,-999,-999,,-999,-999,1,2,1,2,2,3,6,3,12,9,5,1,11,2,8,14,4,10,7,13,2,2,1,1,1
286,ks1fppca,,0,0,23,,,,0,,,0.0,,e5y22b4i,,,,,0,1.0,0.0,SS_WS2526,286,,0.0,,,,-999,,,1,1,286,,0.0,,,,,,,,,,,,,,,0,-999,-999,1,1,286,,0.0,x,x,x,x,x,x,x,x,x,x,x,x,x,x,x,x,x,x,x,x,x,x,x,x,x,x,x,x,x,x,x,x,x,x,x,x,x,x,x,x,x,x,x,x,x,x,x,x,x,x,0,0,0,0,0,0,0,0,0,0,0,0,0,0,0,0,0,0,0,0,0,0,0,0,0,0,0,0,0,0,0,0,0,0,0,0,0,0,0,0,0,0,0,0,0,0,0,0,0,0,0,0,0,0,0,0,0,0,0,0,0,0,0,0,0,0,0,0,0,0,0,0,0,0,0,0,0,0,0,0,0,0,0,0,0,0,0,0,0,0,0,0,0,0,0,0,0,0,0,0,0,0,0,0,0,0,0,0,0,0,0,0,0,0,0,0,0,0,0,0,0,0,0,0,0,0,0,0,0,0,0,0,0,0,0,0,0,0,0,0,0,0,0,0,0,0,0,0,0,0,0,0,0,0,0,0,0,0,0,0,0,0,0,0,0,0,0,0,0,0,0,0,0,0,0,0,0,0,0,0,0,0,0,0,0,0,0,0,0,0,0,0,0,0,0,0,0,0,0,0,0,0,0,0,0,0,0,0,0,0,0,0,0,0,0,0,0,0,0,0,0,0,0,0,0,0,0,0,0,0,0,0,0,0,0,0,0,0,0,0,0,0,0,0,0,0,0,0,0,0,,,,,,,,,,,,,,,,,,,,,,,,,,,,,,,,,,,,,,,,,,,,,,,,,,,,,,,,,,,,,,,,,,,,,,,,,,,,,,,,,,,,,,,,,,,,,,,,,,,,,,-999,-999,-999,1,1,286,,0.0,,,,,,0,,,,,,,,,,,,,,,,,,,,,,,,,,,,,,,,,,,,,,,,,,,,,,,,,,,,,,,,,,,,,,,,-999,-999,-999,1,1,286,,0.0,,,,,,,,,,,,,,,,,,,,,,,,,,,,,,,,,,,,,,,,,,,,,,,,,,,,,,,,,,,,,,,,,,,,,,,,,,,,,,,,,,,,,,,,,,,,,,,,,,,,,,,,,,,,-999,1,1,286,,0.0,,0,0,0,0,0,0,0,0,,,,,,,,,0,0,0,0,0,0,0,0,0,0,0,0,0,0,0,0,0,0,0,0,0,0,0,0,0,0,0,0,0,0,0,0,0,0,0,0,0,0,0,0,0,0,0,0,0,,,,-999,-999,-999,-999,-999,-999,1,1,286,,0.0,0,960841,,,-999,-999,,-999,-999,2,3,3,2,2,1,11,9,6,14,12,8,3,7,1,2,13,5,10,4,1,2,1,1,1
287,lv0gge4j,,0,0,23,,,,0,,,0.0,,e5y22b4i,,,,,0,1.0,0.0,SS_WS2526,287,,0.0,,,,-999,,,1,1,287,,0.0,,,,,,,,,,,,,,,0,-999,-999,1,1,287,,0.0,x,x,x,x,x,x,x,x,x,x,x,x,x,x,x,x,x,x,x,x,x,x,x,x,x,x,x,x,x,x,x,x,x,x,x,x,x,x,x,x,x,x,x,x,x,x,x,x,x,x,0,0,0,0,0,0,0,0,0,0,0,0,0,0,0,0,0,0,0,0,0,0,0,0,0,0,0,0,0,0,0,0,0,0,0,0,0,0,0,0,0,0,0,0,0,0,0,0,0,0,0,0,0,0,0,0,0,0,0,0,0,0,0,0,0,0,0,0,0,0,0,0,0,0,0,0,0,0,0,0,0,0,0,0,0,0,0,0,0,0,0,0,0,0,0,0,0,0,0,0,0,0,0,0,0,0,0,0,0,0,0,0,0,0,0,0,0,0,0,0,0,0,0,0,0,0,0,0,0,0,0,0,0,0,0,0,0,0,0,0,0,0,0,0,0,0,0,0,0,0,0,0,0,0,0,0,0,0,0,0,0,0,0,0,0,0,0,0,0,0,0,0,0,0,0,0,0,0,0,0,0,0,0,0,0,0,0,0,0,0,0,0,0,0,0,0,0,0,0,0,0,0,0,0,0,0,0,0,0,0,0,0,0,0,0,0,0,0,0,0,0,0,0,0,0,0,0,0,0,0,0,0,0,0,0,0,0,0,0,0,0,0,0,0,0,0,0,0,0,0,,,,,,,,,,,,,,,,,,,,,,,,,,,,,,,,,,,,,,,,,,,,,,,,,,,,,,,,,,,,,,,,,,,,,,,,,,,,,,,,,,,,,,,,,,,,,,,,,,,,,,-999,-999,-999,1,1,287,,0.0,,,,,,0,,,,,,,,,,,,,,,,,,,,,,,,,,,,,,,,,,,,,,,,,,,,,,,,,,,,,,,,,,,,,,,,-999,-999,-999,1,1,287,,0.0,,,,,,,,,,,,,,,,,,,,,,,,,,,,,,,,,,,,,,,,,,,,,,,,,,,,,,,,,,,,,,,,,,,,,,,,,,,,,,,,,,,,,,,,,,,,,,,,,,,,,,,,,,,,-999,1,1,287,,0.0,,0,0,0,0,0,0,0,0,,,,,,,,,0,0,0,0,0,0,0,0,0,0,0,0,0,0,0,0,0,0,0,0,0,0,0,0,0,0,0,0,0,0,0,0,0,0,0,0,0,0,0,0,0,0,0,0,0,,,,-999,-999,-999,-999,-999,-999,1,1,287,,0.0,1,712952,,,-999,-999,,-999,,3,1,1,2,1,2,14,7,13,11,3,12,2,8,9,1,4,10,6,5,2,1,1,1,1
288,sn10lq6l,,0,0,23,,,,0,,,0.0,,e5y22b4i,,,,,0,1.0,0.0,SS_WS2526,288,,0.0,,,,-999,,,1,1,288,,0.0,,,,,,,,,,,,,,,0,-999,-999,1,1,288,,0.0,x,x,x,x,x,x,x,x,x,x,x,x,x,x,x,x,x,x,x,x,x,x,x,x,x,x,x,x,x,x,x,x,x,x,x,x,x,x,x,x,x,x,x,x,x,x,x,x,x,x,0,0,0,0,0,0,0,0,0,0,0,0,0,0,0,0,0,0,0,0,0,0,0,0,0,0,0,0,0,0,0,0,0,0,0,0,0,0,0,0,0,0,0,0,0,0,0,0,0,0,0,0,0,0,0,0,0,0,0,0,0,0,0,0,0,0,0,0,0,0,0,0,0,0,0,0,0,0,0,0,0,0,0,0,0,0,0,0,0,0,0,0,0,0,0,0,0,0,0,0,0,0,0,0,0,0,0,0,0,0,0,0,0,0,0,0,0,0,0,0,0,0,0,0,0,0,0,0,0,0,0,0,0,0,0,0,0,0,0,0,0,0,0,0,0,0,0,0,0,0,0,0,0,0,0,0,0,0,0,0,0,0,0,0,0,0,0,0,0,0,0,0,0,0,0,0,0,0,0,0,0,0,0,0,0,0,0,0,0,0,0,0,0,0,0,0,0,0,0,0,0,0,0,0,0,0,0,0,0,0,0,0,0,0,0,0,0,0,0,0,0,0,0,0,0,0,0,0,0,0,0,0,0,0,0,0,0,0,0,0,0,0,0,0,0,0,0,0,0,0,,,,,,,,,,,,,,,,,,,,,,,,,,,,,,,,,,,,,,,,,,,,,,,,,,,,,,,,,,,,,,,,,,,,,,,,,,,,,,,,,,,,,,,,,,,,,,,,,,,,,,-999,-999,-999,1,1,288,,0.0,,,,,,0,,,,,,,,,,,,,,,,,,,,,,,,,,,,,,,,,,,,,,,,,,,,,,,,,,,,,,,,,,,,,,,,-999,-999,-999,1,1,288,,0.0,,,,,,,,,,,,,,,,,,,,,,,,,,,,,,,,,,,,,,,,,,,,,,,,,,,,,,,,,,,,,,,,,,,,,,,,,,,,,,,,,,,,,,,,,,,,,,,,,,,,,,,,,,,,-999,1,1,288,,0.0,,0,0,0,0,0,0,0,0,,,,,,,,,0,0,0,0,0,0,0,0,0,0,0,0,0,0,0,0,0,0,0,0,0,0,0,0,0,0,0,0,0,0,0,0,0,0,0,0,0,0,0,0,0,0,0,0,0,,,,-999,-999,-999,-999,-999,-999,1,1,288,,0.0,0,815641,,,-999,-999,,-999,-999,3,1,3,2,3,1,10,2,7,13,4,12,6,5,11,8,1,9,3,14,2,2,2,1,1
289,ag3jsebm,,0,0,23,,,,0,,,0.0,,e5y22b4i,,,,,0,1.0,0.0,SS_WS2526,289,,0.0,,,,-999,,,1,1,289,,0.0,,,,,,,,,,,,,,,0,-999,-999,1,1,289,,0.0,x,x,x,x,x,x,x,x,x,x,x,x,x,x,x,x,x,x,x,x,x,x,x,x,x,x,x,x,x,x,x,x,x,x,x,x,x,x,x,x,x,x,x,x,x,x,x,x,x,x,0,0,0,0,0,0,0,0,0,0,0,0,0,0,0,0,0,0,0,0,0,0,0,0,0,0,0,0,0,0,0,0,0,0,0,0,0,0,0,0,0,0,0,0,0,0,0,0,0,0,0,0,0,0,0,0,0,0,0,0,0,0,0,0,0,0,0,0,0,0,0,0,0,0,0,0,0,0,0,0,0,0,0,0,0,0,0,0,0,0,0,0,0,0,0,0,0,0,0,0,0,0,0,0,0,0,0,0,0,0,0,0,0,0,0,0,0,0,0,0,0,0,0,0,0,0,0,0,0,0,0,0,0,0,0,0,0,0,0,0,0,0,0,0,0,0,0,0,0,0,0,0,0,0,0,0,0,0,0,0,0,0,0,0,0,0,0,0,0,0,0,0,0,0,0,0,0,0,0,0,0,0,0,0,0,0,0,0,0,0,0,0,0,0,0,0,0,0,0,0,0,0,0,0,0,0,0,0,0,0,0,0,0,0,0,0,0,0,0,0,0,0,0,0,0,0,0,0,0,0,0,0,0,0,0,0,0,0,0,0,0,0,0,0,0,0,0,0,0,0,,,,,,,,,,,,,,,,,,,,,,,,,,,,,,,,,,,,,,,,,,,,,,,,,,,,,,,,,,,,,,,,,,,,,,,,,,,,,,,,,,,,,,,,,,,,,,,,,,,,,,-999,-999,-999,1,1,289,,0.0,,,,,,0,,,,,,,,,,,,,,,,,,,,,,,,,,,,,,,,,,,,,,,,,,,,,,,,,,,,,,,,,,,,,,,,-999,-999,-999,1,1,289,,0.0,,,,,,,,,,,,,,,,,,,,,,,,,,,,,,,,,,,,,,,,,,,,,,,,,,,,,,,,,,,,,,,,,,,,,,,,,,,,,,,,,,,,,,,,,,,,,,,,,,,,,,,,,,,,-999,1,1,289,,0.0,,0,0,0,0,0,0,0,0,,,,,,,,,0,0,0,0,0,0,0,0,0,0,0,0,0,0,0,0,0,0,0,0,0,0,0,0,0,0,0,0,0,0,0,0,0,0,0,0,0,0,0,0,0,0,0,0,0,,,,-999,-999,-999,-999,-999,-999,1,1,289,,0.0,1,604123,,,-999,-999,,-999,,1,3,1,3,2,3,3,2,8,7,6,14,4,10,11,1,9,13,12,5,1,2,1,1,1
290,vpwrm6wf,,0,0,23,,,,0,,,0.0,,e5y22b4i,,,,,0,1.0,0.0,SS_WS2526,290,,0.0,,,,-999,,,1,1,290,,0.0,,,,,,,,,,,,,,,0,-999,-999,1,1,290,,0.0,x,x,x,x,x,x,x,x,x,x,x,x,x,x,x,x,x,x,x,x,x,x,x,x,x,x,x,x,x,x,x,x,x,x,x,x,x,x,x,x,x,x,x,x,x,x,x,x,x,x,0,0,0,0,0,0,0,0,0,0,0,0,0,0,0,0,0,0,0,0,0,0,0,0,0,0,0,0,0,0,0,0,0,0,0,0,0,0,0,0,0,0,0,0,0,0,0,0,0,0,0,0,0,0,0,0,0,0,0,0,0,0,0,0,0,0,0,0,0,0,0,0,0,0,0,0,0,0,0,0,0,0,0,0,0,0,0,0,0,0,0,0,0,0,0,0,0,0,0,0,0,0,0,0,0,0,0,0,0,0,0,0,0,0,0,0,0,0,0,0,0,0,0,0,0,0,0,0,0,0,0,0,0,0,0,0,0,0,0,0,0,0,0,0,0,0,0,0,0,0,0,0,0,0,0,0,0,0,0,0,0,0,0,0,0,0,0,0,0,0,0,0,0,0,0,0,0,0,0,0,0,0,0,0,0,0,0,0,0,0,0,0,0,0,0,0,0,0,0,0,0,0,0,0,0,0,0,0,0,0,0,0,0,0,0,0,0,0,0,0,0,0,0,0,0,0,0,0,0,0,0,0,0,0,0,0,0,0,0,0,0,0,0,0,0,0,0,0,0,0,,,,,,,,,,,,,,,,,,,,,,,,,,,,,,,,,,,,,,,,,,,,,,,,,,,,,,,,,,,,,,,,,,,,,,,,,,,,,,,,,,,,,,,,,,,,,,,,,,,,,,-999,-999,-999,1,1,290,,0.0,,,,,,0,,,,,,,,,,,,,,,,,,,,,,,,,,,,,,,,,,,,,,,,,,,,,,,,,,,,,,,,,,,,,,,,-999,-999,-999,1,1,290,,0.0,,,,,,,,,,,,,,,,,,,,,,,,,,,,,,,,,,,,,,,,,,,,,,,,,,,,,,,,,,,,,,,,,,,,,,,,,,,,,,,,,,,,,,,,,,,,,,,,,,,,,,,,,,,,-999,1,1,290,,0.0,,0,0,0,0,0,0,0,0,,,,,,,,,0,0,0,0,0,0,0,0,0,0,0,0,0,0,0,0,0,0,0,0,0,0,0,0,0,0,0,0,0,0,0,0,0,0,0,0,0,0,0,0,0,0,0,0,0,,,,-999,-999,-999,-999,-999,-999,1,1,290,,0.0,1,780927,,,-999,-999,,-999,,3,1,2,3,2,1,10,8,13,9,12,11,7,4,6,1,5,3,14,2,2,1,2,1,1
291,oobohflt,,0,0,23,,,,0,,,0.0,,e5y22b4i,,,,,0,1.0,0.0,SS_WS2526,291,,0.0,,,,-999,,,1,1,291,,0.0,,,,,,,,,,,,,,,0,-999,-999,1,1,291,,0.0,x,x,x,x,x,x,x,x,x,x,x,x,x,x,x,x,x,x,x,x,x,x,x,x,x,x,x,x,x,x,x,x,x,x,x,x,x,x,x,x,x,x,x,x,x,x,x,x,x,x,0,0,0,0,0,0,0,0,0,0,0,0,0,0,0,0,0,0,0,0,0,0,0,0,0,0,0,0,0,0,0,0,0,0,0,0,0,0,0,0,0,0,0,0,0,0,0,0,0,0,0,0,0,0,0,0,0,0,0,0,0,0,0,0,0,0,0,0,0,0,0,0,0,0,0,0,0,0,0,0,0,0,0,0,0,0,0,0,0,0,0,0,0,0,0,0,0,0,0,0,0,0,0,0,0,0,0,0,0,0,0,0,0,0,0,0,0,0,0,0,0,0,0,0,0,0,0,0,0,0,0,0,0,0,0,0,0,0,0,0,0,0,0,0,0,0,0,0,0,0,0,0,0,0,0,0,0,0,0,0,0,0,0,0,0,0,0,0,0,0,0,0,0,0,0,0,0,0,0,0,0,0,0,0,0,0,0,0,0,0,0,0,0,0,0,0,0,0,0,0,0,0,0,0,0,0,0,0,0,0,0,0,0,0,0,0,0,0,0,0,0,0,0,0,0,0,0,0,0,0,0,0,0,0,0,0,0,0,0,0,0,0,0,0,0,0,0,0,0,0,,,,,,,,,,,,,,,,,,,,,,,,,,,,,,,,,,,,,,,,,,,,,,,,,,,,,,,,,,,,,,,,,,,,,,,,,,,,,,,,,,,,,,,,,,,,,,,,,,,,,,-999,-999,-999,1,1,291,,0.0,,,,,,0,,,,,,,,,,,,,,,,,,,,,,,,,,,,,,,,,,,,,,,,,,,,,,,,,,,,,,,,,,,,,,,,-999,-999,-999,1,1,291,,0.0,,,,,,,,,,,,,,,,,,,,,,,,,,,,,,,,,,,,,,,,,,,,,,,,,,,,,,,,,,,,,,,,,,,,,,,,,,,,,,,,,,,,,,,,,,,,,,,,,,,,,,,,,,,,-999,1,1,291,,0.0,,0,0,0,0,0,0,0,0,,,,,,,,,0,0,0,0,0,0,0,0,0,0,0,0,0,0,0,0,0,0,0,0,0,0,0,0,0,0,0,0,0,0,0,0,0,0,0,0,0,0,0,0,0,0,0,0,0,,,,-999,-999,-999,-999,-999,-999,1,1,291,,0.0,1,363844,,,-999,-999,,-999,,1,3,2,3,3,2,9,6,14,1,11,12,5,10,4,8,7,13,2,3,2,2,2,1,1
292,4d0pifxv,,0,0,23,,,,0,,,0.0,,e5y22b4i,,,,,0,1.0,0.0,SS_WS2526,292,,0.0,,,,-999,,,1,1,292,,0.0,,,,,,,,,,,,,,,0,-999,-999,1,1,292,,0.0,x,x,x,x,x,x,x,x,x,x,x,x,x,x,x,x,x,x,x,x,x,x,x,x,x,x,x,x,x,x,x,x,x,x,x,x,x,x,x,x,x,x,x,x,x,x,x,x,x,x,0,0,0,0,0,0,0,0,0,0,0,0,0,0,0,0,0,0,0,0,0,0,0,0,0,0,0,0,0,0,0,0,0,0,0,0,0,0,0,0,0,0,0,0,0,0,0,0,0,0,0,0,0,0,0,0,0,0,0,0,0,0,0,0,0,0,0,0,0,0,0,0,0,0,0,0,0,0,0,0,0,0,0,0,0,0,0,0,0,0,0,0,0,0,0,0,0,0,0,0,0,0,0,0,0,0,0,0,0,0,0,0,0,0,0,0,0,0,0,0,0,0,0,0,0,0,0,0,0,0,0,0,0,0,0,0,0,0,0,0,0,0,0,0,0,0,0,0,0,0,0,0,0,0,0,0,0,0,0,0,0,0,0,0,0,0,0,0,0,0,0,0,0,0,0,0,0,0,0,0,0,0,0,0,0,0,0,0,0,0,0,0,0,0,0,0,0,0,0,0,0,0,0,0,0,0,0,0,0,0,0,0,0,0,0,0,0,0,0,0,0,0,0,0,0,0,0,0,0,0,0,0,0,0,0,0,0,0,0,0,0,0,0,0,0,0,0,0,0,0,,,,,,,,,,,,,,,,,,,,,,,,,,,,,,,,,,,,,,,,,,,,,,,,,,,,,,,,,,,,,,,,,,,,,,,,,,,,,,,,,,,,,,,,,,,,,,,,,,,,,,-999,-999,-999,1,1,292,,0.0,,,,,,0,,,,,,,,,,,,,,,,,,,,,,,,,,,,,,,,,,,,,,,,,,,,,,,,,,,,,,,,,,,,,,,,-999,-999,-999,1,1,292,,0.0,,,,,,,,,,,,,,,,,,,,,,,,,,,,,,,,,,,,,,,,,,,,,,,,,,,,,,,,,,,,,,,,,,,,,,,,,,,,,,,,,,,,,,,,,,,,,,,,,,,,,,,,,,,,-999,1,1,292,,0.0,,0,0,0,0,0,0,0,0,,,,,,,,,0,0,0,0,0,0,0,0,0,0,0,0,0,0,0,0,0,0,0,0,0,0,0,0,0,0,0,0,0,0,0,0,0,0,0,0,0,0,0,0,0,0,0,0,0,,,,-999,-999,-999,-999,-999,-999,1,1,292,,0.0,1,313701,,,-999,-999,,-999,,3,2,1,3,2,3,10,1,6,9,12,13,5,7,11,14,3,8,4,2,2,1,1,1,1
293,vvsf2489,,0,0,23,,,,0,,,0.0,,e5y22b4i,,,,,0,1.0,0.0,SS_WS2526,293,,0.0,,,,-999,,,1,1,293,,0.0,,,,,,,,,,,,,,,0,-999,-999,1,1,293,,0.0,x,x,x,x,x,x,x,x,x,x,x,x,x,x,x,x,x,x,x,x,x,x,x,x,x,x,x,x,x,x,x,x,x,x,x,x,x,x,x,x,x,x,x,x,x,x,x,x,x,x,0,0,0,0,0,0,0,0,0,0,0,0,0,0,0,0,0,0,0,0,0,0,0,0,0,0,0,0,0,0,0,0,0,0,0,0,0,0,0,0,0,0,0,0,0,0,0,0,0,0,0,0,0,0,0,0,0,0,0,0,0,0,0,0,0,0,0,0,0,0,0,0,0,0,0,0,0,0,0,0,0,0,0,0,0,0,0,0,0,0,0,0,0,0,0,0,0,0,0,0,0,0,0,0,0,0,0,0,0,0,0,0,0,0,0,0,0,0,0,0,0,0,0,0,0,0,0,0,0,0,0,0,0,0,0,0,0,0,0,0,0,0,0,0,0,0,0,0,0,0,0,0,0,0,0,0,0,0,0,0,0,0,0,0,0,0,0,0,0,0,0,0,0,0,0,0,0,0,0,0,0,0,0,0,0,0,0,0,0,0,0,0,0,0,0,0,0,0,0,0,0,0,0,0,0,0,0,0,0,0,0,0,0,0,0,0,0,0,0,0,0,0,0,0,0,0,0,0,0,0,0,0,0,0,0,0,0,0,0,0,0,0,0,0,0,0,0,0,0,0,,,,,,,,,,,,,,,,,,,,,,,,,,,,,,,,,,,,,,,,,,,,,,,,,,,,,,,,,,,,,,,,,,,,,,,,,,,,,,,,,,,,,,,,,,,,,,,,,,,,,,-999,-999,-999,1,1,293,,0.0,,,,,,0,,,,,,,,,,,,,,,,,,,,,,,,,,,,,,,,,,,,,,,,,,,,,,,,,,,,,,,,,,,,,,,,-999,-999,-999,1,1,293,,0.0,,,,,,,,,,,,,,,,,,,,,,,,,,,,,,,,,,,,,,,,,,,,,,,,,,,,,,,,,,,,,,,,,,,,,,,,,,,,,,,,,,,,,,,,,,,,,,,,,,,,,,,,,,,,-999,1,1,293,,0.0,,0,0,0,0,0,0,0,0,,,,,,,,,0,0,0,0,0,0,0,0,0,0,0,0,0,0,0,0,0,0,0,0,0,0,0,0,0,0,0,0,0,0,0,0,0,0,0,0,0,0,0,0,0,0,0,0,0,,,,-999,-999,-999,-999,-999,-999,1,1,293,,0.0,0,115438,,,-999,-999,,-999,-999,1,2,1,3,1,3,1,5,6,2,11,4,3,10,8,14,12,7,9,13,2,1,1,1,1
294,xtwk6ept,,0,0,23,,,,0,,,0.0,,e5y22b4i,,,,,0,1.0,0.0,SS_WS2526,294,,0.0,,,,-999,,,1,1,294,,0.0,,,,,,,,,,,,,,,0,-999,-999,1,1,294,,0.0,x,x,x,x,x,x,x,x,x,x,x,x,x,x,x,x,x,x,x,x,x,x,x,x,x,x,x,x,x,x,x,x,x,x,x,x,x,x,x,x,x,x,x,x,x,x,x,x,x,x,0,0,0,0,0,0,0,0,0,0,0,0,0,0,0,0,0,0,0,0,0,0,0,0,0,0,0,0,0,0,0,0,0,0,0,0,0,0,0,0,0,0,0,0,0,0,0,0,0,0,0,0,0,0,0,0,0,0,0,0,0,0,0,0,0,0,0,0,0,0,0,0,0,0,0,0,0,0,0,0,0,0,0,0,0,0,0,0,0,0,0,0,0,0,0,0,0,0,0,0,0,0,0,0,0,0,0,0,0,0,0,0,0,0,0,0,0,0,0,0,0,0,0,0,0,0,0,0,0,0,0,0,0,0,0,0,0,0,0,0,0,0,0,0,0,0,0,0,0,0,0,0,0,0,0,0,0,0,0,0,0,0,0,0,0,0,0,0,0,0,0,0,0,0,0,0,0,0,0,0,0,0,0,0,0,0,0,0,0,0,0,0,0,0,0,0,0,0,0,0,0,0,0,0,0,0,0,0,0,0,0,0,0,0,0,0,0,0,0,0,0,0,0,0,0,0,0,0,0,0,0,0,0,0,0,0,0,0,0,0,0,0,0,0,0,0,0,0,0,0,,,,,,,,,,,,,,,,,,,,,,,,,,,,,,,,,,,,,,,,,,,,,,,,,,,,,,,,,,,,,,,,,,,,,,,,,,,,,,,,,,,,,,,,,,,,,,,,,,,,,,-999,-999,-999,1,1,294,,0.0,,,,,,0,,,,,,,,,,,,,,,,,,,,,,,,,,,,,,,,,,,,,,,,,,,,,,,,,,,,,,,,,,,,,,,,-999,-999,-999,1,1,294,,0.0,,,,,,,,,,,,,,,,,,,,,,,,,,,,,,,,,,,,,,,,,,,,,,,,,,,,,,,,,,,,,,,,,,,,,,,,,,,,,,,,,,,,,,,,,,,,,,,,,,,,,,,,,,,,-999,1,1,294,,0.0,,0,0,0,0,0,0,0,0,,,,,,,,,0,0,0,0,0,0,0,0,0,0,0,0,0,0,0,0,0,0,0,0,0,0,0,0,0,0,0,0,0,0,0,0,0,0,0,0,0,0,0,0,0,0,0,0,0,,,,-999,-999,-999,-999,-999,-999,1,1,294,,0.0,1,176840,,,-999,-999,,-999,,2,1,3,1,1,3,11,13,9,10,14,6,7,4,12,5,1,8,3,2,2,2,2,1,1
295,pgkmj261,,0,0,23,,,,0,,,0.0,,e5y22b4i,,,,,0,1.0,0.0,SS_WS2526,295,,0.0,,,,-999,,,1,1,295,,0.0,,,,,,,,,,,,,,,0,-999,-999,1,1,295,,0.0,x,x,x,x,x,x,x,x,x,x,x,x,x,x,x,x,x,x,x,x,x,x,x,x,x,x,x,x,x,x,x,x,x,x,x,x,x,x,x,x,x,x,x,x,x,x,x,x,x,x,0,0,0,0,0,0,0,0,0,0,0,0,0,0,0,0,0,0,0,0,0,0,0,0,0,0,0,0,0,0,0,0,0,0,0,0,0,0,0,0,0,0,0,0,0,0,0,0,0,0,0,0,0,0,0,0,0,0,0,0,0,0,0,0,0,0,0,0,0,0,0,0,0,0,0,0,0,0,0,0,0,0,0,0,0,0,0,0,0,0,0,0,0,0,0,0,0,0,0,0,0,0,0,0,0,0,0,0,0,0,0,0,0,0,0,0,0,0,0,0,0,0,0,0,0,0,0,0,0,0,0,0,0,0,0,0,0,0,0,0,0,0,0,0,0,0,0,0,0,0,0,0,0,0,0,0,0,0,0,0,0,0,0,0,0,0,0,0,0,0,0,0,0,0,0,0,0,0,0,0,0,0,0,0,0,0,0,0,0,0,0,0,0,0,0,0,0,0,0,0,0,0,0,0,0,0,0,0,0,0,0,0,0,0,0,0,0,0,0,0,0,0,0,0,0,0,0,0,0,0,0,0,0,0,0,0,0,0,0,0,0,0,0,0,0,0,0,0,0,0,,,,,,,,,,,,,,,,,,,,,,,,,,,,,,,,,,,,,,,,,,,,,,,,,,,,,,,,,,,,,,,,,,,,,,,,,,,,,,,,,,,,,,,,,,,,,,,,,,,,,,-999,-999,-999,1,1,295,,0.0,,,,,,0,,,,,,,,,,,,,,,,,,,,,,,,,,,,,,,,,,,,,,,,,,,,,,,,,,,,,,,,,,,,,,,,-999,-999,-999,1,1,295,,0.0,,,,,,,,,,,,,,,,,,,,,,,,,,,,,,,,,,,,,,,,,,,,,,,,,,,,,,,,,,,,,,,,,,,,,,,,,,,,,,,,,,,,,,,,,,,,,,,,,,,,,,,,,,,,-999,1,1,295,,0.0,,0,0,0,0,0,0,0,0,,,,,,,,,0,0,0,0,0,0,0,0,0,0,0,0,0,0,0,0,0,0,0,0,0,0,0,0,0,0,0,0,0,0,0,0,0,0,0,0,0,0,0,0,0,0,0,0,0,,,,-999,-999,-999,-999,-999,-999,1,1,295,,0.0,0,428028,,,-999,-999,,-999,-999,3,2,2,3,2,3,2,9,14,5,6,11,8,10,4,12,1,7,13,3,1,2,2,1,1
296,28ob6tk5,,0,0,23,,,,0,,,0.0,,e5y22b4i,,,,,0,1.0,0.0,SS_WS2526,296,,0.0,,,,-999,,,1,1,296,,0.0,,,,,,,,,,,,,,,0,-999,-999,1,1,296,,0.0,x,x,x,x,x,x,x,x,x,x,x,x,x,x,x,x,x,x,x,x,x,x,x,x,x,x,x,x,x,x,x,x,x,x,x,x,x,x,x,x,x,x,x,x,x,x,x,x,x,x,0,0,0,0,0,0,0,0,0,0,0,0,0,0,0,0,0,0,0,0,0,0,0,0,0,0,0,0,0,0,0,0,0,0,0,0,0,0,0,0,0,0,0,0,0,0,0,0,0,0,0,0,0,0,0,0,0,0,0,0,0,0,0,0,0,0,0,0,0,0,0,0,0,0,0,0,0,0,0,0,0,0,0,0,0,0,0,0,0,0,0,0,0,0,0,0,0,0,0,0,0,0,0,0,0,0,0,0,0,0,0,0,0,0,0,0,0,0,0,0,0,0,0,0,0,0,0,0,0,0,0,0,0,0,0,0,0,0,0,0,0,0,0,0,0,0,0,0,0,0,0,0,0,0,0,0,0,0,0,0,0,0,0,0,0,0,0,0,0,0,0,0,0,0,0,0,0,0,0,0,0,0,0,0,0,0,0,0,0,0,0,0,0,0,0,0,0,0,0,0,0,0,0,0,0,0,0,0,0,0,0,0,0,0,0,0,0,0,0,0,0,0,0,0,0,0,0,0,0,0,0,0,0,0,0,0,0,0,0,0,0,0,0,0,0,0,0,0,0,0,,,,,,,,,,,,,,,,,,,,,,,,,,,,,,,,,,,,,,,,,,,,,,,,,,,,,,,,,,,,,,,,,,,,,,,,,,,,,,,,,,,,,,,,,,,,,,,,,,,,,,-999,-999,-999,1,1,296,,0.0,,,,,,0,,,,,,,,,,,,,,,,,,,,,,,,,,,,,,,,,,,,,,,,,,,,,,,,,,,,,,,,,,,,,,,,-999,-999,-999,1,1,296,,0.0,,,,,,,,,,,,,,,,,,,,,,,,,,,,,,,,,,,,,,,,,,,,,,,,,,,,,,,,,,,,,,,,,,,,,,,,,,,,,,,,,,,,,,,,,,,,,,,,,,,,,,,,,,,,-999,1,1,296,,0.0,,0,0,0,0,0,0,0,0,,,,,,,,,0,0,0,0,0,0,0,0,0,0,0,0,0,0,0,0,0,0,0,0,0,0,0,0,0,0,0,0,0,0,0,0,0,0,0,0,0,0,0,0,0,0,0,0,0,,,,-999,-999,-999,-999,-999,-999,1,1,296,,0.0,1,144749,,,-999,-999,,-999,,2,1,2,1,1,3,12,3,6,11,7,13,4,5,14,1,2,9,10,8,2,2,1,1,1
297,svepkgsv,,0,0,23,,,,0,,,0.0,,e5y22b4i,,,,,0,1.0,0.0,SS_WS2526,297,,0.0,,,,-999,,,1,1,297,,0.0,,,,,,,,,,,,,,,0,-999,-999,1,1,297,,0.0,x,x,x,x,x,x,x,x,x,x,x,x,x,x,x,x,x,x,x,x,x,x,x,x,x,x,x,x,x,x,x,x,x,x,x,x,x,x,x,x,x,x,x,x,x,x,x,x,x,x,0,0,0,0,0,0,0,0,0,0,0,0,0,0,0,0,0,0,0,0,0,0,0,0,0,0,0,0,0,0,0,0,0,0,0,0,0,0,0,0,0,0,0,0,0,0,0,0,0,0,0,0,0,0,0,0,0,0,0,0,0,0,0,0,0,0,0,0,0,0,0,0,0,0,0,0,0,0,0,0,0,0,0,0,0,0,0,0,0,0,0,0,0,0,0,0,0,0,0,0,0,0,0,0,0,0,0,0,0,0,0,0,0,0,0,0,0,0,0,0,0,0,0,0,0,0,0,0,0,0,0,0,0,0,0,0,0,0,0,0,0,0,0,0,0,0,0,0,0,0,0,0,0,0,0,0,0,0,0,0,0,0,0,0,0,0,0,0,0,0,0,0,0,0,0,0,0,0,0,0,0,0,0,0,0,0,0,0,0,0,0,0,0,0,0,0,0,0,0,0,0,0,0,0,0,0,0,0,0,0,0,0,0,0,0,0,0,0,0,0,0,0,0,0,0,0,0,0,0,0,0,0,0,0,0,0,0,0,0,0,0,0,0,0,0,0,0,0,0,0,,,,,,,,,,,,,,,,,,,,,,,,,,,,,,,,,,,,,,,,,,,,,,,,,,,,,,,,,,,,,,,,,,,,,,,,,,,,,,,,,,,,,,,,,,,,,,,,,,,,,,-999,-999,-999,1,1,297,,0.0,,,,,,0,,,,,,,,,,,,,,,,,,,,,,,,,,,,,,,,,,,,,,,,,,,,,,,,,,,,,,,,,,,,,,,,-999,-999,-999,1,1,297,,0.0,,,,,,,,,,,,,,,,,,,,,,,,,,,,,,,,,,,,,,,,,,,,,,,,,,,,,,,,,,,,,,,,,,,,,,,,,,,,,,,,,,,,,,,,,,,,,,,,,,,,,,,,,,,,-999,1,1,297,,0.0,,0,0,0,0,0,0,0,0,,,,,,,,,0,0,0,0,0,0,0,0,0,0,0,0,0,0,0,0,0,0,0,0,0,0,0,0,0,0,0,0,0,0,0,0,0,0,0,0,0,0,0,0,0,0,0,0,0,,,,-999,-999,-999,-999,-999,-999,1,1,297,,0.0,0,571423,,,-999,-999,,-999,-999,2,1,1,2,1,2,2,5,10,4,7,1,6,13,9,11,12,14,8,3,2,2,1,1,1
298,5q0fdoge,,0,0,23,,,,0,,,0.0,,e5y22b4i,,,,,0,1.0,0.0,SS_WS2526,298,,0.0,,,,-999,,,1,1,298,,0.0,,,,,,,,,,,,,,,0,-999,-999,1,1,298,,0.0,x,x,x,x,x,x,x,x,x,x,x,x,x,x,x,x,x,x,x,x,x,x,x,x,x,x,x,x,x,x,x,x,x,x,x,x,x,x,x,x,x,x,x,x,x,x,x,x,x,x,0,0,0,0,0,0,0,0,0,0,0,0,0,0,0,0,0,0,0,0,0,0,0,0,0,0,0,0,0,0,0,0,0,0,0,0,0,0,0,0,0,0,0,0,0,0,0,0,0,0,0,0,0,0,0,0,0,0,0,0,0,0,0,0,0,0,0,0,0,0,0,0,0,0,0,0,0,0,0,0,0,0,0,0,0,0,0,0,0,0,0,0,0,0,0,0,0,0,0,0,0,0,0,0,0,0,0,0,0,0,0,0,0,0,0,0,0,0,0,0,0,0,0,0,0,0,0,0,0,0,0,0,0,0,0,0,0,0,0,0,0,0,0,0,0,0,0,0,0,0,0,0,0,0,0,0,0,0,0,0,0,0,0,0,0,0,0,0,0,0,0,0,0,0,0,0,0,0,0,0,0,0,0,0,0,0,0,0,0,0,0,0,0,0,0,0,0,0,0,0,0,0,0,0,0,0,0,0,0,0,0,0,0,0,0,0,0,0,0,0,0,0,0,0,0,0,0,0,0,0,0,0,0,0,0,0,0,0,0,0,0,0,0,0,0,0,0,0,0,0,,,,,,,,,,,,,,,,,,,,,,,,,,,,,,,,,,,,,,,,,,,,,,,,,,,,,,,,,,,,,,,,,,,,,,,,,,,,,,,,,,,,,,,,,,,,,,,,,,,,,,-999,-999,-999,1,1,298,,0.0,,,,,,0,,,,,,,,,,,,,,,,,,,,,,,,,,,,,,,,,,,,,,,,,,,,,,,,,,,,,,,,,,,,,,,,-999,-999,-999,1,1,298,,0.0,,,,,,,,,,,,,,,,,,,,,,,,,,,,,,,,,,,,,,,,,,,,,,,,,,,,,,,,,,,,,,,,,,,,,,,,,,,,,,,,,,,,,,,,,,,,,,,,,,,,,,,,,,,,-999,1,1,298,,0.0,,0,0,0,0,0,0,0,0,,,,,,,,,0,0,0,0,0,0,0,0,0,0,0,0,0,0,0,0,0,0,0,0,0,0,0,0,0,0,0,0,0,0,0,0,0,0,0,0,0,0,0,0,0,0,0,0,0,,,,-999,-999,-999,-999,-999,-999,1,1,298,,0.0,1,624843,,,-999,-999,,-999,,2,3,3,2,2,3,7,6,2,11,14,12,8,1,9,4,3,10,5,13,2,2,1,1,1
299,r8hgtlj0,,0,0,23,,,,0,,,0.0,,e5y22b4i,,,,,0,1.0,0.0,SS_WS2526,299,,0.0,,,,-999,,,1,1,299,,0.0,,,,,,,,,,,,,,,0,-999,-999,1,1,299,,0.0,x,x,x,x,x,x,x,x,x,x,x,x,x,x,x,x,x,x,x,x,x,x,x,x,x,x,x,x,x,x,x,x,x,x,x,x,x,x,x,x,x,x,x,x,x,x,x,x,x,x,0,0,0,0,0,0,0,0,0,0,0,0,0,0,0,0,0,0,0,0,0,0,0,0,0,0,0,0,0,0,0,0,0,0,0,0,0,0,0,0,0,0,0,0,0,0,0,0,0,0,0,0,0,0,0,0,0,0,0,0,0,0,0,0,0,0,0,0,0,0,0,0,0,0,0,0,0,0,0,0,0,0,0,0,0,0,0,0,0,0,0,0,0,0,0,0,0,0,0,0,0,0,0,0,0,0,0,0,0,0,0,0,0,0,0,0,0,0,0,0,0,0,0,0,0,0,0,0,0,0,0,0,0,0,0,0,0,0,0,0,0,0,0,0,0,0,0,0,0,0,0,0,0,0,0,0,0,0,0,0,0,0,0,0,0,0,0,0,0,0,0,0,0,0,0,0,0,0,0,0,0,0,0,0,0,0,0,0,0,0,0,0,0,0,0,0,0,0,0,0,0,0,0,0,0,0,0,0,0,0,0,0,0,0,0,0,0,0,0,0,0,0,0,0,0,0,0,0,0,0,0,0,0,0,0,0,0,0,0,0,0,0,0,0,0,0,0,0,0,0,,,,,,,,,,,,,,,,,,,,,,,,,,,,,,,,,,,,,,,,,,,,,,,,,,,,,,,,,,,,,,,,,,,,,,,,,,,,,,,,,,,,,,,,,,,,,,,,,,,,,,-999,-999,-999,1,1,299,,0.0,,,,,,0,,,,,,,,,,,,,,,,,,,,,,,,,,,,,,,,,,,,,,,,,,,,,,,,,,,,,,,,,,,,,,,,-999,-999,-999,1,1,299,,0.0,,,,,,,,,,,,,,,,,,,,,,,,,,,,,,,,,,,,,,,,,,,,,,,,,,,,,,,,,,,,,,,,,,,,,,,,,,,,,,,,,,,,,,,,,,,,,,,,,,,,,,,,,,,,-999,1,1,299,,0.0,,0,0,0,0,0,0,0,0,,,,,,,,,0,0,0,0,0,0,0,0,0,0,0,0,0,0,0,0,0,0,0,0,0,0,0,0,0,0,0,0,0,0,0,0,0,0,0,0,0,0,0,0,0,0,0,0,0,,,,-999,-999,-999,-999,-999,-999,1,1,299,,0.0,0,619915,,,-999,-999,,-999,-999,3,1,1,2,2,1,7,11,12,4,8,3,9,5,14,1,13,10,2,6,1,2,2,1,1
300,5lsyt4rq,,0,0,23,,,,0,,,0.0,,e5y22b4i,,,,,0,1.0,0.0,SS_WS2526,300,,0.0,,,,-999,,,1,1,300,,0.0,,,,,,,,,,,,,,,0,-999,-999,1,1,300,,0.0,x,x,x,x,x,x,x,x,x,x,x,x,x,x,x,x,x,x,x,x,x,x,x,x,x,x,x,x,x,x,x,x,x,x,x,x,x,x,x,x,x,x,x,x,x,x,x,x,x,x,0,0,0,0,0,0,0,0,0,0,0,0,0,0,0,0,0,0,0,0,0,0,0,0,0,0,0,0,0,0,0,0,0,0,0,0,0,0,0,0,0,0,0,0,0,0,0,0,0,0,0,0,0,0,0,0,0,0,0,0,0,0,0,0,0,0,0,0,0,0,0,0,0,0,0,0,0,0,0,0,0,0,0,0,0,0,0,0,0,0,0,0,0,0,0,0,0,0,0,0,0,0,0,0,0,0,0,0,0,0,0,0,0,0,0,0,0,0,0,0,0,0,0,0,0,0,0,0,0,0,0,0,0,0,0,0,0,0,0,0,0,0,0,0,0,0,0,0,0,0,0,0,0,0,0,0,0,0,0,0,0,0,0,0,0,0,0,0,0,0,0,0,0,0,0,0,0,0,0,0,0,0,0,0,0,0,0,0,0,0,0,0,0,0,0,0,0,0,0,0,0,0,0,0,0,0,0,0,0,0,0,0,0,0,0,0,0,0,0,0,0,0,0,0,0,0,0,0,0,0,0,0,0,0,0,0,0,0,0,0,0,0,0,0,0,0,0,0,0,0,,,,,,,,,,,,,,,,,,,,,,,,,,,,,,,,,,,,,,,,,,,,,,,,,,,,,,,,,,,,,,,,,,,,,,,,,,,,,,,,,,,,,,,,,,,,,,,,,,,,,,-999,-999,-999,1,1,300,,0.0,,,,,,0,,,,,,,,,,,,,,,,,,,,,,,,,,,,,,,,,,,,,,,,,,,,,,,,,,,,,,,,,,,,,,,,-999,-999,-999,1,1,300,,0.0,,,,,,,,,,,,,,,,,,,,,,,,,,,,,,,,,,,,,,,,,,,,,,,,,,,,,,,,,,,,,,,,,,,,,,,,,,,,,,,,,,,,,,,,,,,,,,,,,,,,,,,,,,,,-999,1,1,300,,0.0,,0,0,0,0,0,0,0,0,,,,,,,,,0,0,0,0,0,0,0,0,0,0,0,0,0,0,0,0,0,0,0,0,0,0,0,0,0,0,0,0,0,0,0,0,0,0,0,0,0,0,0,0,0,0,0,0,0,,,,-999,-999,-999,-999,-999,-999,1,1,300,,0.0,2,579246,,,-999,-999,,-999,-999,1,3,1,3,1,3,6,13,1,12,3,10,4,5,11,2,9,8,14,7,1,2,2,1,1
301,etn24h3a,,0,0,23,,,,0,,,0.0,,e5y22b4i,,,,,0,1.0,0.0,SS_WS2526,301,,0.0,,,,-999,,,1,1,301,,0.0,,,,,,,,,,,,,,,0,-999,-999,1,1,301,,0.0,x,x,x,x,x,x,x,x,x,x,x,x,x,x,x,x,x,x,x,x,x,x,x,x,x,x,x,x,x,x,x,x,x,x,x,x,x,x,x,x,x,x,x,x,x,x,x,x,x,x,0,0,0,0,0,0,0,0,0,0,0,0,0,0,0,0,0,0,0,0,0,0,0,0,0,0,0,0,0,0,0,0,0,0,0,0,0,0,0,0,0,0,0,0,0,0,0,0,0,0,0,0,0,0,0,0,0,0,0,0,0,0,0,0,0,0,0,0,0,0,0,0,0,0,0,0,0,0,0,0,0,0,0,0,0,0,0,0,0,0,0,0,0,0,0,0,0,0,0,0,0,0,0,0,0,0,0,0,0,0,0,0,0,0,0,0,0,0,0,0,0,0,0,0,0,0,0,0,0,0,0,0,0,0,0,0,0,0,0,0,0,0,0,0,0,0,0,0,0,0,0,0,0,0,0,0,0,0,0,0,0,0,0,0,0,0,0,0,0,0,0,0,0,0,0,0,0,0,0,0,0,0,0,0,0,0,0,0,0,0,0,0,0,0,0,0,0,0,0,0,0,0,0,0,0,0,0,0,0,0,0,0,0,0,0,0,0,0,0,0,0,0,0,0,0,0,0,0,0,0,0,0,0,0,0,0,0,0,0,0,0,0,0,0,0,0,0,0,0,0,,,,,,,,,,,,,,,,,,,,,,,,,,,,,,,,,,,,,,,,,,,,,,,,,,,,,,,,,,,,,,,,,,,,,,,,,,,,,,,,,,,,,,,,,,,,,,,,,,,,,,-999,-999,-999,1,1,301,,0.0,,,,,,0,,,,,,,,,,,,,,,,,,,,,,,,,,,,,,,,,,,,,,,,,,,,,,,,,,,,,,,,,,,,,,,,-999,-999,-999,1,1,301,,0.0,,,,,,,,,,,,,,,,,,,,,,,,,,,,,,,,,,,,,,,,,,,,,,,,,,,,,,,,,,,,,,,,,,,,,,,,,,,,,,,,,,,,,,,,,,,,,,,,,,,,,,,,,,,,-999,1,1,301,,0.0,,0,0,0,0,0,0,0,0,,,,,,,,,0,0,0,0,0,0,0,0,0,0,0,0,0,0,0,0,0,0,0,0,0,0,0,0,0,0,0,0,0,0,0,0,0,0,0,0,0,0,0,0,0,0,0,0,0,,,,-999,-999,-999,-999,-999,-999,1,1,301,,0.0,0,918270,,,-999,-999,,-999,-999,1,3,1,3,2,3,12,14,5,1,2,4,13,9,3,8,10,6,11,7,2,2,2,1,1
302,xnh5fyr5,,0,0,23,,,,0,,,0.0,,e5y22b4i,,,,,0,1.0,0.0,SS_WS2526,302,,0.0,,,,-999,,,1,1,302,,0.0,,,,,,,,,,,,,,,0,-999,-999,1,1,302,,0.0,x,x,x,x,x,x,x,x,x,x,x,x,x,x,x,x,x,x,x,x,x,x,x,x,x,x,x,x,x,x,x,x,x,x,x,x,x,x,x,x,x,x,x,x,x,x,x,x,x,x,0,0,0,0,0,0,0,0,0,0,0,0,0,0,0,0,0,0,0,0,0,0,0,0,0,0,0,0,0,0,0,0,0,0,0,0,0,0,0,0,0,0,0,0,0,0,0,0,0,0,0,0,0,0,0,0,0,0,0,0,0,0,0,0,0,0,0,0,0,0,0,0,0,0,0,0,0,0,0,0,0,0,0,0,0,0,0,0,0,0,0,0,0,0,0,0,0,0,0,0,0,0,0,0,0,0,0,0,0,0,0,0,0,0,0,0,0,0,0,0,0,0,0,0,0,0,0,0,0,0,0,0,0,0,0,0,0,0,0,0,0,0,0,0,0,0,0,0,0,0,0,0,0,0,0,0,0,0,0,0,0,0,0,0,0,0,0,0,0,0,0,0,0,0,0,0,0,0,0,0,0,0,0,0,0,0,0,0,0,0,0,0,0,0,0,0,0,0,0,0,0,0,0,0,0,0,0,0,0,0,0,0,0,0,0,0,0,0,0,0,0,0,0,0,0,0,0,0,0,0,0,0,0,0,0,0,0,0,0,0,0,0,0,0,0,0,0,0,0,0,,,,,,,,,,,,,,,,,,,,,,,,,,,,,,,,,,,,,,,,,,,,,,,,,,,,,,,,,,,,,,,,,,,,,,,,,,,,,,,,,,,,,,,,,,,,,,,,,,,,,,-999,-999,-999,1,1,302,,0.0,,,,,,0,,,,,,,,,,,,,,,,,,,,,,,,,,,,,,,,,,,,,,,,,,,,,,,,,,,,,,,,,,,,,,,,-999,-999,-999,1,1,302,,0.0,,,,,,,,,,,,,,,,,,,,,,,,,,,,,,,,,,,,,,,,,,,,,,,,,,,,,,,,,,,,,,,,,,,,,,,,,,,,,,,,,,,,,,,,,,,,,,,,,,,,,,,,,,,,-999,1,1,302,,0.0,,0,0,0,0,0,0,0,0,,,,,,,,,0,0,0,0,0,0,0,0,0,0,0,0,0,0,0,0,0,0,0,0,0,0,0,0,0,0,0,0,0,0,0,0,0,0,0,0,0,0,0,0,0,0,0,0,0,,,,-999,-999,-999,-999,-999,-999,1,1,302,,0.0,2,892606,,,-999,-999,,-999,-999,2,3,3,2,1,2,11,8,3,14,9,1,10,12,2,6,5,13,7,4,2,1,1,1,1
303,1ph99z8t,,0,0,23,,,,0,,,0.0,,e5y22b4i,,,,,0,1.0,0.0,SS_WS2526,303,,0.0,,,,-999,,,1,1,303,,0.0,,,,,,,,,,,,,,,0,-999,-999,1,1,303,,0.0,x,x,x,x,x,x,x,x,x,x,x,x,x,x,x,x,x,x,x,x,x,x,x,x,x,x,x,x,x,x,x,x,x,x,x,x,x,x,x,x,x,x,x,x,x,x,x,x,x,x,0,0,0,0,0,0,0,0,0,0,0,0,0,0,0,0,0,0,0,0,0,0,0,0,0,0,0,0,0,0,0,0,0,0,0,0,0,0,0,0,0,0,0,0,0,0,0,0,0,0,0,0,0,0,0,0,0,0,0,0,0,0,0,0,0,0,0,0,0,0,0,0,0,0,0,0,0,0,0,0,0,0,0,0,0,0,0,0,0,0,0,0,0,0,0,0,0,0,0,0,0,0,0,0,0,0,0,0,0,0,0,0,0,0,0,0,0,0,0,0,0,0,0,0,0,0,0,0,0,0,0,0,0,0,0,0,0,0,0,0,0,0,0,0,0,0,0,0,0,0,0,0,0,0,0,0,0,0,0,0,0,0,0,0,0,0,0,0,0,0,0,0,0,0,0,0,0,0,0,0,0,0,0,0,0,0,0,0,0,0,0,0,0,0,0,0,0,0,0,0,0,0,0,0,0,0,0,0,0,0,0,0,0,0,0,0,0,0,0,0,0,0,0,0,0,0,0,0,0,0,0,0,0,0,0,0,0,0,0,0,0,0,0,0,0,0,0,0,0,0,,,,,,,,,,,,,,,,,,,,,,,,,,,,,,,,,,,,,,,,,,,,,,,,,,,,,,,,,,,,,,,,,,,,,,,,,,,,,,,,,,,,,,,,,,,,,,,,,,,,,,-999,-999,-999,1,1,303,,0.0,,,,,,0,,,,,,,,,,,,,,,,,,,,,,,,,,,,,,,,,,,,,,,,,,,,,,,,,,,,,,,,,,,,,,,,-999,-999,-999,1,1,303,,0.0,,,,,,,,,,,,,,,,,,,,,,,,,,,,,,,,,,,,,,,,,,,,,,,,,,,,,,,,,,,,,,,,,,,,,,,,,,,,,,,,,,,,,,,,,,,,,,,,,,,,,,,,,,,,-999,1,1,303,,0.0,,0,0,0,0,0,0,0,0,,,,,,,,,0,0,0,0,0,0,0,0,0,0,0,0,0,0,0,0,0,0,0,0,0,0,0,0,0,0,0,0,0,0,0,0,0,0,0,0,0,0,0,0,0,0,0,0,0,,,,-999,-999,-999,-999,-999,-999,1,1,303,,0.0,0,607063,,,-999,-999,,-999,-999,1,2,3,1,1,2,14,8,1,4,2,10,7,9,13,3,11,5,12,6,1,2,1,1,1
304,zjti092f,,0,0,23,,,,0,,,0.0,,e5y22b4i,,,,,0,1.0,0.0,SS_WS2526,304,,0.0,,,,-999,,,1,1,304,,0.0,,,,,,,,,,,,,,,0,-999,-999,1,1,304,,0.0,x,x,x,x,x,x,x,x,x,x,x,x,x,x,x,x,x,x,x,x,x,x,x,x,x,x,x,x,x,x,x,x,x,x,x,x,x,x,x,x,x,x,x,x,x,x,x,x,x,x,0,0,0,0,0,0,0,0,0,0,0,0,0,0,0,0,0,0,0,0,0,0,0,0,0,0,0,0,0,0,0,0,0,0,0,0,0,0,0,0,0,0,0,0,0,0,0,0,0,0,0,0,0,0,0,0,0,0,0,0,0,0,0,0,0,0,0,0,0,0,0,0,0,0,0,0,0,0,0,0,0,0,0,0,0,0,0,0,0,0,0,0,0,0,0,0,0,0,0,0,0,0,0,0,0,0,0,0,0,0,0,0,0,0,0,0,0,0,0,0,0,0,0,0,0,0,0,0,0,0,0,0,0,0,0,0,0,0,0,0,0,0,0,0,0,0,0,0,0,0,0,0,0,0,0,0,0,0,0,0,0,0,0,0,0,0,0,0,0,0,0,0,0,0,0,0,0,0,0,0,0,0,0,0,0,0,0,0,0,0,0,0,0,0,0,0,0,0,0,0,0,0,0,0,0,0,0,0,0,0,0,0,0,0,0,0,0,0,0,0,0,0,0,0,0,0,0,0,0,0,0,0,0,0,0,0,0,0,0,0,0,0,0,0,0,0,0,0,0,0,,,,,,,,,,,,,,,,,,,,,,,,,,,,,,,,,,,,,,,,,,,,,,,,,,,,,,,,,,,,,,,,,,,,,,,,,,,,,,,,,,,,,,,,,,,,,,,,,,,,,,-999,-999,-999,1,1,304,,0.0,,,,,,0,,,,,,,,,,,,,,,,,,,,,,,,,,,,,,,,,,,,,,,,,,,,,,,,,,,,,,,,,,,,,,,,-999,-999,-999,1,1,304,,0.0,,,,,,,,,,,,,,,,,,,,,,,,,,,,,,,,,,,,,,,,,,,,,,,,,,,,,,,,,,,,,,,,,,,,,,,,,,,,,,,,,,,,,,,,,,,,,,,,,,,,,,,,,,,,-999,1,1,304,,0.0,,0,0,0,0,0,0,0,0,,,,,,,,,0,0,0,0,0,0,0,0,0,0,0,0,0,0,0,0,0,0,0,0,0,0,0,0,0,0,0,0,0,0,0,0,0,0,0,0,0,0,0,0,0,0,0,0,0,,,,-999,-999,-999,-999,-999,-999,1,1,304,,0.0,1,526520,,,-999,-999,,-999,,3,1,3,2,3,1,4,8,12,1,9,5,2,3,11,14,10,13,7,6,1,2,2,1,1
305,9rh8812m,,0,0,23,,,,0,,,0.0,,e5y22b4i,,,,,0,1.0,0.0,SS_WS2526,305,,0.0,,,,-999,,,1,1,305,,0.0,,,,,,,,,,,,,,,0,-999,-999,1,1,305,,0.0,x,x,x,x,x,x,x,x,x,x,x,x,x,x,x,x,x,x,x,x,x,x,x,x,x,x,x,x,x,x,x,x,x,x,x,x,x,x,x,x,x,x,x,x,x,x,x,x,x,x,0,0,0,0,0,0,0,0,0,0,0,0,0,0,0,0,0,0,0,0,0,0,0,0,0,0,0,0,0,0,0,0,0,0,0,0,0,0,0,0,0,0,0,0,0,0,0,0,0,0,0,0,0,0,0,0,0,0,0,0,0,0,0,0,0,0,0,0,0,0,0,0,0,0,0,0,0,0,0,0,0,0,0,0,0,0,0,0,0,0,0,0,0,0,0,0,0,0,0,0,0,0,0,0,0,0,0,0,0,0,0,0,0,0,0,0,0,0,0,0,0,0,0,0,0,0,0,0,0,0,0,0,0,0,0,0,0,0,0,0,0,0,0,0,0,0,0,0,0,0,0,0,0,0,0,0,0,0,0,0,0,0,0,0,0,0,0,0,0,0,0,0,0,0,0,0,0,0,0,0,0,0,0,0,0,0,0,0,0,0,0,0,0,0,0,0,0,0,0,0,0,0,0,0,0,0,0,0,0,0,0,0,0,0,0,0,0,0,0,0,0,0,0,0,0,0,0,0,0,0,0,0,0,0,0,0,0,0,0,0,0,0,0,0,0,0,0,0,0,0,,,,,,,,,,,,,,,,,,,,,,,,,,,,,,,,,,,,,,,,,,,,,,,,,,,,,,,,,,,,,,,,,,,,,,,,,,,,,,,,,,,,,,,,,,,,,,,,,,,,,,-999,-999,-999,1,1,305,,0.0,,,,,,0,,,,,,,,,,,,,,,,,,,,,,,,,,,,,,,,,,,,,,,,,,,,,,,,,,,,,,,,,,,,,,,,-999,-999,-999,1,1,305,,0.0,,,,,,,,,,,,,,,,,,,,,,,,,,,,,,,,,,,,,,,,,,,,,,,,,,,,,,,,,,,,,,,,,,,,,,,,,,,,,,,,,,,,,,,,,,,,,,,,,,,,,,,,,,,,-999,1,1,305,,0.0,,0,0,0,0,0,0,0,0,,,,,,,,,0,0,0,0,0,0,0,0,0,0,0,0,0,0,0,0,0,0,0,0,0,0,0,0,0,0,0,0,0,0,0,0,0,0,0,0,0,0,0,0,0,0,0,0,0,,,,-999,-999,-999,-999,-999,-999,1,1,305,,0.0,0,210115,,,-999,-999,,-999,-999,2,1,1,2,1,3,7,1,5,3,4,10,11,12,2,13,9,14,6,8,1,2,1,1,1
306,8v55h1qa,,0,0,23,,,,0,,,0.0,,e5y22b4i,,,,,0,1.0,0.0,SS_WS2526,306,,0.0,,,,-999,,,1,1,306,,0.0,,,,,,,,,,,,,,,0,-999,-999,1,1,306,,0.0,x,x,x,x,x,x,x,x,x,x,x,x,x,x,x,x,x,x,x,x,x,x,x,x,x,x,x,x,x,x,x,x,x,x,x,x,x,x,x,x,x,x,x,x,x,x,x,x,x,x,0,0,0,0,0,0,0,0,0,0,0,0,0,0,0,0,0,0,0,0,0,0,0,0,0,0,0,0,0,0,0,0,0,0,0,0,0,0,0,0,0,0,0,0,0,0,0,0,0,0,0,0,0,0,0,0,0,0,0,0,0,0,0,0,0,0,0,0,0,0,0,0,0,0,0,0,0,0,0,0,0,0,0,0,0,0,0,0,0,0,0,0,0,0,0,0,0,0,0,0,0,0,0,0,0,0,0,0,0,0,0,0,0,0,0,0,0,0,0,0,0,0,0,0,0,0,0,0,0,0,0,0,0,0,0,0,0,0,0,0,0,0,0,0,0,0,0,0,0,0,0,0,0,0,0,0,0,0,0,0,0,0,0,0,0,0,0,0,0,0,0,0,0,0,0,0,0,0,0,0,0,0,0,0,0,0,0,0,0,0,0,0,0,0,0,0,0,0,0,0,0,0,0,0,0,0,0,0,0,0,0,0,0,0,0,0,0,0,0,0,0,0,0,0,0,0,0,0,0,0,0,0,0,0,0,0,0,0,0,0,0,0,0,0,0,0,0,0,0,0,,,,,,,,,,,,,,,,,,,,,,,,,,,,,,,,,,,,,,,,,,,,,,,,,,,,,,,,,,,,,,,,,,,,,,,,,,,,,,,,,,,,,,,,,,,,,,,,,,,,,,-999,-999,-999,1,1,306,,0.0,,,,,,0,,,,,,,,,,,,,,,,,,,,,,,,,,,,,,,,,,,,,,,,,,,,,,,,,,,,,,,,,,,,,,,,-999,-999,-999,1,1,306,,0.0,,,,,,,,,,,,,,,,,,,,,,,,,,,,,,,,,,,,,,,,,,,,,,,,,,,,,,,,,,,,,,,,,,,,,,,,,,,,,,,,,,,,,,,,,,,,,,,,,,,,,,,,,,,,-999,1,1,306,,0.0,,0,0,0,0,0,0,0,0,,,,,,,,,0,0,0,0,0,0,0,0,0,0,0,0,0,0,0,0,0,0,0,0,0,0,0,0,0,0,0,0,0,0,0,0,0,0,0,0,0,0,0,0,0,0,0,0,0,,,,-999,-999,-999,-999,-999,-999,1,1,306,,0.0,0,225384,,,-999,-999,,-999,-999,2,3,2,3,1,3,7,8,10,1,14,11,12,5,4,3,6,13,2,9,1,1,1,1,1
307,2x9g6dpm,,0,0,23,,,,0,,,0.0,,e5y22b4i,,,,,0,1.0,0.0,SS_WS2526,307,,0.0,,,,-999,,,1,1,307,,0.0,,,,,,,,,,,,,,,0,-999,-999,1,1,307,,0.0,x,x,x,x,x,x,x,x,x,x,x,x,x,x,x,x,x,x,x,x,x,x,x,x,x,x,x,x,x,x,x,x,x,x,x,x,x,x,x,x,x,x,x,x,x,x,x,x,x,x,0,0,0,0,0,0,0,0,0,0,0,0,0,0,0,0,0,0,0,0,0,0,0,0,0,0,0,0,0,0,0,0,0,0,0,0,0,0,0,0,0,0,0,0,0,0,0,0,0,0,0,0,0,0,0,0,0,0,0,0,0,0,0,0,0,0,0,0,0,0,0,0,0,0,0,0,0,0,0,0,0,0,0,0,0,0,0,0,0,0,0,0,0,0,0,0,0,0,0,0,0,0,0,0,0,0,0,0,0,0,0,0,0,0,0,0,0,0,0,0,0,0,0,0,0,0,0,0,0,0,0,0,0,0,0,0,0,0,0,0,0,0,0,0,0,0,0,0,0,0,0,0,0,0,0,0,0,0,0,0,0,0,0,0,0,0,0,0,0,0,0,0,0,0,0,0,0,0,0,0,0,0,0,0,0,0,0,0,0,0,0,0,0,0,0,0,0,0,0,0,0,0,0,0,0,0,0,0,0,0,0,0,0,0,0,0,0,0,0,0,0,0,0,0,0,0,0,0,0,0,0,0,0,0,0,0,0,0,0,0,0,0,0,0,0,0,0,0,0,0,,,,,,,,,,,,,,,,,,,,,,,,,,,,,,,,,,,,,,,,,,,,,,,,,,,,,,,,,,,,,,,,,,,,,,,,,,,,,,,,,,,,,,,,,,,,,,,,,,,,,,-999,-999,-999,1,1,307,,0.0,,,,,,0,,,,,,,,,,,,,,,,,,,,,,,,,,,,,,,,,,,,,,,,,,,,,,,,,,,,,,,,,,,,,,,,-999,-999,-999,1,1,307,,0.0,,,,,,,,,,,,,,,,,,,,,,,,,,,,,,,,,,,,,,,,,,,,,,,,,,,,,,,,,,,,,,,,,,,,,,,,,,,,,,,,,,,,,,,,,,,,,,,,,,,,,,,,,,,,-999,1,1,307,,0.0,,0,0,0,0,0,0,0,0,,,,,,,,,0,0,0,0,0,0,0,0,0,0,0,0,0,0,0,0,0,0,0,0,0,0,0,0,0,0,0,0,0,0,0,0,0,0,0,0,0,0,0,0,0,0,0,0,0,,,,-999,-999,-999,-999,-999,-999,1,1,307,,0.0,2,134302,,,-999,-999,,-999,-999,2,3,3,2,2,1,4,11,7,3,6,2,12,8,5,9,14,10,13,1,1,2,2,1,1
308,yvi3z2b7,,0,0,23,,,,0,,,0.0,,e5y22b4i,,,,,0,1.0,0.0,SS_WS2526,308,,0.0,,,,-999,,,1,1,308,,0.0,,,,,,,,,,,,,,,0,-999,-999,1,1,308,,0.0,x,x,x,x,x,x,x,x,x,x,x,x,x,x,x,x,x,x,x,x,x,x,x,x,x,x,x,x,x,x,x,x,x,x,x,x,x,x,x,x,x,x,x,x,x,x,x,x,x,x,0,0,0,0,0,0,0,0,0,0,0,0,0,0,0,0,0,0,0,0,0,0,0,0,0,0,0,0,0,0,0,0,0,0,0,0,0,0,0,0,0,0,0,0,0,0,0,0,0,0,0,0,0,0,0,0,0,0,0,0,0,0,0,0,0,0,0,0,0,0,0,0,0,0,0,0,0,0,0,0,0,0,0,0,0,0,0,0,0,0,0,0,0,0,0,0,0,0,0,0,0,0,0,0,0,0,0,0,0,0,0,0,0,0,0,0,0,0,0,0,0,0,0,0,0,0,0,0,0,0,0,0,0,0,0,0,0,0,0,0,0,0,0,0,0,0,0,0,0,0,0,0,0,0,0,0,0,0,0,0,0,0,0,0,0,0,0,0,0,0,0,0,0,0,0,0,0,0,0,0,0,0,0,0,0,0,0,0,0,0,0,0,0,0,0,0,0,0,0,0,0,0,0,0,0,0,0,0,0,0,0,0,0,0,0,0,0,0,0,0,0,0,0,0,0,0,0,0,0,0,0,0,0,0,0,0,0,0,0,0,0,0,0,0,0,0,0,0,0,0,,,,,,,,,,,,,,,,,,,,,,,,,,,,,,,,,,,,,,,,,,,,,,,,,,,,,,,,,,,,,,,,,,,,,,,,,,,,,,,,,,,,,,,,,,,,,,,,,,,,,,-999,-999,-999,1,1,308,,0.0,,,,,,0,,,,,,,,,,,,,,,,,,,,,,,,,,,,,,,,,,,,,,,,,,,,,,,,,,,,,,,,,,,,,,,,-999,-999,-999,1,1,308,,0.0,,,,,,,,,,,,,,,,,,,,,,,,,,,,,,,,,,,,,,,,,,,,,,,,,,,,,,,,,,,,,,,,,,,,,,,,,,,,,,,,,,,,,,,,,,,,,,,,,,,,,,,,,,,,-999,1,1,308,,0.0,,0,0,0,0,0,0,0,0,,,,,,,,,0,0,0,0,0,0,0,0,0,0,0,0,0,0,0,0,0,0,0,0,0,0,0,0,0,0,0,0,0,0,0,0,0,0,0,0,0,0,0,0,0,0,0,0,0,,,,-999,-999,-999,-999,-999,-999,1,1,308,,0.0,2,466824,,,-999,-999,,-999,-999,1,3,1,2,3,2,14,2,12,5,11,13,3,7,1,4,10,9,8,6,2,1,2,1,1
309,o7d8xjk8,,0,0,23,,,,0,,,0.0,,e5y22b4i,,,,,0,1.0,0.0,SS_WS2526,309,,0.0,,,,-999,,,1,1,309,,0.0,,,,,,,,,,,,,,,0,-999,-999,1,1,309,,0.0,x,x,x,x,x,x,x,x,x,x,x,x,x,x,x,x,x,x,x,x,x,x,x,x,x,x,x,x,x,x,x,x,x,x,x,x,x,x,x,x,x,x,x,x,x,x,x,x,x,x,0,0,0,0,0,0,0,0,0,0,0,0,0,0,0,0,0,0,0,0,0,0,0,0,0,0,0,0,0,0,0,0,0,0,0,0,0,0,0,0,0,0,0,0,0,0,0,0,0,0,0,0,0,0,0,0,0,0,0,0,0,0,0,0,0,0,0,0,0,0,0,0,0,0,0,0,0,0,0,0,0,0,0,0,0,0,0,0,0,0,0,0,0,0,0,0,0,0,0,0,0,0,0,0,0,0,0,0,0,0,0,0,0,0,0,0,0,0,0,0,0,0,0,0,0,0,0,0,0,0,0,0,0,0,0,0,0,0,0,0,0,0,0,0,0,0,0,0,0,0,0,0,0,0,0,0,0,0,0,0,0,0,0,0,0,0,0,0,0,0,0,0,0,0,0,0,0,0,0,0,0,0,0,0,0,0,0,0,0,0,0,0,0,0,0,0,0,0,0,0,0,0,0,0,0,0,0,0,0,0,0,0,0,0,0,0,0,0,0,0,0,0,0,0,0,0,0,0,0,0,0,0,0,0,0,0,0,0,0,0,0,0,0,0,0,0,0,0,0,0,,,,,,,,,,,,,,,,,,,,,,,,,,,,,,,,,,,,,,,,,,,,,,,,,,,,,,,,,,,,,,,,,,,,,,,,,,,,,,,,,,,,,,,,,,,,,,,,,,,,,,-999,-999,-999,1,1,309,,0.0,,,,,,0,,,,,,,,,,,,,,,,,,,,,,,,,,,,,,,,,,,,,,,,,,,,,,,,,,,,,,,,,,,,,,,,-999,-999,-999,1,1,309,,0.0,,,,,,,,,,,,,,,,,,,,,,,,,,,,,,,,,,,,,,,,,,,,,,,,,,,,,,,,,,,,,,,,,,,,,,,,,,,,,,,,,,,,,,,,,,,,,,,,,,,,,,,,,,,,-999,1,1,309,,0.0,,0,0,0,0,0,0,0,0,,,,,,,,,0,0,0,0,0,0,0,0,0,0,0,0,0,0,0,0,0,0,0,0,0,0,0,0,0,0,0,0,0,0,0,0,0,0,0,0,0,0,0,0,0,0,0,0,0,,,,-999,-999,-999,-999,-999,-999,1,1,309,,0.0,1,210575,,,-999,-999,,-999,,1,2,3,2,3,1,14,12,7,11,3,5,9,1,10,2,13,4,6,8,2,1,1,1,1
310,vmu340w4,,0,0,23,,,,0,,,0.0,,e5y22b4i,,,,,0,1.0,0.0,SS_WS2526,310,,0.0,,,,-999,,,1,1,310,,0.0,,,,,,,,,,,,,,,0,-999,-999,1,1,310,,0.0,x,x,x,x,x,x,x,x,x,x,x,x,x,x,x,x,x,x,x,x,x,x,x,x,x,x,x,x,x,x,x,x,x,x,x,x,x,x,x,x,x,x,x,x,x,x,x,x,x,x,0,0,0,0,0,0,0,0,0,0,0,0,0,0,0,0,0,0,0,0,0,0,0,0,0,0,0,0,0,0,0,0,0,0,0,0,0,0,0,0,0,0,0,0,0,0,0,0,0,0,0,0,0,0,0,0,0,0,0,0,0,0,0,0,0,0,0,0,0,0,0,0,0,0,0,0,0,0,0,0,0,0,0,0,0,0,0,0,0,0,0,0,0,0,0,0,0,0,0,0,0,0,0,0,0,0,0,0,0,0,0,0,0,0,0,0,0,0,0,0,0,0,0,0,0,0,0,0,0,0,0,0,0,0,0,0,0,0,0,0,0,0,0,0,0,0,0,0,0,0,0,0,0,0,0,0,0,0,0,0,0,0,0,0,0,0,0,0,0,0,0,0,0,0,0,0,0,0,0,0,0,0,0,0,0,0,0,0,0,0,0,0,0,0,0,0,0,0,0,0,0,0,0,0,0,0,0,0,0,0,0,0,0,0,0,0,0,0,0,0,0,0,0,0,0,0,0,0,0,0,0,0,0,0,0,0,0,0,0,0,0,0,0,0,0,0,0,0,0,0,,,,,,,,,,,,,,,,,,,,,,,,,,,,,,,,,,,,,,,,,,,,,,,,,,,,,,,,,,,,,,,,,,,,,,,,,,,,,,,,,,,,,,,,,,,,,,,,,,,,,,-999,-999,-999,1,1,310,,0.0,,,,,,0,,,,,,,,,,,,,,,,,,,,,,,,,,,,,,,,,,,,,,,,,,,,,,,,,,,,,,,,,,,,,,,,-999,-999,-999,1,1,310,,0.0,,,,,,,,,,,,,,,,,,,,,,,,,,,,,,,,,,,,,,,,,,,,,,,,,,,,,,,,,,,,,,,,,,,,,,,,,,,,,,,,,,,,,,,,,,,,,,,,,,,,,,,,,,,,-999,1,1,310,,0.0,,0,0,0,0,0,0,0,0,,,,,,,,,0,0,0,0,0,0,0,0,0,0,0,0,0,0,0,0,0,0,0,0,0,0,0,0,0,0,0,0,0,0,0,0,0,0,0,0,0,0,0,0,0,0,0,0,0,,,,-999,-999,-999,-999,-999,-999,1,1,310,,0.0,0,822777,,,-999,-999,,-999,-999,3,1,1,3,1,2,4,12,9,11,8,2,14,10,13,1,6,5,7,3,1,2,1,1,1
311,3pqnqsps,,0,0,23,,,,0,,,0.0,,e5y22b4i,,,,,0,1.0,0.0,SS_WS2526,311,,0.0,,,,-999,,,1,1,311,,0.0,,,,,,,,,,,,,,,0,-999,-999,1,1,311,,0.0,x,x,x,x,x,x,x,x,x,x,x,x,x,x,x,x,x,x,x,x,x,x,x,x,x,x,x,x,x,x,x,x,x,x,x,x,x,x,x,x,x,x,x,x,x,x,x,x,x,x,0,0,0,0,0,0,0,0,0,0,0,0,0,0,0,0,0,0,0,0,0,0,0,0,0,0,0,0,0,0,0,0,0,0,0,0,0,0,0,0,0,0,0,0,0,0,0,0,0,0,0,0,0,0,0,0,0,0,0,0,0,0,0,0,0,0,0,0,0,0,0,0,0,0,0,0,0,0,0,0,0,0,0,0,0,0,0,0,0,0,0,0,0,0,0,0,0,0,0,0,0,0,0,0,0,0,0,0,0,0,0,0,0,0,0,0,0,0,0,0,0,0,0,0,0,0,0,0,0,0,0,0,0,0,0,0,0,0,0,0,0,0,0,0,0,0,0,0,0,0,0,0,0,0,0,0,0,0,0,0,0,0,0,0,0,0,0,0,0,0,0,0,0,0,0,0,0,0,0,0,0,0,0,0,0,0,0,0,0,0,0,0,0,0,0,0,0,0,0,0,0,0,0,0,0,0,0,0,0,0,0,0,0,0,0,0,0,0,0,0,0,0,0,0,0,0,0,0,0,0,0,0,0,0,0,0,0,0,0,0,0,0,0,0,0,0,0,0,0,0,,,,,,,,,,,,,,,,,,,,,,,,,,,,,,,,,,,,,,,,,,,,,,,,,,,,,,,,,,,,,,,,,,,,,,,,,,,,,,,,,,,,,,,,,,,,,,,,,,,,,,-999,-999,-999,1,1,311,,0.0,,,,,,0,,,,,,,,,,,,,,,,,,,,,,,,,,,,,,,,,,,,,,,,,,,,,,,,,,,,,,,,,,,,,,,,-999,-999,-999,1,1,311,,0.0,,,,,,,,,,,,,,,,,,,,,,,,,,,,,,,,,,,,,,,,,,,,,,,,,,,,,,,,,,,,,,,,,,,,,,,,,,,,,,,,,,,,,,,,,,,,,,,,,,,,,,,,,,,,-999,1,1,311,,0.0,,0,0,0,0,0,0,0,0,,,,,,,,,0,0,0,0,0,0,0,0,0,0,0,0,0,0,0,0,0,0,0,0,0,0,0,0,0,0,0,0,0,0,0,0,0,0,0,0,0,0,0,0,0,0,0,0,0,,,,-999,-999,-999,-999,-999,-999,1,1,311,,0.0,1,872217,,,-999,-999,,-999,,3,1,1,2,3,2,5,9,3,8,10,2,4,12,13,14,7,11,6,1,1,1,2,1,1
312,e50t2hs0,,0,0,23,,,,0,,,0.0,,e5y22b4i,,,,,0,1.0,0.0,SS_WS2526,312,,0.0,,,,-999,,,1,1,312,,0.0,,,,,,,,,,,,,,,0,-999,-999,1,1,312,,0.0,x,x,x,x,x,x,x,x,x,x,x,x,x,x,x,x,x,x,x,x,x,x,x,x,x,x,x,x,x,x,x,x,x,x,x,x,x,x,x,x,x,x,x,x,x,x,x,x,x,x,0,0,0,0,0,0,0,0,0,0,0,0,0,0,0,0,0,0,0,0,0,0,0,0,0,0,0,0,0,0,0,0,0,0,0,0,0,0,0,0,0,0,0,0,0,0,0,0,0,0,0,0,0,0,0,0,0,0,0,0,0,0,0,0,0,0,0,0,0,0,0,0,0,0,0,0,0,0,0,0,0,0,0,0,0,0,0,0,0,0,0,0,0,0,0,0,0,0,0,0,0,0,0,0,0,0,0,0,0,0,0,0,0,0,0,0,0,0,0,0,0,0,0,0,0,0,0,0,0,0,0,0,0,0,0,0,0,0,0,0,0,0,0,0,0,0,0,0,0,0,0,0,0,0,0,0,0,0,0,0,0,0,0,0,0,0,0,0,0,0,0,0,0,0,0,0,0,0,0,0,0,0,0,0,0,0,0,0,0,0,0,0,0,0,0,0,0,0,0,0,0,0,0,0,0,0,0,0,0,0,0,0,0,0,0,0,0,0,0,0,0,0,0,0,0,0,0,0,0,0,0,0,0,0,0,0,0,0,0,0,0,0,0,0,0,0,0,0,0,0,,,,,,,,,,,,,,,,,,,,,,,,,,,,,,,,,,,,,,,,,,,,,,,,,,,,,,,,,,,,,,,,,,,,,,,,,,,,,,,,,,,,,,,,,,,,,,,,,,,,,,-999,-999,-999,1,1,312,,0.0,,,,,,0,,,,,,,,,,,,,,,,,,,,,,,,,,,,,,,,,,,,,,,,,,,,,,,,,,,,,,,,,,,,,,,,-999,-999,-999,1,1,312,,0.0,,,,,,,,,,,,,,,,,,,,,,,,,,,,,,,,,,,,,,,,,,,,,,,,,,,,,,,,,,,,,,,,,,,,,,,,,,,,,,,,,,,,,,,,,,,,,,,,,,,,,,,,,,,,-999,1,1,312,,0.0,,0,0,0,0,0,0,0,0,,,,,,,,,0,0,0,0,0,0,0,0,0,0,0,0,0,0,0,0,0,0,0,0,0,0,0,0,0,0,0,0,0,0,0,0,0,0,0,0,0,0,0,0,0,0,0,0,0,,,,-999,-999,-999,-999,-999,-999,1,1,312,,0.0,2,318335,,,-999,-999,,-999,-999,1,3,3,1,1,2,8,1,3,7,11,2,9,5,14,4,12,10,6,13,1,1,1,1,1
313,kvo86ipx,,0,0,23,,,,0,,,0.0,,e5y22b4i,,,,,0,1.0,0.0,SS_WS2526,313,,0.0,,,,-999,,,1,1,313,,0.0,,,,,,,,,,,,,,,0,-999,-999,1,1,313,,0.0,x,x,x,x,x,x,x,x,x,x,x,x,x,x,x,x,x,x,x,x,x,x,x,x,x,x,x,x,x,x,x,x,x,x,x,x,x,x,x,x,x,x,x,x,x,x,x,x,x,x,0,0,0,0,0,0,0,0,0,0,0,0,0,0,0,0,0,0,0,0,0,0,0,0,0,0,0,0,0,0,0,0,0,0,0,0,0,0,0,0,0,0,0,0,0,0,0,0,0,0,0,0,0,0,0,0,0,0,0,0,0,0,0,0,0,0,0,0,0,0,0,0,0,0,0,0,0,0,0,0,0,0,0,0,0,0,0,0,0,0,0,0,0,0,0,0,0,0,0,0,0,0,0,0,0,0,0,0,0,0,0,0,0,0,0,0,0,0,0,0,0,0,0,0,0,0,0,0,0,0,0,0,0,0,0,0,0,0,0,0,0,0,0,0,0,0,0,0,0,0,0,0,0,0,0,0,0,0,0,0,0,0,0,0,0,0,0,0,0,0,0,0,0,0,0,0,0,0,0,0,0,0,0,0,0,0,0,0,0,0,0,0,0,0,0,0,0,0,0,0,0,0,0,0,0,0,0,0,0,0,0,0,0,0,0,0,0,0,0,0,0,0,0,0,0,0,0,0,0,0,0,0,0,0,0,0,0,0,0,0,0,0,0,0,0,0,0,0,0,0,,,,,,,,,,,,,,,,,,,,,,,,,,,,,,,,,,,,,,,,,,,,,,,,,,,,,,,,,,,,,,,,,,,,,,,,,,,,,,,,,,,,,,,,,,,,,,,,,,,,,,-999,-999,-999,1,1,313,,0.0,,,,,,0,,,,,,,,,,,,,,,,,,,,,,,,,,,,,,,,,,,,,,,,,,,,,,,,,,,,,,,,,,,,,,,,-999,-999,-999,1,1,313,,0.0,,,,,,,,,,,,,,,,,,,,,,,,,,,,,,,,,,,,,,,,,,,,,,,,,,,,,,,,,,,,,,,,,,,,,,,,,,,,,,,,,,,,,,,,,,,,,,,,,,,,,,,,,,,,-999,1,1,313,,0.0,,0,0,0,0,0,0,0,0,,,,,,,,,0,0,0,0,0,0,0,0,0,0,0,0,0,0,0,0,0,0,0,0,0,0,0,0,0,0,0,0,0,0,0,0,0,0,0,0,0,0,0,0,0,0,0,0,0,,,,-999,-999,-999,-999,-999,-999,1,1,313,,0.0,1,746207,,,-999,-999,,-999,,3,1,2,3,1,2,6,14,10,12,13,8,9,2,11,1,4,5,3,7,2,2,2,1,1
314,9j0pt574,,0,0,23,,,,0,,,0.0,,e5y22b4i,,,,,0,1.0,0.0,SS_WS2526,314,,0.0,,,,-999,,,1,1,314,,0.0,,,,,,,,,,,,,,,0,-999,-999,1,1,314,,0.0,x,x,x,x,x,x,x,x,x,x,x,x,x,x,x,x,x,x,x,x,x,x,x,x,x,x,x,x,x,x,x,x,x,x,x,x,x,x,x,x,x,x,x,x,x,x,x,x,x,x,0,0,0,0,0,0,0,0,0,0,0,0,0,0,0,0,0,0,0,0,0,0,0,0,0,0,0,0,0,0,0,0,0,0,0,0,0,0,0,0,0,0,0,0,0,0,0,0,0,0,0,0,0,0,0,0,0,0,0,0,0,0,0,0,0,0,0,0,0,0,0,0,0,0,0,0,0,0,0,0,0,0,0,0,0,0,0,0,0,0,0,0,0,0,0,0,0,0,0,0,0,0,0,0,0,0,0,0,0,0,0,0,0,0,0,0,0,0,0,0,0,0,0,0,0,0,0,0,0,0,0,0,0,0,0,0,0,0,0,0,0,0,0,0,0,0,0,0,0,0,0,0,0,0,0,0,0,0,0,0,0,0,0,0,0,0,0,0,0,0,0,0,0,0,0,0,0,0,0,0,0,0,0,0,0,0,0,0,0,0,0,0,0,0,0,0,0,0,0,0,0,0,0,0,0,0,0,0,0,0,0,0,0,0,0,0,0,0,0,0,0,0,0,0,0,0,0,0,0,0,0,0,0,0,0,0,0,0,0,0,0,0,0,0,0,0,0,0,0,0,,,,,,,,,,,,,,,,,,,,,,,,,,,,,,,,,,,,,,,,,,,,,,,,,,,,,,,,,,,,,,,,,,,,,,,,,,,,,,,,,,,,,,,,,,,,,,,,,,,,,,-999,-999,-999,1,1,314,,0.0,,,,,,0,,,,,,,,,,,,,,,,,,,,,,,,,,,,,,,,,,,,,,,,,,,,,,,,,,,,,,,,,,,,,,,,-999,-999,-999,1,1,314,,0.0,,,,,,,,,,,,,,,,,,,,,,,,,,,,,,,,,,,,,,,,,,,,,,,,,,,,,,,,,,,,,,,,,,,,,,,,,,,,,,,,,,,,,,,,,,,,,,,,,,,,,,,,,,,,-999,1,1,314,,0.0,,0,0,0,0,0,0,0,0,,,,,,,,,0,0,0,0,0,0,0,0,0,0,0,0,0,0,0,0,0,0,0,0,0,0,0,0,0,0,0,0,0,0,0,0,0,0,0,0,0,0,0,0,0,0,0,0,0,,,,-999,-999,-999,-999,-999,-999,1,1,314,,0.0,1,878174,,,-999,-999,,-999,,2,1,1,3,1,2,6,12,3,1,2,7,11,5,4,14,10,9,8,13,1,2,2,1,1
315,9gxcy5v1,,0,0,23,,,,0,,,0.0,,e5y22b4i,,,,,0,1.0,0.0,SS_WS2526,315,,0.0,,,,-999,,,1,1,315,,0.0,,,,,,,,,,,,,,,0,-999,-999,1,1,315,,0.0,x,x,x,x,x,x,x,x,x,x,x,x,x,x,x,x,x,x,x,x,x,x,x,x,x,x,x,x,x,x,x,x,x,x,x,x,x,x,x,x,x,x,x,x,x,x,x,x,x,x,0,0,0,0,0,0,0,0,0,0,0,0,0,0,0,0,0,0,0,0,0,0,0,0,0,0,0,0,0,0,0,0,0,0,0,0,0,0,0,0,0,0,0,0,0,0,0,0,0,0,0,0,0,0,0,0,0,0,0,0,0,0,0,0,0,0,0,0,0,0,0,0,0,0,0,0,0,0,0,0,0,0,0,0,0,0,0,0,0,0,0,0,0,0,0,0,0,0,0,0,0,0,0,0,0,0,0,0,0,0,0,0,0,0,0,0,0,0,0,0,0,0,0,0,0,0,0,0,0,0,0,0,0,0,0,0,0,0,0,0,0,0,0,0,0,0,0,0,0,0,0,0,0,0,0,0,0,0,0,0,0,0,0,0,0,0,0,0,0,0,0,0,0,0,0,0,0,0,0,0,0,0,0,0,0,0,0,0,0,0,0,0,0,0,0,0,0,0,0,0,0,0,0,0,0,0,0,0,0,0,0,0,0,0,0,0,0,0,0,0,0,0,0,0,0,0,0,0,0,0,0,0,0,0,0,0,0,0,0,0,0,0,0,0,0,0,0,0,0,0,,,,,,,,,,,,,,,,,,,,,,,,,,,,,,,,,,,,,,,,,,,,,,,,,,,,,,,,,,,,,,,,,,,,,,,,,,,,,,,,,,,,,,,,,,,,,,,,,,,,,,-999,-999,-999,1,1,315,,0.0,,,,,,0,,,,,,,,,,,,,,,,,,,,,,,,,,,,,,,,,,,,,,,,,,,,,,,,,,,,,,,,,,,,,,,,-999,-999,-999,1,1,315,,0.0,,,,,,,,,,,,,,,,,,,,,,,,,,,,,,,,,,,,,,,,,,,,,,,,,,,,,,,,,,,,,,,,,,,,,,,,,,,,,,,,,,,,,,,,,,,,,,,,,,,,,,,,,,,,-999,1,1,315,,0.0,,0,0,0,0,0,0,0,0,,,,,,,,,0,0,0,0,0,0,0,0,0,0,0,0,0,0,0,0,0,0,0,0,0,0,0,0,0,0,0,0,0,0,0,0,0,0,0,0,0,0,0,0,0,0,0,0,0,,,,-999,-999,-999,-999,-999,-999,1,1,315,,0.0,2,678930,,,-999,-999,,-999,-999,2,1,1,3,3,1,9,14,2,1,5,4,11,13,3,12,7,10,6,8,1,2,2,1,1
316,ir9zeub5,,0,0,23,,,,0,,,0.0,,e5y22b4i,,,,,0,1.0,0.0,SS_WS2526,316,,0.0,,,,-999,,,1,1,316,,0.0,,,,,,,,,,,,,,,0,-999,-999,1,1,316,,0.0,x,x,x,x,x,x,x,x,x,x,x,x,x,x,x,x,x,x,x,x,x,x,x,x,x,x,x,x,x,x,x,x,x,x,x,x,x,x,x,x,x,x,x,x,x,x,x,x,x,x,0,0,0,0,0,0,0,0,0,0,0,0,0,0,0,0,0,0,0,0,0,0,0,0,0,0,0,0,0,0,0,0,0,0,0,0,0,0,0,0,0,0,0,0,0,0,0,0,0,0,0,0,0,0,0,0,0,0,0,0,0,0,0,0,0,0,0,0,0,0,0,0,0,0,0,0,0,0,0,0,0,0,0,0,0,0,0,0,0,0,0,0,0,0,0,0,0,0,0,0,0,0,0,0,0,0,0,0,0,0,0,0,0,0,0,0,0,0,0,0,0,0,0,0,0,0,0,0,0,0,0,0,0,0,0,0,0,0,0,0,0,0,0,0,0,0,0,0,0,0,0,0,0,0,0,0,0,0,0,0,0,0,0,0,0,0,0,0,0,0,0,0,0,0,0,0,0,0,0,0,0,0,0,0,0,0,0,0,0,0,0,0,0,0,0,0,0,0,0,0,0,0,0,0,0,0,0,0,0,0,0,0,0,0,0,0,0,0,0,0,0,0,0,0,0,0,0,0,0,0,0,0,0,0,0,0,0,0,0,0,0,0,0,0,0,0,0,0,0,0,,,,,,,,,,,,,,,,,,,,,,,,,,,,,,,,,,,,,,,,,,,,,,,,,,,,,,,,,,,,,,,,,,,,,,,,,,,,,,,,,,,,,,,,,,,,,,,,,,,,,,-999,-999,-999,1,1,316,,0.0,,,,,,0,,,,,,,,,,,,,,,,,,,,,,,,,,,,,,,,,,,,,,,,,,,,,,,,,,,,,,,,,,,,,,,,-999,-999,-999,1,1,316,,0.0,,,,,,,,,,,,,,,,,,,,,,,,,,,,,,,,,,,,,,,,,,,,,,,,,,,,,,,,,,,,,,,,,,,,,,,,,,,,,,,,,,,,,,,,,,,,,,,,,,,,,,,,,,,,-999,1,1,316,,0.0,,0,0,0,0,0,0,0,0,,,,,,,,,0,0,0,0,0,0,0,0,0,0,0,0,0,0,0,0,0,0,0,0,0,0,0,0,0,0,0,0,0,0,0,0,0,0,0,0,0,0,0,0,0,0,0,0,0,,,,-999,-999,-999,-999,-999,-999,1,1,316,,0.0,0,747919,,,-999,-999,,-999,-999,2,1,3,2,1,2,2,7,9,11,6,13,10,12,1,3,4,5,8,14,2,1,1,1,1
317,kwx8sla3,,0,0,23,,,,0,,,0.0,,e5y22b4i,,,,,0,1.0,0.0,SS_WS2526,317,,0.0,,,,-999,,,1,1,317,,0.0,,,,,,,,,,,,,,,0,-999,-999,1,1,317,,0.0,x,x,x,x,x,x,x,x,x,x,x,x,x,x,x,x,x,x,x,x,x,x,x,x,x,x,x,x,x,x,x,x,x,x,x,x,x,x,x,x,x,x,x,x,x,x,x,x,x,x,0,0,0,0,0,0,0,0,0,0,0,0,0,0,0,0,0,0,0,0,0,0,0,0,0,0,0,0,0,0,0,0,0,0,0,0,0,0,0,0,0,0,0,0,0,0,0,0,0,0,0,0,0,0,0,0,0,0,0,0,0,0,0,0,0,0,0,0,0,0,0,0,0,0,0,0,0,0,0,0,0,0,0,0,0,0,0,0,0,0,0,0,0,0,0,0,0,0,0,0,0,0,0,0,0,0,0,0,0,0,0,0,0,0,0,0,0,0,0,0,0,0,0,0,0,0,0,0,0,0,0,0,0,0,0,0,0,0,0,0,0,0,0,0,0,0,0,0,0,0,0,0,0,0,0,0,0,0,0,0,0,0,0,0,0,0,0,0,0,0,0,0,0,0,0,0,0,0,0,0,0,0,0,0,0,0,0,0,0,0,0,0,0,0,0,0,0,0,0,0,0,0,0,0,0,0,0,0,0,0,0,0,0,0,0,0,0,0,0,0,0,0,0,0,0,0,0,0,0,0,0,0,0,0,0,0,0,0,0,0,0,0,0,0,0,0,0,0,0,0,,,,,,,,,,,,,,,,,,,,,,,,,,,,,,,,,,,,,,,,,,,,,,,,,,,,,,,,,,,,,,,,,,,,,,,,,,,,,,,,,,,,,,,,,,,,,,,,,,,,,,-999,-999,-999,1,1,317,,0.0,,,,,,0,,,,,,,,,,,,,,,,,,,,,,,,,,,,,,,,,,,,,,,,,,,,,,,,,,,,,,,,,,,,,,,,-999,-999,-999,1,1,317,,0.0,,,,,,,,,,,,,,,,,,,,,,,,,,,,,,,,,,,,,,,,,,,,,,,,,,,,,,,,,,,,,,,,,,,,,,,,,,,,,,,,,,,,,,,,,,,,,,,,,,,,,,,,,,,,-999,1,1,317,,0.0,,0,0,0,0,0,0,0,0,,,,,,,,,0,0,0,0,0,0,0,0,0,0,0,0,0,0,0,0,0,0,0,0,0,0,0,0,0,0,0,0,0,0,0,0,0,0,0,0,0,0,0,0,0,0,0,0,0,,,,-999,-999,-999,-999,-999,-999,1,1,317,,0.0,2,817719,,,-999,-999,,-999,-999,3,1,1,2,1,2,14,9,3,6,5,2,12,10,11,4,13,8,7,1,2,2,1,1,1
318,anr9s91t,,0,0,23,,,,0,,,0.0,,e5y22b4i,,,,,0,1.0,0.0,SS_WS2526,318,,0.0,,,,-999,,,1,1,318,,0.0,,,,,,,,,,,,,,,0,-999,-999,1,1,318,,0.0,x,x,x,x,x,x,x,x,x,x,x,x,x,x,x,x,x,x,x,x,x,x,x,x,x,x,x,x,x,x,x,x,x,x,x,x,x,x,x,x,x,x,x,x,x,x,x,x,x,x,0,0,0,0,0,0,0,0,0,0,0,0,0,0,0,0,0,0,0,0,0,0,0,0,0,0,0,0,0,0,0,0,0,0,0,0,0,0,0,0,0,0,0,0,0,0,0,0,0,0,0,0,0,0,0,0,0,0,0,0,0,0,0,0,0,0,0,0,0,0,0,0,0,0,0,0,0,0,0,0,0,0,0,0,0,0,0,0,0,0,0,0,0,0,0,0,0,0,0,0,0,0,0,0,0,0,0,0,0,0,0,0,0,0,0,0,0,0,0,0,0,0,0,0,0,0,0,0,0,0,0,0,0,0,0,0,0,0,0,0,0,0,0,0,0,0,0,0,0,0,0,0,0,0,0,0,0,0,0,0,0,0,0,0,0,0,0,0,0,0,0,0,0,0,0,0,0,0,0,0,0,0,0,0,0,0,0,0,0,0,0,0,0,0,0,0,0,0,0,0,0,0,0,0,0,0,0,0,0,0,0,0,0,0,0,0,0,0,0,0,0,0,0,0,0,0,0,0,0,0,0,0,0,0,0,0,0,0,0,0,0,0,0,0,0,0,0,0,0,0,,,,,,,,,,,,,,,,,,,,,,,,,,,,,,,,,,,,,,,,,,,,,,,,,,,,,,,,,,,,,,,,,,,,,,,,,,,,,,,,,,,,,,,,,,,,,,,,,,,,,,-999,-999,-999,1,1,318,,0.0,,,,,,0,,,,,,,,,,,,,,,,,,,,,,,,,,,,,,,,,,,,,,,,,,,,,,,,,,,,,,,,,,,,,,,,-999,-999,-999,1,1,318,,0.0,,,,,,,,,,,,,,,,,,,,,,,,,,,,,,,,,,,,,,,,,,,,,,,,,,,,,,,,,,,,,,,,,,,,,,,,,,,,,,,,,,,,,,,,,,,,,,,,,,,,,,,,,,,,-999,1,1,318,,0.0,,0,0,0,0,0,0,0,0,,,,,,,,,0,0,0,0,0,0,0,0,0,0,0,0,0,0,0,0,0,0,0,0,0,0,0,0,0,0,0,0,0,0,0,0,0,0,0,0,0,0,0,0,0,0,0,0,0,,,,-999,-999,-999,-999,-999,-999,1,1,318,,0.0,2,231972,,,-999,-999,,-999,-999,1,2,3,2,1,3,3,11,8,14,6,5,13,9,2,12,7,4,10,1,1,2,1,1,1
319,2vz7hxs0,,0,0,23,,,,0,,,0.0,,e5y22b4i,,,,,0,1.0,0.0,SS_WS2526,319,,0.0,,,,-999,,,1,1,319,,0.0,,,,,,,,,,,,,,,0,-999,-999,1,1,319,,0.0,x,x,x,x,x,x,x,x,x,x,x,x,x,x,x,x,x,x,x,x,x,x,x,x,x,x,x,x,x,x,x,x,x,x,x,x,x,x,x,x,x,x,x,x,x,x,x,x,x,x,0,0,0,0,0,0,0,0,0,0,0,0,0,0,0,0,0,0,0,0,0,0,0,0,0,0,0,0,0,0,0,0,0,0,0,0,0,0,0,0,0,0,0,0,0,0,0,0,0,0,0,0,0,0,0,0,0,0,0,0,0,0,0,0,0,0,0,0,0,0,0,0,0,0,0,0,0,0,0,0,0,0,0,0,0,0,0,0,0,0,0,0,0,0,0,0,0,0,0,0,0,0,0,0,0,0,0,0,0,0,0,0,0,0,0,0,0,0,0,0,0,0,0,0,0,0,0,0,0,0,0,0,0,0,0,0,0,0,0,0,0,0,0,0,0,0,0,0,0,0,0,0,0,0,0,0,0,0,0,0,0,0,0,0,0,0,0,0,0,0,0,0,0,0,0,0,0,0,0,0,0,0,0,0,0,0,0,0,0,0,0,0,0,0,0,0,0,0,0,0,0,0,0,0,0,0,0,0,0,0,0,0,0,0,0,0,0,0,0,0,0,0,0,0,0,0,0,0,0,0,0,0,0,0,0,0,0,0,0,0,0,0,0,0,0,0,0,0,0,0,,,,,,,,,,,,,,,,,,,,,,,,,,,,,,,,,,,,,,,,,,,,,,,,,,,,,,,,,,,,,,,,,,,,,,,,,,,,,,,,,,,,,,,,,,,,,,,,,,,,,,-999,-999,-999,1,1,319,,0.0,,,,,,0,,,,,,,,,,,,,,,,,,,,,,,,,,,,,,,,,,,,,,,,,,,,,,,,,,,,,,,,,,,,,,,,-999,-999,-999,1,1,319,,0.0,,,,,,,,,,,,,,,,,,,,,,,,,,,,,,,,,,,,,,,,,,,,,,,,,,,,,,,,,,,,,,,,,,,,,,,,,,,,,,,,,,,,,,,,,,,,,,,,,,,,,,,,,,,,-999,1,1,319,,0.0,,0,0,0,0,0,0,0,0,,,,,,,,,0,0,0,0,0,0,0,0,0,0,0,0,0,0,0,0,0,0,0,0,0,0,0,0,0,0,0,0,0,0,0,0,0,0,0,0,0,0,0,0,0,0,0,0,0,,,,-999,-999,-999,-999,-999,-999,1,1,319,,0.0,2,497401,,,-999,-999,,-999,-999,3,2,2,3,3,2,13,12,8,4,6,14,7,1,9,5,3,11,10,2,1,2,2,1,1
320,8jxv1pkh,,0,0,23,,,,0,,,0.0,,e5y22b4i,,,,,0,1.0,0.0,SS_WS2526,320,,0.0,,,,-999,,,1,1,320,,0.0,,,,,,,,,,,,,,,0,-999,-999,1,1,320,,0.0,x,x,x,x,x,x,x,x,x,x,x,x,x,x,x,x,x,x,x,x,x,x,x,x,x,x,x,x,x,x,x,x,x,x,x,x,x,x,x,x,x,x,x,x,x,x,x,x,x,x,0,0,0,0,0,0,0,0,0,0,0,0,0,0,0,0,0,0,0,0,0,0,0,0,0,0,0,0,0,0,0,0,0,0,0,0,0,0,0,0,0,0,0,0,0,0,0,0,0,0,0,0,0,0,0,0,0,0,0,0,0,0,0,0,0,0,0,0,0,0,0,0,0,0,0,0,0,0,0,0,0,0,0,0,0,0,0,0,0,0,0,0,0,0,0,0,0,0,0,0,0,0,0,0,0,0,0,0,0,0,0,0,0,0,0,0,0,0,0,0,0,0,0,0,0,0,0,0,0,0,0,0,0,0,0,0,0,0,0,0,0,0,0,0,0,0,0,0,0,0,0,0,0,0,0,0,0,0,0,0,0,0,0,0,0,0,0,0,0,0,0,0,0,0,0,0,0,0,0,0,0,0,0,0,0,0,0,0,0,0,0,0,0,0,0,0,0,0,0,0,0,0,0,0,0,0,0,0,0,0,0,0,0,0,0,0,0,0,0,0,0,0,0,0,0,0,0,0,0,0,0,0,0,0,0,0,0,0,0,0,0,0,0,0,0,0,0,0,0,0,,,,,,,,,,,,,,,,,,,,,,,,,,,,,,,,,,,,,,,,,,,,,,,,,,,,,,,,,,,,,,,,,,,,,,,,,,,,,,,,,,,,,,,,,,,,,,,,,,,,,,-999,-999,-999,1,1,320,,0.0,,,,,,0,,,,,,,,,,,,,,,,,,,,,,,,,,,,,,,,,,,,,,,,,,,,,,,,,,,,,,,,,,,,,,,,-999,-999,-999,1,1,320,,0.0,,,,,,,,,,,,,,,,,,,,,,,,,,,,,,,,,,,,,,,,,,,,,,,,,,,,,,,,,,,,,,,,,,,,,,,,,,,,,,,,,,,,,,,,,,,,,,,,,,,,,,,,,,,,-999,1,1,320,,0.0,,0,0,0,0,0,0,0,0,,,,,,,,,0,0,0,0,0,0,0,0,0,0,0,0,0,0,0,0,0,0,0,0,0,0,0,0,0,0,0,0,0,0,0,0,0,0,0,0,0,0,0,0,0,0,0,0,0,,,,-999,-999,-999,-999,-999,-999,1,1,320,,0.0,0,649460,,,-999,-999,,-999,-999,1,3,3,2,1,2,10,3,9,7,2,14,1,13,5,11,4,12,6,8,1,1,1,1,1
321,w5d398f2,,0,0,23,,,,0,,,0.0,,e5y22b4i,,,,,0,1.0,0.0,SS_WS2526,321,,0.0,,,,-999,,,1,1,321,,0.0,,,,,,,,,,,,,,,0,-999,-999,1,1,321,,0.0,x,x,x,x,x,x,x,x,x,x,x,x,x,x,x,x,x,x,x,x,x,x,x,x,x,x,x,x,x,x,x,x,x,x,x,x,x,x,x,x,x,x,x,x,x,x,x,x,x,x,0,0,0,0,0,0,0,0,0,0,0,0,0,0,0,0,0,0,0,0,0,0,0,0,0,0,0,0,0,0,0,0,0,0,0,0,0,0,0,0,0,0,0,0,0,0,0,0,0,0,0,0,0,0,0,0,0,0,0,0,0,0,0,0,0,0,0,0,0,0,0,0,0,0,0,0,0,0,0,0,0,0,0,0,0,0,0,0,0,0,0,0,0,0,0,0,0,0,0,0,0,0,0,0,0,0,0,0,0,0,0,0,0,0,0,0,0,0,0,0,0,0,0,0,0,0,0,0,0,0,0,0,0,0,0,0,0,0,0,0,0,0,0,0,0,0,0,0,0,0,0,0,0,0,0,0,0,0,0,0,0,0,0,0,0,0,0,0,0,0,0,0,0,0,0,0,0,0,0,0,0,0,0,0,0,0,0,0,0,0,0,0,0,0,0,0,0,0,0,0,0,0,0,0,0,0,0,0,0,0,0,0,0,0,0,0,0,0,0,0,0,0,0,0,0,0,0,0,0,0,0,0,0,0,0,0,0,0,0,0,0,0,0,0,0,0,0,0,0,0,,,,,,,,,,,,,,,,,,,,,,,,,,,,,,,,,,,,,,,,,,,,,,,,,,,,,,,,,,,,,,,,,,,,,,,,,,,,,,,,,,,,,,,,,,,,,,,,,,,,,,-999,-999,-999,1,1,321,,0.0,,,,,,0,,,,,,,,,,,,,,,,,,,,,,,,,,,,,,,,,,,,,,,,,,,,,,,,,,,,,,,,,,,,,,,,-999,-999,-999,1,1,321,,0.0,,,,,,,,,,,,,,,,,,,,,,,,,,,,,,,,,,,,,,,,,,,,,,,,,,,,,,,,,,,,,,,,,,,,,,,,,,,,,,,,,,,,,,,,,,,,,,,,,,,,,,,,,,,,-999,1,1,321,,0.0,,0,0,0,0,0,0,0,0,,,,,,,,,0,0,0,0,0,0,0,0,0,0,0,0,0,0,0,0,0,0,0,0,0,0,0,0,0,0,0,0,0,0,0,0,0,0,0,0,0,0,0,0,0,0,0,0,0,,,,-999,-999,-999,-999,-999,-999,1,1,321,,0.0,0,573214,,,-999,-999,,-999,-999,3,2,2,3,2,1,11,9,6,1,5,2,3,7,10,12,14,8,4,13,2,1,2,1,1
322,izygap9d,,0,0,23,,,,0,,,0.0,,e5y22b4i,,,,,0,1.0,0.0,SS_WS2526,322,,0.0,,,,-999,,,1,1,322,,0.0,,,,,,,,,,,,,,,0,-999,-999,1,1,322,,0.0,x,x,x,x,x,x,x,x,x,x,x,x,x,x,x,x,x,x,x,x,x,x,x,x,x,x,x,x,x,x,x,x,x,x,x,x,x,x,x,x,x,x,x,x,x,x,x,x,x,x,0,0,0,0,0,0,0,0,0,0,0,0,0,0,0,0,0,0,0,0,0,0,0,0,0,0,0,0,0,0,0,0,0,0,0,0,0,0,0,0,0,0,0,0,0,0,0,0,0,0,0,0,0,0,0,0,0,0,0,0,0,0,0,0,0,0,0,0,0,0,0,0,0,0,0,0,0,0,0,0,0,0,0,0,0,0,0,0,0,0,0,0,0,0,0,0,0,0,0,0,0,0,0,0,0,0,0,0,0,0,0,0,0,0,0,0,0,0,0,0,0,0,0,0,0,0,0,0,0,0,0,0,0,0,0,0,0,0,0,0,0,0,0,0,0,0,0,0,0,0,0,0,0,0,0,0,0,0,0,0,0,0,0,0,0,0,0,0,0,0,0,0,0,0,0,0,0,0,0,0,0,0,0,0,0,0,0,0,0,0,0,0,0,0,0,0,0,0,0,0,0,0,0,0,0,0,0,0,0,0,0,0,0,0,0,0,0,0,0,0,0,0,0,0,0,0,0,0,0,0,0,0,0,0,0,0,0,0,0,0,0,0,0,0,0,0,0,0,0,0,,,,,,,,,,,,,,,,,,,,,,,,,,,,,,,,,,,,,,,,,,,,,,,,,,,,,,,,,,,,,,,,,,,,,,,,,,,,,,,,,,,,,,,,,,,,,,,,,,,,,,-999,-999,-999,1,1,322,,0.0,,,,,,0,,,,,,,,,,,,,,,,,,,,,,,,,,,,,,,,,,,,,,,,,,,,,,,,,,,,,,,,,,,,,,,,-999,-999,-999,1,1,322,,0.0,,,,,,,,,,,,,,,,,,,,,,,,,,,,,,,,,,,,,,,,,,,,,,,,,,,,,,,,,,,,,,,,,,,,,,,,,,,,,,,,,,,,,,,,,,,,,,,,,,,,,,,,,,,,-999,1,1,322,,0.0,,0,0,0,0,0,0,0,0,,,,,,,,,0,0,0,0,0,0,0,0,0,0,0,0,0,0,0,0,0,0,0,0,0,0,0,0,0,0,0,0,0,0,0,0,0,0,0,0,0,0,0,0,0,0,0,0,0,,,,-999,-999,-999,-999,-999,-999,1,1,322,,0.0,1,482420,,,-999,-999,,-999,,2,1,2,3,3,2,7,12,3,10,14,1,6,9,2,4,13,8,11,5,1,2,2,1,1
323,4thdvsc7,,0,0,23,,,,0,,,0.0,,e5y22b4i,,,,,0,1.0,0.0,SS_WS2526,323,,0.0,,,,-999,,,1,1,323,,0.0,,,,,,,,,,,,,,,0,-999,-999,1,1,323,,0.0,x,x,x,x,x,x,x,x,x,x,x,x,x,x,x,x,x,x,x,x,x,x,x,x,x,x,x,x,x,x,x,x,x,x,x,x,x,x,x,x,x,x,x,x,x,x,x,x,x,x,0,0,0,0,0,0,0,0,0,0,0,0,0,0,0,0,0,0,0,0,0,0,0,0,0,0,0,0,0,0,0,0,0,0,0,0,0,0,0,0,0,0,0,0,0,0,0,0,0,0,0,0,0,0,0,0,0,0,0,0,0,0,0,0,0,0,0,0,0,0,0,0,0,0,0,0,0,0,0,0,0,0,0,0,0,0,0,0,0,0,0,0,0,0,0,0,0,0,0,0,0,0,0,0,0,0,0,0,0,0,0,0,0,0,0,0,0,0,0,0,0,0,0,0,0,0,0,0,0,0,0,0,0,0,0,0,0,0,0,0,0,0,0,0,0,0,0,0,0,0,0,0,0,0,0,0,0,0,0,0,0,0,0,0,0,0,0,0,0,0,0,0,0,0,0,0,0,0,0,0,0,0,0,0,0,0,0,0,0,0,0,0,0,0,0,0,0,0,0,0,0,0,0,0,0,0,0,0,0,0,0,0,0,0,0,0,0,0,0,0,0,0,0,0,0,0,0,0,0,0,0,0,0,0,0,0,0,0,0,0,0,0,0,0,0,0,0,0,0,0,,,,,,,,,,,,,,,,,,,,,,,,,,,,,,,,,,,,,,,,,,,,,,,,,,,,,,,,,,,,,,,,,,,,,,,,,,,,,,,,,,,,,,,,,,,,,,,,,,,,,,-999,-999,-999,1,1,323,,0.0,,,,,,0,,,,,,,,,,,,,,,,,,,,,,,,,,,,,,,,,,,,,,,,,,,,,,,,,,,,,,,,,,,,,,,,-999,-999,-999,1,1,323,,0.0,,,,,,,,,,,,,,,,,,,,,,,,,,,,,,,,,,,,,,,,,,,,,,,,,,,,,,,,,,,,,,,,,,,,,,,,,,,,,,,,,,,,,,,,,,,,,,,,,,,,,,,,,,,,-999,1,1,323,,0.0,,0,0,0,0,0,0,0,0,,,,,,,,,0,0,0,0,0,0,0,0,0,0,0,0,0,0,0,0,0,0,0,0,0,0,0,0,0,0,0,0,0,0,0,0,0,0,0,0,0,0,0,0,0,0,0,0,0,,,,-999,-999,-999,-999,-999,-999,1,1,323,,0.0,0,865948,,,-999,-999,,-999,-999,1,2,1,3,3,1,2,12,5,1,14,7,4,8,11,3,13,10,9,6,1,2,2,1,1
324,w7e5twq0,,0,0,23,,,,0,,,0.0,,e5y22b4i,,,,,0,1.0,0.0,SS_WS2526,324,,0.0,,,,-999,,,1,1,324,,0.0,,,,,,,,,,,,,,,0,-999,-999,1,1,324,,0.0,x,x,x,x,x,x,x,x,x,x,x,x,x,x,x,x,x,x,x,x,x,x,x,x,x,x,x,x,x,x,x,x,x,x,x,x,x,x,x,x,x,x,x,x,x,x,x,x,x,x,0,0,0,0,0,0,0,0,0,0,0,0,0,0,0,0,0,0,0,0,0,0,0,0,0,0,0,0,0,0,0,0,0,0,0,0,0,0,0,0,0,0,0,0,0,0,0,0,0,0,0,0,0,0,0,0,0,0,0,0,0,0,0,0,0,0,0,0,0,0,0,0,0,0,0,0,0,0,0,0,0,0,0,0,0,0,0,0,0,0,0,0,0,0,0,0,0,0,0,0,0,0,0,0,0,0,0,0,0,0,0,0,0,0,0,0,0,0,0,0,0,0,0,0,0,0,0,0,0,0,0,0,0,0,0,0,0,0,0,0,0,0,0,0,0,0,0,0,0,0,0,0,0,0,0,0,0,0,0,0,0,0,0,0,0,0,0,0,0,0,0,0,0,0,0,0,0,0,0,0,0,0,0,0,0,0,0,0,0,0,0,0,0,0,0,0,0,0,0,0,0,0,0,0,0,0,0,0,0,0,0,0,0,0,0,0,0,0,0,0,0,0,0,0,0,0,0,0,0,0,0,0,0,0,0,0,0,0,0,0,0,0,0,0,0,0,0,0,0,0,,,,,,,,,,,,,,,,,,,,,,,,,,,,,,,,,,,,,,,,,,,,,,,,,,,,,,,,,,,,,,,,,,,,,,,,,,,,,,,,,,,,,,,,,,,,,,,,,,,,,,-999,-999,-999,1,1,324,,0.0,,,,,,0,,,,,,,,,,,,,,,,,,,,,,,,,,,,,,,,,,,,,,,,,,,,,,,,,,,,,,,,,,,,,,,,-999,-999,-999,1,1,324,,0.0,,,,,,,,,,,,,,,,,,,,,,,,,,,,,,,,,,,,,,,,,,,,,,,,,,,,,,,,,,,,,,,,,,,,,,,,,,,,,,,,,,,,,,,,,,,,,,,,,,,,,,,,,,,,-999,1,1,324,,0.0,,0,0,0,0,0,0,0,0,,,,,,,,,0,0,0,0,0,0,0,0,0,0,0,0,0,0,0,0,0,0,0,0,0,0,0,0,0,0,0,0,0,0,0,0,0,0,0,0,0,0,0,0,0,0,0,0,0,,,,-999,-999,-999,-999,-999,-999,1,1,324,,0.0,1,801239,,,-999,-999,,-999,,3,2,1,2,3,1,7,4,8,12,5,3,6,2,14,11,13,10,1,9,1,1,2,1,1
325,bwjqjrcb,,0,0,23,,,,0,,,0.0,,e5y22b4i,,,,,0,1.0,0.0,SS_WS2526,325,,0.0,,,,-999,,,1,1,325,,0.0,,,,,,,,,,,,,,,0,-999,-999,1,1,325,,0.0,x,x,x,x,x,x,x,x,x,x,x,x,x,x,x,x,x,x,x,x,x,x,x,x,x,x,x,x,x,x,x,x,x,x,x,x,x,x,x,x,x,x,x,x,x,x,x,x,x,x,0,0,0,0,0,0,0,0,0,0,0,0,0,0,0,0,0,0,0,0,0,0,0,0,0,0,0,0,0,0,0,0,0,0,0,0,0,0,0,0,0,0,0,0,0,0,0,0,0,0,0,0,0,0,0,0,0,0,0,0,0,0,0,0,0,0,0,0,0,0,0,0,0,0,0,0,0,0,0,0,0,0,0,0,0,0,0,0,0,0,0,0,0,0,0,0,0,0,0,0,0,0,0,0,0,0,0,0,0,0,0,0,0,0,0,0,0,0,0,0,0,0,0,0,0,0,0,0,0,0,0,0,0,0,0,0,0,0,0,0,0,0,0,0,0,0,0,0,0,0,0,0,0,0,0,0,0,0,0,0,0,0,0,0,0,0,0,0,0,0,0,0,0,0,0,0,0,0,0,0,0,0,0,0,0,0,0,0,0,0,0,0,0,0,0,0,0,0,0,0,0,0,0,0,0,0,0,0,0,0,0,0,0,0,0,0,0,0,0,0,0,0,0,0,0,0,0,0,0,0,0,0,0,0,0,0,0,0,0,0,0,0,0,0,0,0,0,0,0,0,,,,,,,,,,,,,,,,,,,,,,,,,,,,,,,,,,,,,,,,,,,,,,,,,,,,,,,,,,,,,,,,,,,,,,,,,,,,,,,,,,,,,,,,,,,,,,,,,,,,,,-999,-999,-999,1,1,325,,0.0,,,,,,0,,,,,,,,,,,,,,,,,,,,,,,,,,,,,,,,,,,,,,,,,,,,,,,,,,,,,,,,,,,,,,,,-999,-999,-999,1,1,325,,0.0,,,,,,,,,,,,,,,,,,,,,,,,,,,,,,,,,,,,,,,,,,,,,,,,,,,,,,,,,,,,,,,,,,,,,,,,,,,,,,,,,,,,,,,,,,,,,,,,,,,,,,,,,,,,-999,1,1,325,,0.0,,0,0,0,0,0,0,0,0,,,,,,,,,0,0,0,0,0,0,0,0,0,0,0,0,0,0,0,0,0,0,0,0,0,0,0,0,0,0,0,0,0,0,0,0,0,0,0,0,0,0,0,0,0,0,0,0,0,,,,-999,-999,-999,-999,-999,-999,1,1,325,,0.0,0,457330,,,-999,-999,,-999,-999,3,1,3,1,1,3,10,7,4,11,8,13,9,6,14,5,3,12,1,2,1,1,2,1,1
326,py91iapm,,0,0,23,,,,0,,,0.0,,e5y22b4i,,,,,0,1.0,0.0,SS_WS2526,326,,0.0,,,,-999,,,1,1,326,,0.0,,,,,,,,,,,,,,,0,-999,-999,1,1,326,,0.0,x,x,x,x,x,x,x,x,x,x,x,x,x,x,x,x,x,x,x,x,x,x,x,x,x,x,x,x,x,x,x,x,x,x,x,x,x,x,x,x,x,x,x,x,x,x,x,x,x,x,0,0,0,0,0,0,0,0,0,0,0,0,0,0,0,0,0,0,0,0,0,0,0,0,0,0,0,0,0,0,0,0,0,0,0,0,0,0,0,0,0,0,0,0,0,0,0,0,0,0,0,0,0,0,0,0,0,0,0,0,0,0,0,0,0,0,0,0,0,0,0,0,0,0,0,0,0,0,0,0,0,0,0,0,0,0,0,0,0,0,0,0,0,0,0,0,0,0,0,0,0,0,0,0,0,0,0,0,0,0,0,0,0,0,0,0,0,0,0,0,0,0,0,0,0,0,0,0,0,0,0,0,0,0,0,0,0,0,0,0,0,0,0,0,0,0,0,0,0,0,0,0,0,0,0,0,0,0,0,0,0,0,0,0,0,0,0,0,0,0,0,0,0,0,0,0,0,0,0,0,0,0,0,0,0,0,0,0,0,0,0,0,0,0,0,0,0,0,0,0,0,0,0,0,0,0,0,0,0,0,0,0,0,0,0,0,0,0,0,0,0,0,0,0,0,0,0,0,0,0,0,0,0,0,0,0,0,0,0,0,0,0,0,0,0,0,0,0,0,0,,,,,,,,,,,,,,,,,,,,,,,,,,,,,,,,,,,,,,,,,,,,,,,,,,,,,,,,,,,,,,,,,,,,,,,,,,,,,,,,,,,,,,,,,,,,,,,,,,,,,,-999,-999,-999,1,1,326,,0.0,,,,,,0,,,,,,,,,,,,,,,,,,,,,,,,,,,,,,,,,,,,,,,,,,,,,,,,,,,,,,,,,,,,,,,,-999,-999,-999,1,1,326,,0.0,,,,,,,,,,,,,,,,,,,,,,,,,,,,,,,,,,,,,,,,,,,,,,,,,,,,,,,,,,,,,,,,,,,,,,,,,,,,,,,,,,,,,,,,,,,,,,,,,,,,,,,,,,,,-999,1,1,326,,0.0,,0,0,0,0,0,0,0,0,,,,,,,,,0,0,0,0,0,0,0,0,0,0,0,0,0,0,0,0,0,0,0,0,0,0,0,0,0,0,0,0,0,0,0,0,0,0,0,0,0,0,0,0,0,0,0,0,0,,,,-999,-999,-999,-999,-999,-999,1,1,326,,0.0,1,903905,,,-999,-999,,-999,,1,2,3,2,1,3,9,1,5,7,6,13,4,11,10,8,12,2,14,3,1,1,2,1,1
327,g5if5krv,,0,0,23,,,,0,,,0.0,,e5y22b4i,,,,,0,1.0,0.0,SS_WS2526,327,,0.0,,,,-999,,,1,1,327,,0.0,,,,,,,,,,,,,,,0,-999,-999,1,1,327,,0.0,x,x,x,x,x,x,x,x,x,x,x,x,x,x,x,x,x,x,x,x,x,x,x,x,x,x,x,x,x,x,x,x,x,x,x,x,x,x,x,x,x,x,x,x,x,x,x,x,x,x,0,0,0,0,0,0,0,0,0,0,0,0,0,0,0,0,0,0,0,0,0,0,0,0,0,0,0,0,0,0,0,0,0,0,0,0,0,0,0,0,0,0,0,0,0,0,0,0,0,0,0,0,0,0,0,0,0,0,0,0,0,0,0,0,0,0,0,0,0,0,0,0,0,0,0,0,0,0,0,0,0,0,0,0,0,0,0,0,0,0,0,0,0,0,0,0,0,0,0,0,0,0,0,0,0,0,0,0,0,0,0,0,0,0,0,0,0,0,0,0,0,0,0,0,0,0,0,0,0,0,0,0,0,0,0,0,0,0,0,0,0,0,0,0,0,0,0,0,0,0,0,0,0,0,0,0,0,0,0,0,0,0,0,0,0,0,0,0,0,0,0,0,0,0,0,0,0,0,0,0,0,0,0,0,0,0,0,0,0,0,0,0,0,0,0,0,0,0,0,0,0,0,0,0,0,0,0,0,0,0,0,0,0,0,0,0,0,0,0,0,0,0,0,0,0,0,0,0,0,0,0,0,0,0,0,0,0,0,0,0,0,0,0,0,0,0,0,0,0,0,,,,,,,,,,,,,,,,,,,,,,,,,,,,,,,,,,,,,,,,,,,,,,,,,,,,,,,,,,,,,,,,,,,,,,,,,,,,,,,,,,,,,,,,,,,,,,,,,,,,,,-999,-999,-999,1,1,327,,0.0,,,,,,0,,,,,,,,,,,,,,,,,,,,,,,,,,,,,,,,,,,,,,,,,,,,,,,,,,,,,,,,,,,,,,,,-999,-999,-999,1,1,327,,0.0,,,,,,,,,,,,,,,,,,,,,,,,,,,,,,,,,,,,,,,,,,,,,,,,,,,,,,,,,,,,,,,,,,,,,,,,,,,,,,,,,,,,,,,,,,,,,,,,,,,,,,,,,,,,-999,1,1,327,,0.0,,0,0,0,0,0,0,0,0,,,,,,,,,0,0,0,0,0,0,0,0,0,0,0,0,0,0,0,0,0,0,0,0,0,0,0,0,0,0,0,0,0,0,0,0,0,0,0,0,0,0,0,0,0,0,0,0,0,,,,-999,-999,-999,-999,-999,-999,1,1,327,,0.0,1,271456,,,-999,-999,,-999,,1,3,1,3,2,3,14,1,7,3,10,12,11,8,13,2,6,4,9,5,1,2,1,1,1
328,mnnrakn8,,0,0,23,,,,0,,,0.0,,e5y22b4i,,,,,0,1.0,0.0,SS_WS2526,328,,0.0,,,,-999,,,1,1,328,,0.0,,,,,,,,,,,,,,,0,-999,-999,1,1,328,,0.0,x,x,x,x,x,x,x,x,x,x,x,x,x,x,x,x,x,x,x,x,x,x,x,x,x,x,x,x,x,x,x,x,x,x,x,x,x,x,x,x,x,x,x,x,x,x,x,x,x,x,0,0,0,0,0,0,0,0,0,0,0,0,0,0,0,0,0,0,0,0,0,0,0,0,0,0,0,0,0,0,0,0,0,0,0,0,0,0,0,0,0,0,0,0,0,0,0,0,0,0,0,0,0,0,0,0,0,0,0,0,0,0,0,0,0,0,0,0,0,0,0,0,0,0,0,0,0,0,0,0,0,0,0,0,0,0,0,0,0,0,0,0,0,0,0,0,0,0,0,0,0,0,0,0,0,0,0,0,0,0,0,0,0,0,0,0,0,0,0,0,0,0,0,0,0,0,0,0,0,0,0,0,0,0,0,0,0,0,0,0,0,0,0,0,0,0,0,0,0,0,0,0,0,0,0,0,0,0,0,0,0,0,0,0,0,0,0,0,0,0,0,0,0,0,0,0,0,0,0,0,0,0,0,0,0,0,0,0,0,0,0,0,0,0,0,0,0,0,0,0,0,0,0,0,0,0,0,0,0,0,0,0,0,0,0,0,0,0,0,0,0,0,0,0,0,0,0,0,0,0,0,0,0,0,0,0,0,0,0,0,0,0,0,0,0,0,0,0,0,0,,,,,,,,,,,,,,,,,,,,,,,,,,,,,,,,,,,,,,,,,,,,,,,,,,,,,,,,,,,,,,,,,,,,,,,,,,,,,,,,,,,,,,,,,,,,,,,,,,,,,,-999,-999,-999,1,1,328,,0.0,,,,,,0,,,,,,,,,,,,,,,,,,,,,,,,,,,,,,,,,,,,,,,,,,,,,,,,,,,,,,,,,,,,,,,,-999,-999,-999,1,1,328,,0.0,,,,,,,,,,,,,,,,,,,,,,,,,,,,,,,,,,,,,,,,,,,,,,,,,,,,,,,,,,,,,,,,,,,,,,,,,,,,,,,,,,,,,,,,,,,,,,,,,,,,,,,,,,,,-999,1,1,328,,0.0,,0,0,0,0,0,0,0,0,,,,,,,,,0,0,0,0,0,0,0,0,0,0,0,0,0,0,0,0,0,0,0,0,0,0,0,0,0,0,0,0,0,0,0,0,0,0,0,0,0,0,0,0,0,0,0,0,0,,,,-999,-999,-999,-999,-999,-999,1,1,328,,0.0,0,138348,,,-999,-999,,-999,-999,2,3,1,3,2,1,7,11,6,9,2,14,1,13,4,5,8,12,10,3,1,2,1,1,1
329,n62inym6,,0,0,23,,,,0,,,0.0,,e5y22b4i,,,,,0,1.0,0.0,SS_WS2526,329,,0.0,,,,-999,,,1,1,329,,0.0,,,,,,,,,,,,,,,0,-999,-999,1,1,329,,0.0,x,x,x,x,x,x,x,x,x,x,x,x,x,x,x,x,x,x,x,x,x,x,x,x,x,x,x,x,x,x,x,x,x,x,x,x,x,x,x,x,x,x,x,x,x,x,x,x,x,x,0,0,0,0,0,0,0,0,0,0,0,0,0,0,0,0,0,0,0,0,0,0,0,0,0,0,0,0,0,0,0,0,0,0,0,0,0,0,0,0,0,0,0,0,0,0,0,0,0,0,0,0,0,0,0,0,0,0,0,0,0,0,0,0,0,0,0,0,0,0,0,0,0,0,0,0,0,0,0,0,0,0,0,0,0,0,0,0,0,0,0,0,0,0,0,0,0,0,0,0,0,0,0,0,0,0,0,0,0,0,0,0,0,0,0,0,0,0,0,0,0,0,0,0,0,0,0,0,0,0,0,0,0,0,0,0,0,0,0,0,0,0,0,0,0,0,0,0,0,0,0,0,0,0,0,0,0,0,0,0,0,0,0,0,0,0,0,0,0,0,0,0,0,0,0,0,0,0,0,0,0,0,0,0,0,0,0,0,0,0,0,0,0,0,0,0,0,0,0,0,0,0,0,0,0,0,0,0,0,0,0,0,0,0,0,0,0,0,0,0,0,0,0,0,0,0,0,0,0,0,0,0,0,0,0,0,0,0,0,0,0,0,0,0,0,0,0,0,0,0,,,,,,,,,,,,,,,,,,,,,,,,,,,,,,,,,,,,,,,,,,,,,,,,,,,,,,,,,,,,,,,,,,,,,,,,,,,,,,,,,,,,,,,,,,,,,,,,,,,,,,-999,-999,-999,1,1,329,,0.0,,,,,,0,,,,,,,,,,,,,,,,,,,,,,,,,,,,,,,,,,,,,,,,,,,,,,,,,,,,,,,,,,,,,,,,-999,-999,-999,1,1,329,,0.0,,,,,,,,,,,,,,,,,,,,,,,,,,,,,,,,,,,,,,,,,,,,,,,,,,,,,,,,,,,,,,,,,,,,,,,,,,,,,,,,,,,,,,,,,,,,,,,,,,,,,,,,,,,,-999,1,1,329,,0.0,,0,0,0,0,0,0,0,0,,,,,,,,,0,0,0,0,0,0,0,0,0,0,0,0,0,0,0,0,0,0,0,0,0,0,0,0,0,0,0,0,0,0,0,0,0,0,0,0,0,0,0,0,0,0,0,0,0,,,,-999,-999,-999,-999,-999,-999,1,1,329,,0.0,0,881879,,,-999,-999,,-999,-999,2,1,3,2,2,3,14,6,13,9,12,11,10,3,8,7,5,4,1,2,2,1,1,1,1
330,wwo7ozwq,,0,0,23,,,,0,,,0.0,,e5y22b4i,,,,,0,1.0,0.0,SS_WS2526,330,,0.0,,,,-999,,,1,1,330,,0.0,,,,,,,,,,,,,,,0,-999,-999,1,1,330,,0.0,x,x,x,x,x,x,x,x,x,x,x,x,x,x,x,x,x,x,x,x,x,x,x,x,x,x,x,x,x,x,x,x,x,x,x,x,x,x,x,x,x,x,x,x,x,x,x,x,x,x,0,0,0,0,0,0,0,0,0,0,0,0,0,0,0,0,0,0,0,0,0,0,0,0,0,0,0,0,0,0,0,0,0,0,0,0,0,0,0,0,0,0,0,0,0,0,0,0,0,0,0,0,0,0,0,0,0,0,0,0,0,0,0,0,0,0,0,0,0,0,0,0,0,0,0,0,0,0,0,0,0,0,0,0,0,0,0,0,0,0,0,0,0,0,0,0,0,0,0,0,0,0,0,0,0,0,0,0,0,0,0,0,0,0,0,0,0,0,0,0,0,0,0,0,0,0,0,0,0,0,0,0,0,0,0,0,0,0,0,0,0,0,0,0,0,0,0,0,0,0,0,0,0,0,0,0,0,0,0,0,0,0,0,0,0,0,0,0,0,0,0,0,0,0,0,0,0,0,0,0,0,0,0,0,0,0,0,0,0,0,0,0,0,0,0,0,0,0,0,0,0,0,0,0,0,0,0,0,0,0,0,0,0,0,0,0,0,0,0,0,0,0,0,0,0,0,0,0,0,0,0,0,0,0,0,0,0,0,0,0,0,0,0,0,0,0,0,0,0,0,,,,,,,,,,,,,,,,,,,,,,,,,,,,,,,,,,,,,,,,,,,,,,,,,,,,,,,,,,,,,,,,,,,,,,,,,,,,,,,,,,,,,,,,,,,,,,,,,,,,,,-999,-999,-999,1,1,330,,0.0,,,,,,0,,,,,,,,,,,,,,,,,,,,,,,,,,,,,,,,,,,,,,,,,,,,,,,,,,,,,,,,,,,,,,,,-999,-999,-999,1,1,330,,0.0,,,,,,,,,,,,,,,,,,,,,,,,,,,,,,,,,,,,,,,,,,,,,,,,,,,,,,,,,,,,,,,,,,,,,,,,,,,,,,,,,,,,,,,,,,,,,,,,,,,,,,,,,,,,-999,1,1,330,,0.0,,0,0,0,0,0,0,0,0,,,,,,,,,0,0,0,0,0,0,0,0,0,0,0,0,0,0,0,0,0,0,0,0,0,0,0,0,0,0,0,0,0,0,0,0,0,0,0,0,0,0,0,0,0,0,0,0,0,,,,-999,-999,-999,-999,-999,-999,1,1,330,,0.0,0,554782,,,-999,-999,,-999,-999,3,2,2,1,3,2,13,12,10,9,6,11,14,3,4,7,2,1,5,8,1,1,1,1,1
331,m1rdv4al,,0,0,23,,,,0,,,0.0,,e5y22b4i,,,,,0,1.0,0.0,SS_WS2526,331,,0.0,,,,-999,,,1,1,331,,0.0,,,,,,,,,,,,,,,0,-999,-999,1,1,331,,0.0,x,x,x,x,x,x,x,x,x,x,x,x,x,x,x,x,x,x,x,x,x,x,x,x,x,x,x,x,x,x,x,x,x,x,x,x,x,x,x,x,x,x,x,x,x,x,x,x,x,x,0,0,0,0,0,0,0,0,0,0,0,0,0,0,0,0,0,0,0,0,0,0,0,0,0,0,0,0,0,0,0,0,0,0,0,0,0,0,0,0,0,0,0,0,0,0,0,0,0,0,0,0,0,0,0,0,0,0,0,0,0,0,0,0,0,0,0,0,0,0,0,0,0,0,0,0,0,0,0,0,0,0,0,0,0,0,0,0,0,0,0,0,0,0,0,0,0,0,0,0,0,0,0,0,0,0,0,0,0,0,0,0,0,0,0,0,0,0,0,0,0,0,0,0,0,0,0,0,0,0,0,0,0,0,0,0,0,0,0,0,0,0,0,0,0,0,0,0,0,0,0,0,0,0,0,0,0,0,0,0,0,0,0,0,0,0,0,0,0,0,0,0,0,0,0,0,0,0,0,0,0,0,0,0,0,0,0,0,0,0,0,0,0,0,0,0,0,0,0,0,0,0,0,0,0,0,0,0,0,0,0,0,0,0,0,0,0,0,0,0,0,0,0,0,0,0,0,0,0,0,0,0,0,0,0,0,0,0,0,0,0,0,0,0,0,0,0,0,0,0,,,,,,,,,,,,,,,,,,,,,,,,,,,,,,,,,,,,,,,,,,,,,,,,,,,,,,,,,,,,,,,,,,,,,,,,,,,,,,,,,,,,,,,,,,,,,,,,,,,,,,-999,-999,-999,1,1,331,,0.0,,,,,,0,,,,,,,,,,,,,,,,,,,,,,,,,,,,,,,,,,,,,,,,,,,,,,,,,,,,,,,,,,,,,,,,-999,-999,-999,1,1,331,,0.0,,,,,,,,,,,,,,,,,,,,,,,,,,,,,,,,,,,,,,,,,,,,,,,,,,,,,,,,,,,,,,,,,,,,,,,,,,,,,,,,,,,,,,,,,,,,,,,,,,,,,,,,,,,,-999,1,1,331,,0.0,,0,0,0,0,0,0,0,0,,,,,,,,,0,0,0,0,0,0,0,0,0,0,0,0,0,0,0,0,0,0,0,0,0,0,0,0,0,0,0,0,0,0,0,0,0,0,0,0,0,0,0,0,0,0,0,0,0,,,,-999,-999,-999,-999,-999,-999,1,1,331,,0.0,2,968286,,,-999,-999,,-999,-999,2,3,1,3,2,1,14,2,4,3,9,13,5,11,1,6,8,10,7,12,2,2,2,1,1
332,38x9yr3o,,0,0,23,,,,0,,,0.0,,e5y22b4i,,,,,0,1.0,0.0,SS_WS2526,332,,0.0,,,,-999,,,1,1,332,,0.0,,,,,,,,,,,,,,,0,-999,-999,1,1,332,,0.0,x,x,x,x,x,x,x,x,x,x,x,x,x,x,x,x,x,x,x,x,x,x,x,x,x,x,x,x,x,x,x,x,x,x,x,x,x,x,x,x,x,x,x,x,x,x,x,x,x,x,0,0,0,0,0,0,0,0,0,0,0,0,0,0,0,0,0,0,0,0,0,0,0,0,0,0,0,0,0,0,0,0,0,0,0,0,0,0,0,0,0,0,0,0,0,0,0,0,0,0,0,0,0,0,0,0,0,0,0,0,0,0,0,0,0,0,0,0,0,0,0,0,0,0,0,0,0,0,0,0,0,0,0,0,0,0,0,0,0,0,0,0,0,0,0,0,0,0,0,0,0,0,0,0,0,0,0,0,0,0,0,0,0,0,0,0,0,0,0,0,0,0,0,0,0,0,0,0,0,0,0,0,0,0,0,0,0,0,0,0,0,0,0,0,0,0,0,0,0,0,0,0,0,0,0,0,0,0,0,0,0,0,0,0,0,0,0,0,0,0,0,0,0,0,0,0,0,0,0,0,0,0,0,0,0,0,0,0,0,0,0,0,0,0,0,0,0,0,0,0,0,0,0,0,0,0,0,0,0,0,0,0,0,0,0,0,0,0,0,0,0,0,0,0,0,0,0,0,0,0,0,0,0,0,0,0,0,0,0,0,0,0,0,0,0,0,0,0,0,0,,,,,,,,,,,,,,,,,,,,,,,,,,,,,,,,,,,,,,,,,,,,,,,,,,,,,,,,,,,,,,,,,,,,,,,,,,,,,,,,,,,,,,,,,,,,,,,,,,,,,,-999,-999,-999,1,1,332,,0.0,,,,,,0,,,,,,,,,,,,,,,,,,,,,,,,,,,,,,,,,,,,,,,,,,,,,,,,,,,,,,,,,,,,,,,,-999,-999,-999,1,1,332,,0.0,,,,,,,,,,,,,,,,,,,,,,,,,,,,,,,,,,,,,,,,,,,,,,,,,,,,,,,,,,,,,,,,,,,,,,,,,,,,,,,,,,,,,,,,,,,,,,,,,,,,,,,,,,,,-999,1,1,332,,0.0,,0,0,0,0,0,0,0,0,,,,,,,,,0,0,0,0,0,0,0,0,0,0,0,0,0,0,0,0,0,0,0,0,0,0,0,0,0,0,0,0,0,0,0,0,0,0,0,0,0,0,0,0,0,0,0,0,0,,,,-999,-999,-999,-999,-999,-999,1,1,332,,0.0,1,125477,,,-999,-999,,-999,,1,2,3,2,3,2,14,4,7,8,13,12,5,11,2,10,1,9,6,3,1,2,2,1,1
333,cuzago55,,0,0,23,,,,0,,,0.0,,e5y22b4i,,,,,0,1.0,0.0,SS_WS2526,333,,0.0,,,,-999,,,1,1,333,,0.0,,,,,,,,,,,,,,,0,-999,-999,1,1,333,,0.0,x,x,x,x,x,x,x,x,x,x,x,x,x,x,x,x,x,x,x,x,x,x,x,x,x,x,x,x,x,x,x,x,x,x,x,x,x,x,x,x,x,x,x,x,x,x,x,x,x,x,0,0,0,0,0,0,0,0,0,0,0,0,0,0,0,0,0,0,0,0,0,0,0,0,0,0,0,0,0,0,0,0,0,0,0,0,0,0,0,0,0,0,0,0,0,0,0,0,0,0,0,0,0,0,0,0,0,0,0,0,0,0,0,0,0,0,0,0,0,0,0,0,0,0,0,0,0,0,0,0,0,0,0,0,0,0,0,0,0,0,0,0,0,0,0,0,0,0,0,0,0,0,0,0,0,0,0,0,0,0,0,0,0,0,0,0,0,0,0,0,0,0,0,0,0,0,0,0,0,0,0,0,0,0,0,0,0,0,0,0,0,0,0,0,0,0,0,0,0,0,0,0,0,0,0,0,0,0,0,0,0,0,0,0,0,0,0,0,0,0,0,0,0,0,0,0,0,0,0,0,0,0,0,0,0,0,0,0,0,0,0,0,0,0,0,0,0,0,0,0,0,0,0,0,0,0,0,0,0,0,0,0,0,0,0,0,0,0,0,0,0,0,0,0,0,0,0,0,0,0,0,0,0,0,0,0,0,0,0,0,0,0,0,0,0,0,0,0,0,0,,,,,,,,,,,,,,,,,,,,,,,,,,,,,,,,,,,,,,,,,,,,,,,,,,,,,,,,,,,,,,,,,,,,,,,,,,,,,,,,,,,,,,,,,,,,,,,,,,,,,,-999,-999,-999,1,1,333,,0.0,,,,,,0,,,,,,,,,,,,,,,,,,,,,,,,,,,,,,,,,,,,,,,,,,,,,,,,,,,,,,,,,,,,,,,,-999,-999,-999,1,1,333,,0.0,,,,,,,,,,,,,,,,,,,,,,,,,,,,,,,,,,,,,,,,,,,,,,,,,,,,,,,,,,,,,,,,,,,,,,,,,,,,,,,,,,,,,,,,,,,,,,,,,,,,,,,,,,,,-999,1,1,333,,0.0,,0,0,0,0,0,0,0,0,,,,,,,,,0,0,0,0,0,0,0,0,0,0,0,0,0,0,0,0,0,0,0,0,0,0,0,0,0,0,0,0,0,0,0,0,0,0,0,0,0,0,0,0,0,0,0,0,0,,,,-999,-999,-999,-999,-999,-999,1,1,333,,0.0,0,983212,,,-999,-999,,-999,-999,2,3,1,3,3,1,7,6,5,12,14,3,13,9,8,10,11,1,2,4,1,1,1,1,1
334,zrmz7q57,,0,0,23,,,,0,,,0.0,,e5y22b4i,,,,,0,1.0,0.0,SS_WS2526,334,,0.0,,,,-999,,,1,1,334,,0.0,,,,,,,,,,,,,,,0,-999,-999,1,1,334,,0.0,x,x,x,x,x,x,x,x,x,x,x,x,x,x,x,x,x,x,x,x,x,x,x,x,x,x,x,x,x,x,x,x,x,x,x,x,x,x,x,x,x,x,x,x,x,x,x,x,x,x,0,0,0,0,0,0,0,0,0,0,0,0,0,0,0,0,0,0,0,0,0,0,0,0,0,0,0,0,0,0,0,0,0,0,0,0,0,0,0,0,0,0,0,0,0,0,0,0,0,0,0,0,0,0,0,0,0,0,0,0,0,0,0,0,0,0,0,0,0,0,0,0,0,0,0,0,0,0,0,0,0,0,0,0,0,0,0,0,0,0,0,0,0,0,0,0,0,0,0,0,0,0,0,0,0,0,0,0,0,0,0,0,0,0,0,0,0,0,0,0,0,0,0,0,0,0,0,0,0,0,0,0,0,0,0,0,0,0,0,0,0,0,0,0,0,0,0,0,0,0,0,0,0,0,0,0,0,0,0,0,0,0,0,0,0,0,0,0,0,0,0,0,0,0,0,0,0,0,0,0,0,0,0,0,0,0,0,0,0,0,0,0,0,0,0,0,0,0,0,0,0,0,0,0,0,0,0,0,0,0,0,0,0,0,0,0,0,0,0,0,0,0,0,0,0,0,0,0,0,0,0,0,0,0,0,0,0,0,0,0,0,0,0,0,0,0,0,0,0,0,,,,,,,,,,,,,,,,,,,,,,,,,,,,,,,,,,,,,,,,,,,,,,,,,,,,,,,,,,,,,,,,,,,,,,,,,,,,,,,,,,,,,,,,,,,,,,,,,,,,,,-999,-999,-999,1,1,334,,0.0,,,,,,0,,,,,,,,,,,,,,,,,,,,,,,,,,,,,,,,,,,,,,,,,,,,,,,,,,,,,,,,,,,,,,,,-999,-999,-999,1,1,334,,0.0,,,,,,,,,,,,,,,,,,,,,,,,,,,,,,,,,,,,,,,,,,,,,,,,,,,,,,,,,,,,,,,,,,,,,,,,,,,,,,,,,,,,,,,,,,,,,,,,,,,,,,,,,,,,-999,1,1,334,,0.0,,0,0,0,0,0,0,0,0,,,,,,,,,0,0,0,0,0,0,0,0,0,0,0,0,0,0,0,0,0,0,0,0,0,0,0,0,0,0,0,0,0,0,0,0,0,0,0,0,0,0,0,0,0,0,0,0,0,,,,-999,-999,-999,-999,-999,-999,1,1,334,,0.0,2,112537,,,-999,-999,,-999,-999,1,3,3,1,1,2,1,11,8,12,9,5,14,10,7,13,6,4,2,3,1,2,1,1,1
335,qqndtuy1,,0,0,23,,,,0,,,0.0,,e5y22b4i,,,,,0,1.0,0.0,SS_WS2526,335,,0.0,,,,-999,,,1,1,335,,0.0,,,,,,,,,,,,,,,0,-999,-999,1,1,335,,0.0,x,x,x,x,x,x,x,x,x,x,x,x,x,x,x,x,x,x,x,x,x,x,x,x,x,x,x,x,x,x,x,x,x,x,x,x,x,x,x,x,x,x,x,x,x,x,x,x,x,x,0,0,0,0,0,0,0,0,0,0,0,0,0,0,0,0,0,0,0,0,0,0,0,0,0,0,0,0,0,0,0,0,0,0,0,0,0,0,0,0,0,0,0,0,0,0,0,0,0,0,0,0,0,0,0,0,0,0,0,0,0,0,0,0,0,0,0,0,0,0,0,0,0,0,0,0,0,0,0,0,0,0,0,0,0,0,0,0,0,0,0,0,0,0,0,0,0,0,0,0,0,0,0,0,0,0,0,0,0,0,0,0,0,0,0,0,0,0,0,0,0,0,0,0,0,0,0,0,0,0,0,0,0,0,0,0,0,0,0,0,0,0,0,0,0,0,0,0,0,0,0,0,0,0,0,0,0,0,0,0,0,0,0,0,0,0,0,0,0,0,0,0,0,0,0,0,0,0,0,0,0,0,0,0,0,0,0,0,0,0,0,0,0,0,0,0,0,0,0,0,0,0,0,0,0,0,0,0,0,0,0,0,0,0,0,0,0,0,0,0,0,0,0,0,0,0,0,0,0,0,0,0,0,0,0,0,0,0,0,0,0,0,0,0,0,0,0,0,0,0,,,,,,,,,,,,,,,,,,,,,,,,,,,,,,,,,,,,,,,,,,,,,,,,,,,,,,,,,,,,,,,,,,,,,,,,,,,,,,,,,,,,,,,,,,,,,,,,,,,,,,-999,-999,-999,1,1,335,,0.0,,,,,,0,,,,,,,,,,,,,,,,,,,,,,,,,,,,,,,,,,,,,,,,,,,,,,,,,,,,,,,,,,,,,,,,-999,-999,-999,1,1,335,,0.0,,,,,,,,,,,,,,,,,,,,,,,,,,,,,,,,,,,,,,,,,,,,,,,,,,,,,,,,,,,,,,,,,,,,,,,,,,,,,,,,,,,,,,,,,,,,,,,,,,,,,,,,,,,,-999,1,1,335,,0.0,,0,0,0,0,0,0,0,0,,,,,,,,,0,0,0,0,0,0,0,0,0,0,0,0,0,0,0,0,0,0,0,0,0,0,0,0,0,0,0,0,0,0,0,0,0,0,0,0,0,0,0,0,0,0,0,0,0,,,,-999,-999,-999,-999,-999,-999,1,1,335,,0.0,1,814094,,,-999,-999,,-999,,1,3,2,1,3,1,6,7,13,10,11,14,1,3,12,8,9,5,4,2,1,1,2,1,1
336,ww3afbpw,,0,0,23,,,,0,,,0.0,,e5y22b4i,,,,,0,1.0,0.0,SS_WS2526,336,,0.0,,,,-999,,,1,1,336,,0.0,,,,,,,,,,,,,,,0,-999,-999,1,1,336,,0.0,x,x,x,x,x,x,x,x,x,x,x,x,x,x,x,x,x,x,x,x,x,x,x,x,x,x,x,x,x,x,x,x,x,x,x,x,x,x,x,x,x,x,x,x,x,x,x,x,x,x,0,0,0,0,0,0,0,0,0,0,0,0,0,0,0,0,0,0,0,0,0,0,0,0,0,0,0,0,0,0,0,0,0,0,0,0,0,0,0,0,0,0,0,0,0,0,0,0,0,0,0,0,0,0,0,0,0,0,0,0,0,0,0,0,0,0,0,0,0,0,0,0,0,0,0,0,0,0,0,0,0,0,0,0,0,0,0,0,0,0,0,0,0,0,0,0,0,0,0,0,0,0,0,0,0,0,0,0,0,0,0,0,0,0,0,0,0,0,0,0,0,0,0,0,0,0,0,0,0,0,0,0,0,0,0,0,0,0,0,0,0,0,0,0,0,0,0,0,0,0,0,0,0,0,0,0,0,0,0,0,0,0,0,0,0,0,0,0,0,0,0,0,0,0,0,0,0,0,0,0,0,0,0,0,0,0,0,0,0,0,0,0,0,0,0,0,0,0,0,0,0,0,0,0,0,0,0,0,0,0,0,0,0,0,0,0,0,0,0,0,0,0,0,0,0,0,0,0,0,0,0,0,0,0,0,0,0,0,0,0,0,0,0,0,0,0,0,0,0,0,,,,,,,,,,,,,,,,,,,,,,,,,,,,,,,,,,,,,,,,,,,,,,,,,,,,,,,,,,,,,,,,,,,,,,,,,,,,,,,,,,,,,,,,,,,,,,,,,,,,,,-999,-999,-999,1,1,336,,0.0,,,,,,0,,,,,,,,,,,,,,,,,,,,,,,,,,,,,,,,,,,,,,,,,,,,,,,,,,,,,,,,,,,,,,,,-999,-999,-999,1,1,336,,0.0,,,,,,,,,,,,,,,,,,,,,,,,,,,,,,,,,,,,,,,,,,,,,,,,,,,,,,,,,,,,,,,,,,,,,,,,,,,,,,,,,,,,,,,,,,,,,,,,,,,,,,,,,,,,-999,1,1,336,,0.0,,0,0,0,0,0,0,0,0,,,,,,,,,0,0,0,0,0,0,0,0,0,0,0,0,0,0,0,0,0,0,0,0,0,0,0,0,0,0,0,0,0,0,0,0,0,0,0,0,0,0,0,0,0,0,0,0,0,,,,-999,-999,-999,-999,-999,-999,1,1,336,,0.0,2,960181,,,-999,-999,,-999,-999,1,3,2,3,3,1,9,7,13,12,3,1,8,6,4,2,11,14,10,5,1,2,1,1,1
337,9kr1mol2,,0,0,23,,,,0,,,0.0,,e5y22b4i,,,,,0,1.0,0.0,SS_WS2526,337,,0.0,,,,-999,,,1,1,337,,0.0,,,,,,,,,,,,,,,0,-999,-999,1,1,337,,0.0,x,x,x,x,x,x,x,x,x,x,x,x,x,x,x,x,x,x,x,x,x,x,x,x,x,x,x,x,x,x,x,x,x,x,x,x,x,x,x,x,x,x,x,x,x,x,x,x,x,x,0,0,0,0,0,0,0,0,0,0,0,0,0,0,0,0,0,0,0,0,0,0,0,0,0,0,0,0,0,0,0,0,0,0,0,0,0,0,0,0,0,0,0,0,0,0,0,0,0,0,0,0,0,0,0,0,0,0,0,0,0,0,0,0,0,0,0,0,0,0,0,0,0,0,0,0,0,0,0,0,0,0,0,0,0,0,0,0,0,0,0,0,0,0,0,0,0,0,0,0,0,0,0,0,0,0,0,0,0,0,0,0,0,0,0,0,0,0,0,0,0,0,0,0,0,0,0,0,0,0,0,0,0,0,0,0,0,0,0,0,0,0,0,0,0,0,0,0,0,0,0,0,0,0,0,0,0,0,0,0,0,0,0,0,0,0,0,0,0,0,0,0,0,0,0,0,0,0,0,0,0,0,0,0,0,0,0,0,0,0,0,0,0,0,0,0,0,0,0,0,0,0,0,0,0,0,0,0,0,0,0,0,0,0,0,0,0,0,0,0,0,0,0,0,0,0,0,0,0,0,0,0,0,0,0,0,0,0,0,0,0,0,0,0,0,0,0,0,0,0,,,,,,,,,,,,,,,,,,,,,,,,,,,,,,,,,,,,,,,,,,,,,,,,,,,,,,,,,,,,,,,,,,,,,,,,,,,,,,,,,,,,,,,,,,,,,,,,,,,,,,-999,-999,-999,1,1,337,,0.0,,,,,,0,,,,,,,,,,,,,,,,,,,,,,,,,,,,,,,,,,,,,,,,,,,,,,,,,,,,,,,,,,,,,,,,-999,-999,-999,1,1,337,,0.0,,,,,,,,,,,,,,,,,,,,,,,,,,,,,,,,,,,,,,,,,,,,,,,,,,,,,,,,,,,,,,,,,,,,,,,,,,,,,,,,,,,,,,,,,,,,,,,,,,,,,,,,,,,,-999,1,1,337,,0.0,,0,0,0,0,0,0,0,0,,,,,,,,,0,0,0,0,0,0,0,0,0,0,0,0,0,0,0,0,0,0,0,0,0,0,0,0,0,0,0,0,0,0,0,0,0,0,0,0,0,0,0,0,0,0,0,0,0,,,,-999,-999,-999,-999,-999,-999,1,1,337,,0.0,1,688936,,,-999,-999,,-999,,1,2,3,2,3,1,10,8,12,13,5,7,4,1,9,3,6,2,11,14,2,1,2,1,1
338,a8vlkftp,,0,0,23,,,,0,,,0.0,,e5y22b4i,,,,,0,1.0,0.0,SS_WS2526,338,,0.0,,,,-999,,,1,1,338,,0.0,,,,,,,,,,,,,,,0,-999,-999,1,1,338,,0.0,x,x,x,x,x,x,x,x,x,x,x,x,x,x,x,x,x,x,x,x,x,x,x,x,x,x,x,x,x,x,x,x,x,x,x,x,x,x,x,x,x,x,x,x,x,x,x,x,x,x,0,0,0,0,0,0,0,0,0,0,0,0,0,0,0,0,0,0,0,0,0,0,0,0,0,0,0,0,0,0,0,0,0,0,0,0,0,0,0,0,0,0,0,0,0,0,0,0,0,0,0,0,0,0,0,0,0,0,0,0,0,0,0,0,0,0,0,0,0,0,0,0,0,0,0,0,0,0,0,0,0,0,0,0,0,0,0,0,0,0,0,0,0,0,0,0,0,0,0,0,0,0,0,0,0,0,0,0,0,0,0,0,0,0,0,0,0,0,0,0,0,0,0,0,0,0,0,0,0,0,0,0,0,0,0,0,0,0,0,0,0,0,0,0,0,0,0,0,0,0,0,0,0,0,0,0,0,0,0,0,0,0,0,0,0,0,0,0,0,0,0,0,0,0,0,0,0,0,0,0,0,0,0,0,0,0,0,0,0,0,0,0,0,0,0,0,0,0,0,0,0,0,0,0,0,0,0,0,0,0,0,0,0,0,0,0,0,0,0,0,0,0,0,0,0,0,0,0,0,0,0,0,0,0,0,0,0,0,0,0,0,0,0,0,0,0,0,0,0,0,,,,,,,,,,,,,,,,,,,,,,,,,,,,,,,,,,,,,,,,,,,,,,,,,,,,,,,,,,,,,,,,,,,,,,,,,,,,,,,,,,,,,,,,,,,,,,,,,,,,,,-999,-999,-999,1,1,338,,0.0,,,,,,0,,,,,,,,,,,,,,,,,,,,,,,,,,,,,,,,,,,,,,,,,,,,,,,,,,,,,,,,,,,,,,,,-999,-999,-999,1,1,338,,0.0,,,,,,,,,,,,,,,,,,,,,,,,,,,,,,,,,,,,,,,,,,,,,,,,,,,,,,,,,,,,,,,,,,,,,,,,,,,,,,,,,,,,,,,,,,,,,,,,,,,,,,,,,,,,-999,1,1,338,,0.0,,0,0,0,0,0,0,0,0,,,,,,,,,0,0,0,0,0,0,0,0,0,0,0,0,0,0,0,0,0,0,0,0,0,0,0,0,0,0,0,0,0,0,0,0,0,0,0,0,0,0,0,0,0,0,0,0,0,,,,-999,-999,-999,-999,-999,-999,1,1,338,,0.0,1,636767,,,-999,-999,,-999,,1,2,3,1,2,3,14,8,2,7,6,3,9,5,1,11,13,12,4,10,2,1,1,1,1
339,n0l31szl,,0,0,23,,,,0,,,0.0,,e5y22b4i,,,,,0,1.0,0.0,SS_WS2526,339,,0.0,,,,-999,,,1,1,339,,0.0,,,,,,,,,,,,,,,0,-999,-999,1,1,339,,0.0,x,x,x,x,x,x,x,x,x,x,x,x,x,x,x,x,x,x,x,x,x,x,x,x,x,x,x,x,x,x,x,x,x,x,x,x,x,x,x,x,x,x,x,x,x,x,x,x,x,x,0,0,0,0,0,0,0,0,0,0,0,0,0,0,0,0,0,0,0,0,0,0,0,0,0,0,0,0,0,0,0,0,0,0,0,0,0,0,0,0,0,0,0,0,0,0,0,0,0,0,0,0,0,0,0,0,0,0,0,0,0,0,0,0,0,0,0,0,0,0,0,0,0,0,0,0,0,0,0,0,0,0,0,0,0,0,0,0,0,0,0,0,0,0,0,0,0,0,0,0,0,0,0,0,0,0,0,0,0,0,0,0,0,0,0,0,0,0,0,0,0,0,0,0,0,0,0,0,0,0,0,0,0,0,0,0,0,0,0,0,0,0,0,0,0,0,0,0,0,0,0,0,0,0,0,0,0,0,0,0,0,0,0,0,0,0,0,0,0,0,0,0,0,0,0,0,0,0,0,0,0,0,0,0,0,0,0,0,0,0,0,0,0,0,0,0,0,0,0,0,0,0,0,0,0,0,0,0,0,0,0,0,0,0,0,0,0,0,0,0,0,0,0,0,0,0,0,0,0,0,0,0,0,0,0,0,0,0,0,0,0,0,0,0,0,0,0,0,0,0,,,,,,,,,,,,,,,,,,,,,,,,,,,,,,,,,,,,,,,,,,,,,,,,,,,,,,,,,,,,,,,,,,,,,,,,,,,,,,,,,,,,,,,,,,,,,,,,,,,,,,-999,-999,-999,1,1,339,,0.0,,,,,,0,,,,,,,,,,,,,,,,,,,,,,,,,,,,,,,,,,,,,,,,,,,,,,,,,,,,,,,,,,,,,,,,-999,-999,-999,1,1,339,,0.0,,,,,,,,,,,,,,,,,,,,,,,,,,,,,,,,,,,,,,,,,,,,,,,,,,,,,,,,,,,,,,,,,,,,,,,,,,,,,,,,,,,,,,,,,,,,,,,,,,,,,,,,,,,,-999,1,1,339,,0.0,,0,0,0,0,0,0,0,0,,,,,,,,,0,0,0,0,0,0,0,0,0,0,0,0,0,0,0,0,0,0,0,0,0,0,0,0,0,0,0,0,0,0,0,0,0,0,0,0,0,0,0,0,0,0,0,0,0,,,,-999,-999,-999,-999,-999,-999,1,1,339,,0.0,1,348354,,,-999,-999,,-999,,3,1,1,2,3,1,11,12,14,10,1,2,9,7,6,4,13,8,5,3,1,1,1,1,1
340,n0q6zrm5,,0,0,23,,,,0,,,0.0,,e5y22b4i,,,,,0,1.0,0.0,SS_WS2526,340,,0.0,,,,-999,,,1,1,340,,0.0,,,,,,,,,,,,,,,0,-999,-999,1,1,340,,0.0,x,x,x,x,x,x,x,x,x,x,x,x,x,x,x,x,x,x,x,x,x,x,x,x,x,x,x,x,x,x,x,x,x,x,x,x,x,x,x,x,x,x,x,x,x,x,x,x,x,x,0,0,0,0,0,0,0,0,0,0,0,0,0,0,0,0,0,0,0,0,0,0,0,0,0,0,0,0,0,0,0,0,0,0,0,0,0,0,0,0,0,0,0,0,0,0,0,0,0,0,0,0,0,0,0,0,0,0,0,0,0,0,0,0,0,0,0,0,0,0,0,0,0,0,0,0,0,0,0,0,0,0,0,0,0,0,0,0,0,0,0,0,0,0,0,0,0,0,0,0,0,0,0,0,0,0,0,0,0,0,0,0,0,0,0,0,0,0,0,0,0,0,0,0,0,0,0,0,0,0,0,0,0,0,0,0,0,0,0,0,0,0,0,0,0,0,0,0,0,0,0,0,0,0,0,0,0,0,0,0,0,0,0,0,0,0,0,0,0,0,0,0,0,0,0,0,0,0,0,0,0,0,0,0,0,0,0,0,0,0,0,0,0,0,0,0,0,0,0,0,0,0,0,0,0,0,0,0,0,0,0,0,0,0,0,0,0,0,0,0,0,0,0,0,0,0,0,0,0,0,0,0,0,0,0,0,0,0,0,0,0,0,0,0,0,0,0,0,0,0,,,,,,,,,,,,,,,,,,,,,,,,,,,,,,,,,,,,,,,,,,,,,,,,,,,,,,,,,,,,,,,,,,,,,,,,,,,,,,,,,,,,,,,,,,,,,,,,,,,,,,-999,-999,-999,1,1,340,,0.0,,,,,,0,,,,,,,,,,,,,,,,,,,,,,,,,,,,,,,,,,,,,,,,,,,,,,,,,,,,,,,,,,,,,,,,-999,-999,-999,1,1,340,,0.0,,,,,,,,,,,,,,,,,,,,,,,,,,,,,,,,,,,,,,,,,,,,,,,,,,,,,,,,,,,,,,,,,,,,,,,,,,,,,,,,,,,,,,,,,,,,,,,,,,,,,,,,,,,,-999,1,1,340,,0.0,,0,0,0,0,0,0,0,0,,,,,,,,,0,0,0,0,0,0,0,0,0,0,0,0,0,0,0,0,0,0,0,0,0,0,0,0,0,0,0,0,0,0,0,0,0,0,0,0,0,0,0,0,0,0,0,0,0,,,,-999,-999,-999,-999,-999,-999,1,1,340,,0.0,1,756078,,,-999,-999,,-999,,2,3,1,2,3,2,2,14,1,9,3,13,10,5,4,7,12,6,11,8,2,2,2,1,1
341,54ge3qi7,,0,0,23,,,,0,,,0.0,,e5y22b4i,,,,,0,1.0,0.0,SS_WS2526,341,,0.0,,,,-999,,,1,1,341,,0.0,,,,,,,,,,,,,,,0,-999,-999,1,1,341,,0.0,x,x,x,x,x,x,x,x,x,x,x,x,x,x,x,x,x,x,x,x,x,x,x,x,x,x,x,x,x,x,x,x,x,x,x,x,x,x,x,x,x,x,x,x,x,x,x,x,x,x,0,0,0,0,0,0,0,0,0,0,0,0,0,0,0,0,0,0,0,0,0,0,0,0,0,0,0,0,0,0,0,0,0,0,0,0,0,0,0,0,0,0,0,0,0,0,0,0,0,0,0,0,0,0,0,0,0,0,0,0,0,0,0,0,0,0,0,0,0,0,0,0,0,0,0,0,0,0,0,0,0,0,0,0,0,0,0,0,0,0,0,0,0,0,0,0,0,0,0,0,0,0,0,0,0,0,0,0,0,0,0,0,0,0,0,0,0,0,0,0,0,0,0,0,0,0,0,0,0,0,0,0,0,0,0,0,0,0,0,0,0,0,0,0,0,0,0,0,0,0,0,0,0,0,0,0,0,0,0,0,0,0,0,0,0,0,0,0,0,0,0,0,0,0,0,0,0,0,0,0,0,0,0,0,0,0,0,0,0,0,0,0,0,0,0,0,0,0,0,0,0,0,0,0,0,0,0,0,0,0,0,0,0,0,0,0,0,0,0,0,0,0,0,0,0,0,0,0,0,0,0,0,0,0,0,0,0,0,0,0,0,0,0,0,0,0,0,0,0,0,,,,,,,,,,,,,,,,,,,,,,,,,,,,,,,,,,,,,,,,,,,,,,,,,,,,,,,,,,,,,,,,,,,,,,,,,,,,,,,,,,,,,,,,,,,,,,,,,,,,,,-999,-999,-999,1,1,341,,0.0,,,,,,0,,,,,,,,,,,,,,,,,,,,,,,,,,,,,,,,,,,,,,,,,,,,,,,,,,,,,,,,,,,,,,,,-999,-999,-999,1,1,341,,0.0,,,,,,,,,,,,,,,,,,,,,,,,,,,,,,,,,,,,,,,,,,,,,,,,,,,,,,,,,,,,,,,,,,,,,,,,,,,,,,,,,,,,,,,,,,,,,,,,,,,,,,,,,,,,-999,1,1,341,,0.0,,0,0,0,0,0,0,0,0,,,,,,,,,0,0,0,0,0,0,0,0,0,0,0,0,0,0,0,0,0,0,0,0,0,0,0,0,0,0,0,0,0,0,0,0,0,0,0,0,0,0,0,0,0,0,0,0,0,,,,-999,-999,-999,-999,-999,-999,1,1,341,,0.0,2,337603,,,-999,-999,,-999,-999,1,2,3,1,3,2,10,8,5,14,6,13,9,2,11,7,1,3,12,4,1,1,2,1,1
342,ezkywk2j,,0,0,23,,,,0,,,0.0,,e5y22b4i,,,,,0,1.0,0.0,SS_WS2526,342,,0.0,,,,-999,,,1,1,342,,0.0,,,,,,,,,,,,,,,0,-999,-999,1,1,342,,0.0,x,x,x,x,x,x,x,x,x,x,x,x,x,x,x,x,x,x,x,x,x,x,x,x,x,x,x,x,x,x,x,x,x,x,x,x,x,x,x,x,x,x,x,x,x,x,x,x,x,x,0,0,0,0,0,0,0,0,0,0,0,0,0,0,0,0,0,0,0,0,0,0,0,0,0,0,0,0,0,0,0,0,0,0,0,0,0,0,0,0,0,0,0,0,0,0,0,0,0,0,0,0,0,0,0,0,0,0,0,0,0,0,0,0,0,0,0,0,0,0,0,0,0,0,0,0,0,0,0,0,0,0,0,0,0,0,0,0,0,0,0,0,0,0,0,0,0,0,0,0,0,0,0,0,0,0,0,0,0,0,0,0,0,0,0,0,0,0,0,0,0,0,0,0,0,0,0,0,0,0,0,0,0,0,0,0,0,0,0,0,0,0,0,0,0,0,0,0,0,0,0,0,0,0,0,0,0,0,0,0,0,0,0,0,0,0,0,0,0,0,0,0,0,0,0,0,0,0,0,0,0,0,0,0,0,0,0,0,0,0,0,0,0,0,0,0,0,0,0,0,0,0,0,0,0,0,0,0,0,0,0,0,0,0,0,0,0,0,0,0,0,0,0,0,0,0,0,0,0,0,0,0,0,0,0,0,0,0,0,0,0,0,0,0,0,0,0,0,0,0,,,,,,,,,,,,,,,,,,,,,,,,,,,,,,,,,,,,,,,,,,,,,,,,,,,,,,,,,,,,,,,,,,,,,,,,,,,,,,,,,,,,,,,,,,,,,,,,,,,,,,-999,-999,-999,1,1,342,,0.0,,,,,,0,,,,,,,,,,,,,,,,,,,,,,,,,,,,,,,,,,,,,,,,,,,,,,,,,,,,,,,,,,,,,,,,-999,-999,-999,1,1,342,,0.0,,,,,,,,,,,,,,,,,,,,,,,,,,,,,,,,,,,,,,,,,,,,,,,,,,,,,,,,,,,,,,,,,,,,,,,,,,,,,,,,,,,,,,,,,,,,,,,,,,,,,,,,,,,,-999,1,1,342,,0.0,,0,0,0,0,0,0,0,0,,,,,,,,,0,0,0,0,0,0,0,0,0,0,0,0,0,0,0,0,0,0,0,0,0,0,0,0,0,0,0,0,0,0,0,0,0,0,0,0,0,0,0,0,0,0,0,0,0,,,,-999,-999,-999,-999,-999,-999,1,1,342,,0.0,1,642591,,,-999,-999,,-999,,1,2,3,1,3,1,12,3,4,7,6,14,9,13,8,2,1,11,10,5,1,1,2,1,1
343,2lf51vdq,,0,0,23,,,,0,,,0.0,,e5y22b4i,,,,,0,1.0,0.0,SS_WS2526,343,,0.0,,,,-999,,,1,1,343,,0.0,,,,,,,,,,,,,,,0,-999,-999,1,1,343,,0.0,x,x,x,x,x,x,x,x,x,x,x,x,x,x,x,x,x,x,x,x,x,x,x,x,x,x,x,x,x,x,x,x,x,x,x,x,x,x,x,x,x,x,x,x,x,x,x,x,x,x,0,0,0,0,0,0,0,0,0,0,0,0,0,0,0,0,0,0,0,0,0,0,0,0,0,0,0,0,0,0,0,0,0,0,0,0,0,0,0,0,0,0,0,0,0,0,0,0,0,0,0,0,0,0,0,0,0,0,0,0,0,0,0,0,0,0,0,0,0,0,0,0,0,0,0,0,0,0,0,0,0,0,0,0,0,0,0,0,0,0,0,0,0,0,0,0,0,0,0,0,0,0,0,0,0,0,0,0,0,0,0,0,0,0,0,0,0,0,0,0,0,0,0,0,0,0,0,0,0,0,0,0,0,0,0,0,0,0,0,0,0,0,0,0,0,0,0,0,0,0,0,0,0,0,0,0,0,0,0,0,0,0,0,0,0,0,0,0,0,0,0,0,0,0,0,0,0,0,0,0,0,0,0,0,0,0,0,0,0,0,0,0,0,0,0,0,0,0,0,0,0,0,0,0,0,0,0,0,0,0,0,0,0,0,0,0,0,0,0,0,0,0,0,0,0,0,0,0,0,0,0,0,0,0,0,0,0,0,0,0,0,0,0,0,0,0,0,0,0,0,,,,,,,,,,,,,,,,,,,,,,,,,,,,,,,,,,,,,,,,,,,,,,,,,,,,,,,,,,,,,,,,,,,,,,,,,,,,,,,,,,,,,,,,,,,,,,,,,,,,,,-999,-999,-999,1,1,343,,0.0,,,,,,0,,,,,,,,,,,,,,,,,,,,,,,,,,,,,,,,,,,,,,,,,,,,,,,,,,,,,,,,,,,,,,,,-999,-999,-999,1,1,343,,0.0,,,,,,,,,,,,,,,,,,,,,,,,,,,,,,,,,,,,,,,,,,,,,,,,,,,,,,,,,,,,,,,,,,,,,,,,,,,,,,,,,,,,,,,,,,,,,,,,,,,,,,,,,,,,-999,1,1,343,,0.0,,0,0,0,0,0,0,0,0,,,,,,,,,0,0,0,0,0,0,0,0,0,0,0,0,0,0,0,0,0,0,0,0,0,0,0,0,0,0,0,0,0,0,0,0,0,0,0,0,0,0,0,0,0,0,0,0,0,,,,-999,-999,-999,-999,-999,-999,1,1,343,,0.0,0,989022,,,-999,-999,,-999,-999,2,3,3,1,1,3,2,6,8,10,5,13,11,9,4,14,7,1,12,3,1,2,1,1,1
344,yhtykh3p,,0,0,23,,,,0,,,0.0,,e5y22b4i,,,,,0,1.0,0.0,SS_WS2526,344,,0.0,,,,-999,,,1,1,344,,0.0,,,,,,,,,,,,,,,0,-999,-999,1,1,344,,0.0,x,x,x,x,x,x,x,x,x,x,x,x,x,x,x,x,x,x,x,x,x,x,x,x,x,x,x,x,x,x,x,x,x,x,x,x,x,x,x,x,x,x,x,x,x,x,x,x,x,x,0,0,0,0,0,0,0,0,0,0,0,0,0,0,0,0,0,0,0,0,0,0,0,0,0,0,0,0,0,0,0,0,0,0,0,0,0,0,0,0,0,0,0,0,0,0,0,0,0,0,0,0,0,0,0,0,0,0,0,0,0,0,0,0,0,0,0,0,0,0,0,0,0,0,0,0,0,0,0,0,0,0,0,0,0,0,0,0,0,0,0,0,0,0,0,0,0,0,0,0,0,0,0,0,0,0,0,0,0,0,0,0,0,0,0,0,0,0,0,0,0,0,0,0,0,0,0,0,0,0,0,0,0,0,0,0,0,0,0,0,0,0,0,0,0,0,0,0,0,0,0,0,0,0,0,0,0,0,0,0,0,0,0,0,0,0,0,0,0,0,0,0,0,0,0,0,0,0,0,0,0,0,0,0,0,0,0,0,0,0,0,0,0,0,0,0,0,0,0,0,0,0,0,0,0,0,0,0,0,0,0,0,0,0,0,0,0,0,0,0,0,0,0,0,0,0,0,0,0,0,0,0,0,0,0,0,0,0,0,0,0,0,0,0,0,0,0,0,0,0,,,,,,,,,,,,,,,,,,,,,,,,,,,,,,,,,,,,,,,,,,,,,,,,,,,,,,,,,,,,,,,,,,,,,,,,,,,,,,,,,,,,,,,,,,,,,,,,,,,,,,-999,-999,-999,1,1,344,,0.0,,,,,,0,,,,,,,,,,,,,,,,,,,,,,,,,,,,,,,,,,,,,,,,,,,,,,,,,,,,,,,,,,,,,,,,-999,-999,-999,1,1,344,,0.0,,,,,,,,,,,,,,,,,,,,,,,,,,,,,,,,,,,,,,,,,,,,,,,,,,,,,,,,,,,,,,,,,,,,,,,,,,,,,,,,,,,,,,,,,,,,,,,,,,,,,,,,,,,,-999,1,1,344,,0.0,,0,0,0,0,0,0,0,0,,,,,,,,,0,0,0,0,0,0,0,0,0,0,0,0,0,0,0,0,0,0,0,0,0,0,0,0,0,0,0,0,0,0,0,0,0,0,0,0,0,0,0,0,0,0,0,0,0,,,,-999,-999,-999,-999,-999,-999,1,1,344,,0.0,2,753591,,,-999,-999,,-999,-999,2,3,2,3,3,1,4,8,14,12,13,3,1,2,10,7,5,11,9,6,1,2,1,1,1
345,1bowlxtr,,0,0,23,,,,0,,,0.0,,e5y22b4i,,,,,0,1.0,0.0,SS_WS2526,345,,0.0,,,,-999,,,1,1,345,,0.0,,,,,,,,,,,,,,,0,-999,-999,1,1,345,,0.0,x,x,x,x,x,x,x,x,x,x,x,x,x,x,x,x,x,x,x,x,x,x,x,x,x,x,x,x,x,x,x,x,x,x,x,x,x,x,x,x,x,x,x,x,x,x,x,x,x,x,0,0,0,0,0,0,0,0,0,0,0,0,0,0,0,0,0,0,0,0,0,0,0,0,0,0,0,0,0,0,0,0,0,0,0,0,0,0,0,0,0,0,0,0,0,0,0,0,0,0,0,0,0,0,0,0,0,0,0,0,0,0,0,0,0,0,0,0,0,0,0,0,0,0,0,0,0,0,0,0,0,0,0,0,0,0,0,0,0,0,0,0,0,0,0,0,0,0,0,0,0,0,0,0,0,0,0,0,0,0,0,0,0,0,0,0,0,0,0,0,0,0,0,0,0,0,0,0,0,0,0,0,0,0,0,0,0,0,0,0,0,0,0,0,0,0,0,0,0,0,0,0,0,0,0,0,0,0,0,0,0,0,0,0,0,0,0,0,0,0,0,0,0,0,0,0,0,0,0,0,0,0,0,0,0,0,0,0,0,0,0,0,0,0,0,0,0,0,0,0,0,0,0,0,0,0,0,0,0,0,0,0,0,0,0,0,0,0,0,0,0,0,0,0,0,0,0,0,0,0,0,0,0,0,0,0,0,0,0,0,0,0,0,0,0,0,0,0,0,0,,,,,,,,,,,,,,,,,,,,,,,,,,,,,,,,,,,,,,,,,,,,,,,,,,,,,,,,,,,,,,,,,,,,,,,,,,,,,,,,,,,,,,,,,,,,,,,,,,,,,,-999,-999,-999,1,1,345,,0.0,,,,,,0,,,,,,,,,,,,,,,,,,,,,,,,,,,,,,,,,,,,,,,,,,,,,,,,,,,,,,,,,,,,,,,,-999,-999,-999,1,1,345,,0.0,,,,,,,,,,,,,,,,,,,,,,,,,,,,,,,,,,,,,,,,,,,,,,,,,,,,,,,,,,,,,,,,,,,,,,,,,,,,,,,,,,,,,,,,,,,,,,,,,,,,,,,,,,,,-999,1,1,345,,0.0,,0,0,0,0,0,0,0,0,,,,,,,,,0,0,0,0,0,0,0,0,0,0,0,0,0,0,0,0,0,0,0,0,0,0,0,0,0,0,0,0,0,0,0,0,0,0,0,0,0,0,0,0,0,0,0,0,0,,,,-999,-999,-999,-999,-999,-999,1,1,345,,0.0,1,469598,,,-999,-999,,-999,,2,3,2,1,1,2,9,1,4,10,2,13,8,11,7,6,3,14,12,5,1,1,1,1,1
346,z2k8hvaj,,0,0,23,,,,0,,,0.0,,e5y22b4i,,,,,0,1.0,0.0,SS_WS2526,346,,0.0,,,,-999,,,1,1,346,,0.0,,,,,,,,,,,,,,,0,-999,-999,1,1,346,,0.0,x,x,x,x,x,x,x,x,x,x,x,x,x,x,x,x,x,x,x,x,x,x,x,x,x,x,x,x,x,x,x,x,x,x,x,x,x,x,x,x,x,x,x,x,x,x,x,x,x,x,0,0,0,0,0,0,0,0,0,0,0,0,0,0,0,0,0,0,0,0,0,0,0,0,0,0,0,0,0,0,0,0,0,0,0,0,0,0,0,0,0,0,0,0,0,0,0,0,0,0,0,0,0,0,0,0,0,0,0,0,0,0,0,0,0,0,0,0,0,0,0,0,0,0,0,0,0,0,0,0,0,0,0,0,0,0,0,0,0,0,0,0,0,0,0,0,0,0,0,0,0,0,0,0,0,0,0,0,0,0,0,0,0,0,0,0,0,0,0,0,0,0,0,0,0,0,0,0,0,0,0,0,0,0,0,0,0,0,0,0,0,0,0,0,0,0,0,0,0,0,0,0,0,0,0,0,0,0,0,0,0,0,0,0,0,0,0,0,0,0,0,0,0,0,0,0,0,0,0,0,0,0,0,0,0,0,0,0,0,0,0,0,0,0,0,0,0,0,0,0,0,0,0,0,0,0,0,0,0,0,0,0,0,0,0,0,0,0,0,0,0,0,0,0,0,0,0,0,0,0,0,0,0,0,0,0,0,0,0,0,0,0,0,0,0,0,0,0,0,0,,,,,,,,,,,,,,,,,,,,,,,,,,,,,,,,,,,,,,,,,,,,,,,,,,,,,,,,,,,,,,,,,,,,,,,,,,,,,,,,,,,,,,,,,,,,,,,,,,,,,,-999,-999,-999,1,1,346,,0.0,,,,,,0,,,,,,,,,,,,,,,,,,,,,,,,,,,,,,,,,,,,,,,,,,,,,,,,,,,,,,,,,,,,,,,,-999,-999,-999,1,1,346,,0.0,,,,,,,,,,,,,,,,,,,,,,,,,,,,,,,,,,,,,,,,,,,,,,,,,,,,,,,,,,,,,,,,,,,,,,,,,,,,,,,,,,,,,,,,,,,,,,,,,,,,,,,,,,,,-999,1,1,346,,0.0,,0,0,0,0,0,0,0,0,,,,,,,,,0,0,0,0,0,0,0,0,0,0,0,0,0,0,0,0,0,0,0,0,0,0,0,0,0,0,0,0,0,0,0,0,0,0,0,0,0,0,0,0,0,0,0,0,0,,,,-999,-999,-999,-999,-999,-999,1,1,346,,0.0,2,166210,,,-999,-999,,-999,-999,3,1,3,2,3,1,5,6,7,2,9,8,14,10,12,1,11,4,3,13,2,2,1,1,1
347,9ffsi5yx,,0,0,23,,,,0,,,0.0,,e5y22b4i,,,,,0,1.0,0.0,SS_WS2526,347,,0.0,,,,-999,,,1,1,347,,0.0,,,,,,,,,,,,,,,0,-999,-999,1,1,347,,0.0,x,x,x,x,x,x,x,x,x,x,x,x,x,x,x,x,x,x,x,x,x,x,x,x,x,x,x,x,x,x,x,x,x,x,x,x,x,x,x,x,x,x,x,x,x,x,x,x,x,x,0,0,0,0,0,0,0,0,0,0,0,0,0,0,0,0,0,0,0,0,0,0,0,0,0,0,0,0,0,0,0,0,0,0,0,0,0,0,0,0,0,0,0,0,0,0,0,0,0,0,0,0,0,0,0,0,0,0,0,0,0,0,0,0,0,0,0,0,0,0,0,0,0,0,0,0,0,0,0,0,0,0,0,0,0,0,0,0,0,0,0,0,0,0,0,0,0,0,0,0,0,0,0,0,0,0,0,0,0,0,0,0,0,0,0,0,0,0,0,0,0,0,0,0,0,0,0,0,0,0,0,0,0,0,0,0,0,0,0,0,0,0,0,0,0,0,0,0,0,0,0,0,0,0,0,0,0,0,0,0,0,0,0,0,0,0,0,0,0,0,0,0,0,0,0,0,0,0,0,0,0,0,0,0,0,0,0,0,0,0,0,0,0,0,0,0,0,0,0,0,0,0,0,0,0,0,0,0,0,0,0,0,0,0,0,0,0,0,0,0,0,0,0,0,0,0,0,0,0,0,0,0,0,0,0,0,0,0,0,0,0,0,0,0,0,0,0,0,0,0,,,,,,,,,,,,,,,,,,,,,,,,,,,,,,,,,,,,,,,,,,,,,,,,,,,,,,,,,,,,,,,,,,,,,,,,,,,,,,,,,,,,,,,,,,,,,,,,,,,,,,-999,-999,-999,1,1,347,,0.0,,,,,,0,,,,,,,,,,,,,,,,,,,,,,,,,,,,,,,,,,,,,,,,,,,,,,,,,,,,,,,,,,,,,,,,-999,-999,-999,1,1,347,,0.0,,,,,,,,,,,,,,,,,,,,,,,,,,,,,,,,,,,,,,,,,,,,,,,,,,,,,,,,,,,,,,,,,,,,,,,,,,,,,,,,,,,,,,,,,,,,,,,,,,,,,,,,,,,,-999,1,1,347,,0.0,,0,0,0,0,0,0,0,0,,,,,,,,,0,0,0,0,0,0,0,0,0,0,0,0,0,0,0,0,0,0,0,0,0,0,0,0,0,0,0,0,0,0,0,0,0,0,0,0,0,0,0,0,0,0,0,0,0,,,,-999,-999,-999,-999,-999,-999,1,1,347,,0.0,1,390045,,,-999,-999,,-999,,1,3,3,1,2,3,6,13,3,11,12,4,9,5,7,10,2,8,1,14,1,1,1,1,1
348,hox25dbu,,0,0,23,,,,0,,,0.0,,e5y22b4i,,,,,0,1.0,0.0,SS_WS2526,348,,0.0,,,,-999,,,1,1,348,,0.0,,,,,,,,,,,,,,,0,-999,-999,1,1,348,,0.0,x,x,x,x,x,x,x,x,x,x,x,x,x,x,x,x,x,x,x,x,x,x,x,x,x,x,x,x,x,x,x,x,x,x,x,x,x,x,x,x,x,x,x,x,x,x,x,x,x,x,0,0,0,0,0,0,0,0,0,0,0,0,0,0,0,0,0,0,0,0,0,0,0,0,0,0,0,0,0,0,0,0,0,0,0,0,0,0,0,0,0,0,0,0,0,0,0,0,0,0,0,0,0,0,0,0,0,0,0,0,0,0,0,0,0,0,0,0,0,0,0,0,0,0,0,0,0,0,0,0,0,0,0,0,0,0,0,0,0,0,0,0,0,0,0,0,0,0,0,0,0,0,0,0,0,0,0,0,0,0,0,0,0,0,0,0,0,0,0,0,0,0,0,0,0,0,0,0,0,0,0,0,0,0,0,0,0,0,0,0,0,0,0,0,0,0,0,0,0,0,0,0,0,0,0,0,0,0,0,0,0,0,0,0,0,0,0,0,0,0,0,0,0,0,0,0,0,0,0,0,0,0,0,0,0,0,0,0,0,0,0,0,0,0,0,0,0,0,0,0,0,0,0,0,0,0,0,0,0,0,0,0,0,0,0,0,0,0,0,0,0,0,0,0,0,0,0,0,0,0,0,0,0,0,0,0,0,0,0,0,0,0,0,0,0,0,0,0,0,0,,,,,,,,,,,,,,,,,,,,,,,,,,,,,,,,,,,,,,,,,,,,,,,,,,,,,,,,,,,,,,,,,,,,,,,,,,,,,,,,,,,,,,,,,,,,,,,,,,,,,,-999,-999,-999,1,1,348,,0.0,,,,,,0,,,,,,,,,,,,,,,,,,,,,,,,,,,,,,,,,,,,,,,,,,,,,,,,,,,,,,,,,,,,,,,,-999,-999,-999,1,1,348,,0.0,,,,,,,,,,,,,,,,,,,,,,,,,,,,,,,,,,,,,,,,,,,,,,,,,,,,,,,,,,,,,,,,,,,,,,,,,,,,,,,,,,,,,,,,,,,,,,,,,,,,,,,,,,,,-999,1,1,348,,0.0,,0,0,0,0,0,0,0,0,,,,,,,,,0,0,0,0,0,0,0,0,0,0,0,0,0,0,0,0,0,0,0,0,0,0,0,0,0,0,0,0,0,0,0,0,0,0,0,0,0,0,0,0,0,0,0,0,0,,,,-999,-999,-999,-999,-999,-999,1,1,348,,0.0,2,589444,,,-999,-999,,-999,-999,1,2,3,2,1,2,12,10,14,9,13,3,2,7,5,1,6,4,11,8,2,1,1,1,1
349,hk0jpkg6,,0,0,23,,,,0,,,0.0,,e5y22b4i,,,,,0,1.0,0.0,SS_WS2526,349,,0.0,,,,-999,,,1,1,349,,0.0,,,,,,,,,,,,,,,0,-999,-999,1,1,349,,0.0,x,x,x,x,x,x,x,x,x,x,x,x,x,x,x,x,x,x,x,x,x,x,x,x,x,x,x,x,x,x,x,x,x,x,x,x,x,x,x,x,x,x,x,x,x,x,x,x,x,x,0,0,0,0,0,0,0,0,0,0,0,0,0,0,0,0,0,0,0,0,0,0,0,0,0,0,0,0,0,0,0,0,0,0,0,0,0,0,0,0,0,0,0,0,0,0,0,0,0,0,0,0,0,0,0,0,0,0,0,0,0,0,0,0,0,0,0,0,0,0,0,0,0,0,0,0,0,0,0,0,0,0,0,0,0,0,0,0,0,0,0,0,0,0,0,0,0,0,0,0,0,0,0,0,0,0,0,0,0,0,0,0,0,0,0,0,0,0,0,0,0,0,0,0,0,0,0,0,0,0,0,0,0,0,0,0,0,0,0,0,0,0,0,0,0,0,0,0,0,0,0,0,0,0,0,0,0,0,0,0,0,0,0,0,0,0,0,0,0,0,0,0,0,0,0,0,0,0,0,0,0,0,0,0,0,0,0,0,0,0,0,0,0,0,0,0,0,0,0,0,0,0,0,0,0,0,0,0,0,0,0,0,0,0,0,0,0,0,0,0,0,0,0,0,0,0,0,0,0,0,0,0,0,0,0,0,0,0,0,0,0,0,0,0,0,0,0,0,0,0,,,,,,,,,,,,,,,,,,,,,,,,,,,,,,,,,,,,,,,,,,,,,,,,,,,,,,,,,,,,,,,,,,,,,,,,,,,,,,,,,,,,,,,,,,,,,,,,,,,,,,-999,-999,-999,1,1,349,,0.0,,,,,,0,,,,,,,,,,,,,,,,,,,,,,,,,,,,,,,,,,,,,,,,,,,,,,,,,,,,,,,,,,,,,,,,-999,-999,-999,1,1,349,,0.0,,,,,,,,,,,,,,,,,,,,,,,,,,,,,,,,,,,,,,,,,,,,,,,,,,,,,,,,,,,,,,,,,,,,,,,,,,,,,,,,,,,,,,,,,,,,,,,,,,,,,,,,,,,,-999,1,1,349,,0.0,,0,0,0,0,0,0,0,0,,,,,,,,,0,0,0,0,0,0,0,0,0,0,0,0,0,0,0,0,0,0,0,0,0,0,0,0,0,0,0,0,0,0,0,0,0,0,0,0,0,0,0,0,0,0,0,0,0,,,,-999,-999,-999,-999,-999,-999,1,1,349,,0.0,2,997716,,,-999,-999,,-999,-999,2,3,1,2,2,1,13,6,9,8,14,3,2,7,12,1,10,11,4,5,2,2,2,1,1
350,c00m40s8,,0,0,23,,,,0,,,0.0,,e5y22b4i,,,,,0,1.0,0.0,SS_WS2526,350,,0.0,,,,-999,,,1,1,350,,0.0,,,,,,,,,,,,,,,0,-999,-999,1,1,350,,0.0,x,x,x,x,x,x,x,x,x,x,x,x,x,x,x,x,x,x,x,x,x,x,x,x,x,x,x,x,x,x,x,x,x,x,x,x,x,x,x,x,x,x,x,x,x,x,x,x,x,x,0,0,0,0,0,0,0,0,0,0,0,0,0,0,0,0,0,0,0,0,0,0,0,0,0,0,0,0,0,0,0,0,0,0,0,0,0,0,0,0,0,0,0,0,0,0,0,0,0,0,0,0,0,0,0,0,0,0,0,0,0,0,0,0,0,0,0,0,0,0,0,0,0,0,0,0,0,0,0,0,0,0,0,0,0,0,0,0,0,0,0,0,0,0,0,0,0,0,0,0,0,0,0,0,0,0,0,0,0,0,0,0,0,0,0,0,0,0,0,0,0,0,0,0,0,0,0,0,0,0,0,0,0,0,0,0,0,0,0,0,0,0,0,0,0,0,0,0,0,0,0,0,0,0,0,0,0,0,0,0,0,0,0,0,0,0,0,0,0,0,0,0,0,0,0,0,0,0,0,0,0,0,0,0,0,0,0,0,0,0,0,0,0,0,0,0,0,0,0,0,0,0,0,0,0,0,0,0,0,0,0,0,0,0,0,0,0,0,0,0,0,0,0,0,0,0,0,0,0,0,0,0,0,0,0,0,0,0,0,0,0,0,0,0,0,0,0,0,0,0,,,,,,,,,,,,,,,,,,,,,,,,,,,,,,,,,,,,,,,,,,,,,,,,,,,,,,,,,,,,,,,,,,,,,,,,,,,,,,,,,,,,,,,,,,,,,,,,,,,,,,-999,-999,-999,1,1,350,,0.0,,,,,,0,,,,,,,,,,,,,,,,,,,,,,,,,,,,,,,,,,,,,,,,,,,,,,,,,,,,,,,,,,,,,,,,-999,-999,-999,1,1,350,,0.0,,,,,,,,,,,,,,,,,,,,,,,,,,,,,,,,,,,,,,,,,,,,,,,,,,,,,,,,,,,,,,,,,,,,,,,,,,,,,,,,,,,,,,,,,,,,,,,,,,,,,,,,,,,,-999,1,1,350,,0.0,,0,0,0,0,0,0,0,0,,,,,,,,,0,0,0,0,0,0,0,0,0,0,0,0,0,0,0,0,0,0,0,0,0,0,0,0,0,0,0,0,0,0,0,0,0,0,0,0,0,0,0,0,0,0,0,0,0,,,,-999,-999,-999,-999,-999,-999,1,1,350,,0.0,0,237656,,,-999,-999,,-999,-999,1,2,3,1,1,2,4,13,8,11,10,9,7,6,14,5,2,12,1,3,2,1,1,1,1
351,uqc4pvf2,,0,0,23,,,,0,,,0.0,,e5y22b4i,,,,,0,1.0,0.0,SS_WS2526,351,,0.0,,,,-999,,,1,1,351,,0.0,,,,,,,,,,,,,,,0,-999,-999,1,1,351,,0.0,x,x,x,x,x,x,x,x,x,x,x,x,x,x,x,x,x,x,x,x,x,x,x,x,x,x,x,x,x,x,x,x,x,x,x,x,x,x,x,x,x,x,x,x,x,x,x,x,x,x,0,0,0,0,0,0,0,0,0,0,0,0,0,0,0,0,0,0,0,0,0,0,0,0,0,0,0,0,0,0,0,0,0,0,0,0,0,0,0,0,0,0,0,0,0,0,0,0,0,0,0,0,0,0,0,0,0,0,0,0,0,0,0,0,0,0,0,0,0,0,0,0,0,0,0,0,0,0,0,0,0,0,0,0,0,0,0,0,0,0,0,0,0,0,0,0,0,0,0,0,0,0,0,0,0,0,0,0,0,0,0,0,0,0,0,0,0,0,0,0,0,0,0,0,0,0,0,0,0,0,0,0,0,0,0,0,0,0,0,0,0,0,0,0,0,0,0,0,0,0,0,0,0,0,0,0,0,0,0,0,0,0,0,0,0,0,0,0,0,0,0,0,0,0,0,0,0,0,0,0,0,0,0,0,0,0,0,0,0,0,0,0,0,0,0,0,0,0,0,0,0,0,0,0,0,0,0,0,0,0,0,0,0,0,0,0,0,0,0,0,0,0,0,0,0,0,0,0,0,0,0,0,0,0,0,0,0,0,0,0,0,0,0,0,0,0,0,0,0,0,,,,,,,,,,,,,,,,,,,,,,,,,,,,,,,,,,,,,,,,,,,,,,,,,,,,,,,,,,,,,,,,,,,,,,,,,,,,,,,,,,,,,,,,,,,,,,,,,,,,,,-999,-999,-999,1,1,351,,0.0,,,,,,0,,,,,,,,,,,,,,,,,,,,,,,,,,,,,,,,,,,,,,,,,,,,,,,,,,,,,,,,,,,,,,,,-999,-999,-999,1,1,351,,0.0,,,,,,,,,,,,,,,,,,,,,,,,,,,,,,,,,,,,,,,,,,,,,,,,,,,,,,,,,,,,,,,,,,,,,,,,,,,,,,,,,,,,,,,,,,,,,,,,,,,,,,,,,,,,-999,1,1,351,,0.0,,0,0,0,0,0,0,0,0,,,,,,,,,0,0,0,0,0,0,0,0,0,0,0,0,0,0,0,0,0,0,0,0,0,0,0,0,0,0,0,0,0,0,0,0,0,0,0,0,0,0,0,0,0,0,0,0,0,,,,-999,-999,-999,-999,-999,-999,1,1,351,,0.0,1,407835,,,-999,-999,,-999,,1,3,3,1,2,1,5,3,4,12,2,14,11,8,13,10,1,7,9,6,1,2,2,1,1
352,on80w7jv,,0,0,23,,,,0,,,0.0,,e5y22b4i,,,,,0,1.0,0.0,SS_WS2526,352,,0.0,,,,-999,,,1,1,352,,0.0,,,,,,,,,,,,,,,0,-999,-999,1,1,352,,0.0,x,x,x,x,x,x,x,x,x,x,x,x,x,x,x,x,x,x,x,x,x,x,x,x,x,x,x,x,x,x,x,x,x,x,x,x,x,x,x,x,x,x,x,x,x,x,x,x,x,x,0,0,0,0,0,0,0,0,0,0,0,0,0,0,0,0,0,0,0,0,0,0,0,0,0,0,0,0,0,0,0,0,0,0,0,0,0,0,0,0,0,0,0,0,0,0,0,0,0,0,0,0,0,0,0,0,0,0,0,0,0,0,0,0,0,0,0,0,0,0,0,0,0,0,0,0,0,0,0,0,0,0,0,0,0,0,0,0,0,0,0,0,0,0,0,0,0,0,0,0,0,0,0,0,0,0,0,0,0,0,0,0,0,0,0,0,0,0,0,0,0,0,0,0,0,0,0,0,0,0,0,0,0,0,0,0,0,0,0,0,0,0,0,0,0,0,0,0,0,0,0,0,0,0,0,0,0,0,0,0,0,0,0,0,0,0,0,0,0,0,0,0,0,0,0,0,0,0,0,0,0,0,0,0,0,0,0,0,0,0,0,0,0,0,0,0,0,0,0,0,0,0,0,0,0,0,0,0,0,0,0,0,0,0,0,0,0,0,0,0,0,0,0,0,0,0,0,0,0,0,0,0,0,0,0,0,0,0,0,0,0,0,0,0,0,0,0,0,0,0,,,,,,,,,,,,,,,,,,,,,,,,,,,,,,,,,,,,,,,,,,,,,,,,,,,,,,,,,,,,,,,,,,,,,,,,,,,,,,,,,,,,,,,,,,,,,,,,,,,,,,-999,-999,-999,1,1,352,,0.0,,,,,,0,,,,,,,,,,,,,,,,,,,,,,,,,,,,,,,,,,,,,,,,,,,,,,,,,,,,,,,,,,,,,,,,-999,-999,-999,1,1,352,,0.0,,,,,,,,,,,,,,,,,,,,,,,,,,,,,,,,,,,,,,,,,,,,,,,,,,,,,,,,,,,,,,,,,,,,,,,,,,,,,,,,,,,,,,,,,,,,,,,,,,,,,,,,,,,,-999,1,1,352,,0.0,,0,0,0,0,0,0,0,0,,,,,,,,,0,0,0,0,0,0,0,0,0,0,0,0,0,0,0,0,0,0,0,0,0,0,0,0,0,0,0,0,0,0,0,0,0,0,0,0,0,0,0,0,0,0,0,0,0,,,,-999,-999,-999,-999,-999,-999,1,1,352,,0.0,1,336117,,,-999,-999,,-999,,3,2,2,1,3,2,2,9,12,10,4,6,3,13,14,7,11,8,1,5,1,1,2,1,1
353,wnbqpti3,,0,0,23,,,,0,,,0.0,,e5y22b4i,,,,,0,1.0,0.0,SS_WS2526,353,,0.0,,,,-999,,,1,1,353,,0.0,,,,,,,,,,,,,,,0,-999,-999,1,1,353,,0.0,x,x,x,x,x,x,x,x,x,x,x,x,x,x,x,x,x,x,x,x,x,x,x,x,x,x,x,x,x,x,x,x,x,x,x,x,x,x,x,x,x,x,x,x,x,x,x,x,x,x,0,0,0,0,0,0,0,0,0,0,0,0,0,0,0,0,0,0,0,0,0,0,0,0,0,0,0,0,0,0,0,0,0,0,0,0,0,0,0,0,0,0,0,0,0,0,0,0,0,0,0,0,0,0,0,0,0,0,0,0,0,0,0,0,0,0,0,0,0,0,0,0,0,0,0,0,0,0,0,0,0,0,0,0,0,0,0,0,0,0,0,0,0,0,0,0,0,0,0,0,0,0,0,0,0,0,0,0,0,0,0,0,0,0,0,0,0,0,0,0,0,0,0,0,0,0,0,0,0,0,0,0,0,0,0,0,0,0,0,0,0,0,0,0,0,0,0,0,0,0,0,0,0,0,0,0,0,0,0,0,0,0,0,0,0,0,0,0,0,0,0,0,0,0,0,0,0,0,0,0,0,0,0,0,0,0,0,0,0,0,0,0,0,0,0,0,0,0,0,0,0,0,0,0,0,0,0,0,0,0,0,0,0,0,0,0,0,0,0,0,0,0,0,0,0,0,0,0,0,0,0,0,0,0,0,0,0,0,0,0,0,0,0,0,0,0,0,0,0,0,,,,,,,,,,,,,,,,,,,,,,,,,,,,,,,,,,,,,,,,,,,,,,,,,,,,,,,,,,,,,,,,,,,,,,,,,,,,,,,,,,,,,,,,,,,,,,,,,,,,,,-999,-999,-999,1,1,353,,0.0,,,,,,0,,,,,,,,,,,,,,,,,,,,,,,,,,,,,,,,,,,,,,,,,,,,,,,,,,,,,,,,,,,,,,,,-999,-999,-999,1,1,353,,0.0,,,,,,,,,,,,,,,,,,,,,,,,,,,,,,,,,,,,,,,,,,,,,,,,,,,,,,,,,,,,,,,,,,,,,,,,,,,,,,,,,,,,,,,,,,,,,,,,,,,,,,,,,,,,-999,1,1,353,,0.0,,0,0,0,0,0,0,0,0,,,,,,,,,0,0,0,0,0,0,0,0,0,0,0,0,0,0,0,0,0,0,0,0,0,0,0,0,0,0,0,0,0,0,0,0,0,0,0,0,0,0,0,0,0,0,0,0,0,,,,-999,-999,-999,-999,-999,-999,1,1,353,,0.0,0,272488,,,-999,-999,,-999,-999,3,1,1,2,3,1,14,8,6,9,10,11,3,1,2,7,13,12,5,4,1,1,1,1,1
354,ss2d3r2l,,0,0,23,,,,0,,,0.0,,e5y22b4i,,,,,0,1.0,0.0,SS_WS2526,354,,0.0,,,,-999,,,1,1,354,,0.0,,,,,,,,,,,,,,,0,-999,-999,1,1,354,,0.0,x,x,x,x,x,x,x,x,x,x,x,x,x,x,x,x,x,x,x,x,x,x,x,x,x,x,x,x,x,x,x,x,x,x,x,x,x,x,x,x,x,x,x,x,x,x,x,x,x,x,0,0,0,0,0,0,0,0,0,0,0,0,0,0,0,0,0,0,0,0,0,0,0,0,0,0,0,0,0,0,0,0,0,0,0,0,0,0,0,0,0,0,0,0,0,0,0,0,0,0,0,0,0,0,0,0,0,0,0,0,0,0,0,0,0,0,0,0,0,0,0,0,0,0,0,0,0,0,0,0,0,0,0,0,0,0,0,0,0,0,0,0,0,0,0,0,0,0,0,0,0,0,0,0,0,0,0,0,0,0,0,0,0,0,0,0,0,0,0,0,0,0,0,0,0,0,0,0,0,0,0,0,0,0,0,0,0,0,0,0,0,0,0,0,0,0,0,0,0,0,0,0,0,0,0,0,0,0,0,0,0,0,0,0,0,0,0,0,0,0,0,0,0,0,0,0,0,0,0,0,0,0,0,0,0,0,0,0,0,0,0,0,0,0,0,0,0,0,0,0,0,0,0,0,0,0,0,0,0,0,0,0,0,0,0,0,0,0,0,0,0,0,0,0,0,0,0,0,0,0,0,0,0,0,0,0,0,0,0,0,0,0,0,0,0,0,0,0,0,0,,,,,,,,,,,,,,,,,,,,,,,,,,,,,,,,,,,,,,,,,,,,,,,,,,,,,,,,,,,,,,,,,,,,,,,,,,,,,,,,,,,,,,,,,,,,,,,,,,,,,,-999,-999,-999,1,1,354,,0.0,,,,,,0,,,,,,,,,,,,,,,,,,,,,,,,,,,,,,,,,,,,,,,,,,,,,,,,,,,,,,,,,,,,,,,,-999,-999,-999,1,1,354,,0.0,,,,,,,,,,,,,,,,,,,,,,,,,,,,,,,,,,,,,,,,,,,,,,,,,,,,,,,,,,,,,,,,,,,,,,,,,,,,,,,,,,,,,,,,,,,,,,,,,,,,,,,,,,,,-999,1,1,354,,0.0,,0,0,0,0,0,0,0,0,,,,,,,,,0,0,0,0,0,0,0,0,0,0,0,0,0,0,0,0,0,0,0,0,0,0,0,0,0,0,0,0,0,0,0,0,0,0,0,0,0,0,0,0,0,0,0,0,0,,,,-999,-999,-999,-999,-999,-999,1,1,354,,0.0,1,440536,,,-999,-999,,-999,,3,2,2,3,3,1,10,14,11,2,13,7,12,6,1,9,8,4,5,3,2,1,1,1,1
355,5xytssbr,,0,0,23,,,,0,,,0.0,,e5y22b4i,,,,,0,1.0,0.0,SS_WS2526,355,,0.0,,,,-999,,,1,1,355,,0.0,,,,,,,,,,,,,,,0,-999,-999,1,1,355,,0.0,x,x,x,x,x,x,x,x,x,x,x,x,x,x,x,x,x,x,x,x,x,x,x,x,x,x,x,x,x,x,x,x,x,x,x,x,x,x,x,x,x,x,x,x,x,x,x,x,x,x,0,0,0,0,0,0,0,0,0,0,0,0,0,0,0,0,0,0,0,0,0,0,0,0,0,0,0,0,0,0,0,0,0,0,0,0,0,0,0,0,0,0,0,0,0,0,0,0,0,0,0,0,0,0,0,0,0,0,0,0,0,0,0,0,0,0,0,0,0,0,0,0,0,0,0,0,0,0,0,0,0,0,0,0,0,0,0,0,0,0,0,0,0,0,0,0,0,0,0,0,0,0,0,0,0,0,0,0,0,0,0,0,0,0,0,0,0,0,0,0,0,0,0,0,0,0,0,0,0,0,0,0,0,0,0,0,0,0,0,0,0,0,0,0,0,0,0,0,0,0,0,0,0,0,0,0,0,0,0,0,0,0,0,0,0,0,0,0,0,0,0,0,0,0,0,0,0,0,0,0,0,0,0,0,0,0,0,0,0,0,0,0,0,0,0,0,0,0,0,0,0,0,0,0,0,0,0,0,0,0,0,0,0,0,0,0,0,0,0,0,0,0,0,0,0,0,0,0,0,0,0,0,0,0,0,0,0,0,0,0,0,0,0,0,0,0,0,0,0,0,,,,,,,,,,,,,,,,,,,,,,,,,,,,,,,,,,,,,,,,,,,,,,,,,,,,,,,,,,,,,,,,,,,,,,,,,,,,,,,,,,,,,,,,,,,,,,,,,,,,,,-999,-999,-999,1,1,355,,0.0,,,,,,0,,,,,,,,,,,,,,,,,,,,,,,,,,,,,,,,,,,,,,,,,,,,,,,,,,,,,,,,,,,,,,,,-999,-999,-999,1,1,355,,0.0,,,,,,,,,,,,,,,,,,,,,,,,,,,,,,,,,,,,,,,,,,,,,,,,,,,,,,,,,,,,,,,,,,,,,,,,,,,,,,,,,,,,,,,,,,,,,,,,,,,,,,,,,,,,-999,1,1,355,,0.0,,0,0,0,0,0,0,0,0,,,,,,,,,0,0,0,0,0,0,0,0,0,0,0,0,0,0,0,0,0,0,0,0,0,0,0,0,0,0,0,0,0,0,0,0,0,0,0,0,0,0,0,0,0,0,0,0,0,,,,-999,-999,-999,-999,-999,-999,1,1,355,,0.0,2,858174,,,-999,-999,,-999,-999,1,2,2,3,3,1,4,12,11,5,13,6,7,14,3,8,2,10,9,1,2,2,2,1,1
356,yp2bmjwp,,0,0,23,,,,0,,,0.0,,e5y22b4i,,,,,0,1.0,0.0,SS_WS2526,356,,0.0,,,,-999,,,1,1,356,,0.0,,,,,,,,,,,,,,,0,-999,-999,1,1,356,,0.0,x,x,x,x,x,x,x,x,x,x,x,x,x,x,x,x,x,x,x,x,x,x,x,x,x,x,x,x,x,x,x,x,x,x,x,x,x,x,x,x,x,x,x,x,x,x,x,x,x,x,0,0,0,0,0,0,0,0,0,0,0,0,0,0,0,0,0,0,0,0,0,0,0,0,0,0,0,0,0,0,0,0,0,0,0,0,0,0,0,0,0,0,0,0,0,0,0,0,0,0,0,0,0,0,0,0,0,0,0,0,0,0,0,0,0,0,0,0,0,0,0,0,0,0,0,0,0,0,0,0,0,0,0,0,0,0,0,0,0,0,0,0,0,0,0,0,0,0,0,0,0,0,0,0,0,0,0,0,0,0,0,0,0,0,0,0,0,0,0,0,0,0,0,0,0,0,0,0,0,0,0,0,0,0,0,0,0,0,0,0,0,0,0,0,0,0,0,0,0,0,0,0,0,0,0,0,0,0,0,0,0,0,0,0,0,0,0,0,0,0,0,0,0,0,0,0,0,0,0,0,0,0,0,0,0,0,0,0,0,0,0,0,0,0,0,0,0,0,0,0,0,0,0,0,0,0,0,0,0,0,0,0,0,0,0,0,0,0,0,0,0,0,0,0,0,0,0,0,0,0,0,0,0,0,0,0,0,0,0,0,0,0,0,0,0,0,0,0,0,0,,,,,,,,,,,,,,,,,,,,,,,,,,,,,,,,,,,,,,,,,,,,,,,,,,,,,,,,,,,,,,,,,,,,,,,,,,,,,,,,,,,,,,,,,,,,,,,,,,,,,,-999,-999,-999,1,1,356,,0.0,,,,,,0,,,,,,,,,,,,,,,,,,,,,,,,,,,,,,,,,,,,,,,,,,,,,,,,,,,,,,,,,,,,,,,,-999,-999,-999,1,1,356,,0.0,,,,,,,,,,,,,,,,,,,,,,,,,,,,,,,,,,,,,,,,,,,,,,,,,,,,,,,,,,,,,,,,,,,,,,,,,,,,,,,,,,,,,,,,,,,,,,,,,,,,,,,,,,,,-999,1,1,356,,0.0,,0,0,0,0,0,0,0,0,,,,,,,,,0,0,0,0,0,0,0,0,0,0,0,0,0,0,0,0,0,0,0,0,0,0,0,0,0,0,0,0,0,0,0,0,0,0,0,0,0,0,0,0,0,0,0,0,0,,,,-999,-999,-999,-999,-999,-999,1,1,356,,0.0,1,728891,,,-999,-999,,-999,,1,3,3,1,1,2,9,8,5,14,11,4,1,10,7,6,2,13,12,3,1,1,2,1,1
357,sxi64nt9,,0,0,23,,,,0,,,0.0,,e5y22b4i,,,,,0,1.0,0.0,SS_WS2526,357,,0.0,,,,-999,,,1,1,357,,0.0,,,,,,,,,,,,,,,0,-999,-999,1,1,357,,0.0,x,x,x,x,x,x,x,x,x,x,x,x,x,x,x,x,x,x,x,x,x,x,x,x,x,x,x,x,x,x,x,x,x,x,x,x,x,x,x,x,x,x,x,x,x,x,x,x,x,x,0,0,0,0,0,0,0,0,0,0,0,0,0,0,0,0,0,0,0,0,0,0,0,0,0,0,0,0,0,0,0,0,0,0,0,0,0,0,0,0,0,0,0,0,0,0,0,0,0,0,0,0,0,0,0,0,0,0,0,0,0,0,0,0,0,0,0,0,0,0,0,0,0,0,0,0,0,0,0,0,0,0,0,0,0,0,0,0,0,0,0,0,0,0,0,0,0,0,0,0,0,0,0,0,0,0,0,0,0,0,0,0,0,0,0,0,0,0,0,0,0,0,0,0,0,0,0,0,0,0,0,0,0,0,0,0,0,0,0,0,0,0,0,0,0,0,0,0,0,0,0,0,0,0,0,0,0,0,0,0,0,0,0,0,0,0,0,0,0,0,0,0,0,0,0,0,0,0,0,0,0,0,0,0,0,0,0,0,0,0,0,0,0,0,0,0,0,0,0,0,0,0,0,0,0,0,0,0,0,0,0,0,0,0,0,0,0,0,0,0,0,0,0,0,0,0,0,0,0,0,0,0,0,0,0,0,0,0,0,0,0,0,0,0,0,0,0,0,0,0,,,,,,,,,,,,,,,,,,,,,,,,,,,,,,,,,,,,,,,,,,,,,,,,,,,,,,,,,,,,,,,,,,,,,,,,,,,,,,,,,,,,,,,,,,,,,,,,,,,,,,-999,-999,-999,1,1,357,,0.0,,,,,,0,,,,,,,,,,,,,,,,,,,,,,,,,,,,,,,,,,,,,,,,,,,,,,,,,,,,,,,,,,,,,,,,-999,-999,-999,1,1,357,,0.0,,,,,,,,,,,,,,,,,,,,,,,,,,,,,,,,,,,,,,,,,,,,,,,,,,,,,,,,,,,,,,,,,,,,,,,,,,,,,,,,,,,,,,,,,,,,,,,,,,,,,,,,,,,,-999,1,1,357,,0.0,,0,0,0,0,0,0,0,0,,,,,,,,,0,0,0,0,0,0,0,0,0,0,0,0,0,0,0,0,0,0,0,0,0,0,0,0,0,0,0,0,0,0,0,0,0,0,0,0,0,0,0,0,0,0,0,0,0,,,,-999,-999,-999,-999,-999,-999,1,1,357,,0.0,2,516210,,,-999,-999,,-999,-999,2,1,2,1,3,2,12,1,8,6,11,9,4,13,14,5,10,7,2,3,1,1,2,1,1
358,2342k7mg,,0,0,23,,,,0,,,0.0,,e5y22b4i,,,,,0,1.0,0.0,SS_WS2526,358,,0.0,,,,-999,,,1,1,358,,0.0,,,,,,,,,,,,,,,0,-999,-999,1,1,358,,0.0,x,x,x,x,x,x,x,x,x,x,x,x,x,x,x,x,x,x,x,x,x,x,x,x,x,x,x,x,x,x,x,x,x,x,x,x,x,x,x,x,x,x,x,x,x,x,x,x,x,x,0,0,0,0,0,0,0,0,0,0,0,0,0,0,0,0,0,0,0,0,0,0,0,0,0,0,0,0,0,0,0,0,0,0,0,0,0,0,0,0,0,0,0,0,0,0,0,0,0,0,0,0,0,0,0,0,0,0,0,0,0,0,0,0,0,0,0,0,0,0,0,0,0,0,0,0,0,0,0,0,0,0,0,0,0,0,0,0,0,0,0,0,0,0,0,0,0,0,0,0,0,0,0,0,0,0,0,0,0,0,0,0,0,0,0,0,0,0,0,0,0,0,0,0,0,0,0,0,0,0,0,0,0,0,0,0,0,0,0,0,0,0,0,0,0,0,0,0,0,0,0,0,0,0,0,0,0,0,0,0,0,0,0,0,0,0,0,0,0,0,0,0,0,0,0,0,0,0,0,0,0,0,0,0,0,0,0,0,0,0,0,0,0,0,0,0,0,0,0,0,0,0,0,0,0,0,0,0,0,0,0,0,0,0,0,0,0,0,0,0,0,0,0,0,0,0,0,0,0,0,0,0,0,0,0,0,0,0,0,0,0,0,0,0,0,0,0,0,0,0,,,,,,,,,,,,,,,,,,,,,,,,,,,,,,,,,,,,,,,,,,,,,,,,,,,,,,,,,,,,,,,,,,,,,,,,,,,,,,,,,,,,,,,,,,,,,,,,,,,,,,-999,-999,-999,1,1,358,,0.0,,,,,,0,,,,,,,,,,,,,,,,,,,,,,,,,,,,,,,,,,,,,,,,,,,,,,,,,,,,,,,,,,,,,,,,-999,-999,-999,1,1,358,,0.0,,,,,,,,,,,,,,,,,,,,,,,,,,,,,,,,,,,,,,,,,,,,,,,,,,,,,,,,,,,,,,,,,,,,,,,,,,,,,,,,,,,,,,,,,,,,,,,,,,,,,,,,,,,,-999,1,1,358,,0.0,,0,0,0,0,0,0,0,0,,,,,,,,,0,0,0,0,0,0,0,0,0,0,0,0,0,0,0,0,0,0,0,0,0,0,0,0,0,0,0,0,0,0,0,0,0,0,0,0,0,0,0,0,0,0,0,0,0,,,,-999,-999,-999,-999,-999,-999,1,1,358,,0.0,1,861110,,,-999,-999,,-999,,1,3,1,3,1,2,10,1,11,4,6,3,8,9,2,14,7,12,13,5,1,2,2,1,1
359,szeo4auu,,0,0,23,,,,0,,,0.0,,e5y22b4i,,,,,0,1.0,0.0,SS_WS2526,359,,0.0,,,,-999,,,1,1,359,,0.0,,,,,,,,,,,,,,,0,-999,-999,1,1,359,,0.0,x,x,x,x,x,x,x,x,x,x,x,x,x,x,x,x,x,x,x,x,x,x,x,x,x,x,x,x,x,x,x,x,x,x,x,x,x,x,x,x,x,x,x,x,x,x,x,x,x,x,0,0,0,0,0,0,0,0,0,0,0,0,0,0,0,0,0,0,0,0,0,0,0,0,0,0,0,0,0,0,0,0,0,0,0,0,0,0,0,0,0,0,0,0,0,0,0,0,0,0,0,0,0,0,0,0,0,0,0,0,0,0,0,0,0,0,0,0,0,0,0,0,0,0,0,0,0,0,0,0,0,0,0,0,0,0,0,0,0,0,0,0,0,0,0,0,0,0,0,0,0,0,0,0,0,0,0,0,0,0,0,0,0,0,0,0,0,0,0,0,0,0,0,0,0,0,0,0,0,0,0,0,0,0,0,0,0,0,0,0,0,0,0,0,0,0,0,0,0,0,0,0,0,0,0,0,0,0,0,0,0,0,0,0,0,0,0,0,0,0,0,0,0,0,0,0,0,0,0,0,0,0,0,0,0,0,0,0,0,0,0,0,0,0,0,0,0,0,0,0,0,0,0,0,0,0,0,0,0,0,0,0,0,0,0,0,0,0,0,0,0,0,0,0,0,0,0,0,0,0,0,0,0,0,0,0,0,0,0,0,0,0,0,0,0,0,0,0,0,0,,,,,,,,,,,,,,,,,,,,,,,,,,,,,,,,,,,,,,,,,,,,,,,,,,,,,,,,,,,,,,,,,,,,,,,,,,,,,,,,,,,,,,,,,,,,,,,,,,,,,,-999,-999,-999,1,1,359,,0.0,,,,,,0,,,,,,,,,,,,,,,,,,,,,,,,,,,,,,,,,,,,,,,,,,,,,,,,,,,,,,,,,,,,,,,,-999,-999,-999,1,1,359,,0.0,,,,,,,,,,,,,,,,,,,,,,,,,,,,,,,,,,,,,,,,,,,,,,,,,,,,,,,,,,,,,,,,,,,,,,,,,,,,,,,,,,,,,,,,,,,,,,,,,,,,,,,,,,,,-999,1,1,359,,0.0,,0,0,0,0,0,0,0,0,,,,,,,,,0,0,0,0,0,0,0,0,0,0,0,0,0,0,0,0,0,0,0,0,0,0,0,0,0,0,0,0,0,0,0,0,0,0,0,0,0,0,0,0,0,0,0,0,0,,,,-999,-999,-999,-999,-999,-999,1,1,359,,0.0,0,549668,,,-999,-999,,-999,-999,3,1,2,3,2,3,1,7,8,5,6,11,3,12,4,10,9,13,14,2,1,1,1,1,1
360,d5igujit,,0,0,23,,,,0,,,0.0,,e5y22b4i,,,,,0,1.0,0.0,SS_WS2526,360,,0.0,,,,-999,,,1,1,360,,0.0,,,,,,,,,,,,,,,0,-999,-999,1,1,360,,0.0,x,x,x,x,x,x,x,x,x,x,x,x,x,x,x,x,x,x,x,x,x,x,x,x,x,x,x,x,x,x,x,x,x,x,x,x,x,x,x,x,x,x,x,x,x,x,x,x,x,x,0,0,0,0,0,0,0,0,0,0,0,0,0,0,0,0,0,0,0,0,0,0,0,0,0,0,0,0,0,0,0,0,0,0,0,0,0,0,0,0,0,0,0,0,0,0,0,0,0,0,0,0,0,0,0,0,0,0,0,0,0,0,0,0,0,0,0,0,0,0,0,0,0,0,0,0,0,0,0,0,0,0,0,0,0,0,0,0,0,0,0,0,0,0,0,0,0,0,0,0,0,0,0,0,0,0,0,0,0,0,0,0,0,0,0,0,0,0,0,0,0,0,0,0,0,0,0,0,0,0,0,0,0,0,0,0,0,0,0,0,0,0,0,0,0,0,0,0,0,0,0,0,0,0,0,0,0,0,0,0,0,0,0,0,0,0,0,0,0,0,0,0,0,0,0,0,0,0,0,0,0,0,0,0,0,0,0,0,0,0,0,0,0,0,0,0,0,0,0,0,0,0,0,0,0,0,0,0,0,0,0,0,0,0,0,0,0,0,0,0,0,0,0,0,0,0,0,0,0,0,0,0,0,0,0,0,0,0,0,0,0,0,0,0,0,0,0,0,0,0,,,,,,,,,,,,,,,,,,,,,,,,,,,,,,,,,,,,,,,,,,,,,,,,,,,,,,,,,,,,,,,,,,,,,,,,,,,,,,,,,,,,,,,,,,,,,,,,,,,,,,-999,-999,-999,1,1,360,,0.0,,,,,,0,,,,,,,,,,,,,,,,,,,,,,,,,,,,,,,,,,,,,,,,,,,,,,,,,,,,,,,,,,,,,,,,-999,-999,-999,1,1,360,,0.0,,,,,,,,,,,,,,,,,,,,,,,,,,,,,,,,,,,,,,,,,,,,,,,,,,,,,,,,,,,,,,,,,,,,,,,,,,,,,,,,,,,,,,,,,,,,,,,,,,,,,,,,,,,,-999,1,1,360,,0.0,,0,0,0,0,0,0,0,0,,,,,,,,,0,0,0,0,0,0,0,0,0,0,0,0,0,0,0,0,0,0,0,0,0,0,0,0,0,0,0,0,0,0,0,0,0,0,0,0,0,0,0,0,0,0,0,0,0,,,,-999,-999,-999,-999,-999,-999,1,1,360,,0.0,2,671665,,,-999,-999,,-999,-999,1,3,1,2,3,2,3,12,7,13,6,5,10,14,9,8,2,1,11,4,1,1,1,1,1
361,dczl0uc8,,0,0,23,,,,0,,,0.0,,e5y22b4i,,,,,0,1.0,0.0,SS_WS2526,361,,0.0,,,,-999,,,1,1,361,,0.0,,,,,,,,,,,,,,,0,-999,-999,1,1,361,,0.0,x,x,x,x,x,x,x,x,x,x,x,x,x,x,x,x,x,x,x,x,x,x,x,x,x,x,x,x,x,x,x,x,x,x,x,x,x,x,x,x,x,x,x,x,x,x,x,x,x,x,0,0,0,0,0,0,0,0,0,0,0,0,0,0,0,0,0,0,0,0,0,0,0,0,0,0,0,0,0,0,0,0,0,0,0,0,0,0,0,0,0,0,0,0,0,0,0,0,0,0,0,0,0,0,0,0,0,0,0,0,0,0,0,0,0,0,0,0,0,0,0,0,0,0,0,0,0,0,0,0,0,0,0,0,0,0,0,0,0,0,0,0,0,0,0,0,0,0,0,0,0,0,0,0,0,0,0,0,0,0,0,0,0,0,0,0,0,0,0,0,0,0,0,0,0,0,0,0,0,0,0,0,0,0,0,0,0,0,0,0,0,0,0,0,0,0,0,0,0,0,0,0,0,0,0,0,0,0,0,0,0,0,0,0,0,0,0,0,0,0,0,0,0,0,0,0,0,0,0,0,0,0,0,0,0,0,0,0,0,0,0,0,0,0,0,0,0,0,0,0,0,0,0,0,0,0,0,0,0,0,0,0,0,0,0,0,0,0,0,0,0,0,0,0,0,0,0,0,0,0,0,0,0,0,0,0,0,0,0,0,0,0,0,0,0,0,0,0,0,0,,,,,,,,,,,,,,,,,,,,,,,,,,,,,,,,,,,,,,,,,,,,,,,,,,,,,,,,,,,,,,,,,,,,,,,,,,,,,,,,,,,,,,,,,,,,,,,,,,,,,,-999,-999,-999,1,1,361,,0.0,,,,,,0,,,,,,,,,,,,,,,,,,,,,,,,,,,,,,,,,,,,,,,,,,,,,,,,,,,,,,,,,,,,,,,,-999,-999,-999,1,1,361,,0.0,,,,,,,,,,,,,,,,,,,,,,,,,,,,,,,,,,,,,,,,,,,,,,,,,,,,,,,,,,,,,,,,,,,,,,,,,,,,,,,,,,,,,,,,,,,,,,,,,,,,,,,,,,,,-999,1,1,361,,0.0,,0,0,0,0,0,0,0,0,,,,,,,,,0,0,0,0,0,0,0,0,0,0,0,0,0,0,0,0,0,0,0,0,0,0,0,0,0,0,0,0,0,0,0,0,0,0,0,0,0,0,0,0,0,0,0,0,0,,,,-999,-999,-999,-999,-999,-999,1,1,361,,0.0,1,209395,,,-999,-999,,-999,,2,1,1,3,2,3,5,14,12,3,4,8,11,9,13,2,7,6,10,1,2,1,2,1,1
362,wkt4kjge,,0,0,23,,,,0,,,0.0,,e5y22b4i,,,,,0,1.0,0.0,SS_WS2526,362,,0.0,,,,-999,,,1,1,362,,0.0,,,,,,,,,,,,,,,0,-999,-999,1,1,362,,0.0,x,x,x,x,x,x,x,x,x,x,x,x,x,x,x,x,x,x,x,x,x,x,x,x,x,x,x,x,x,x,x,x,x,x,x,x,x,x,x,x,x,x,x,x,x,x,x,x,x,x,0,0,0,0,0,0,0,0,0,0,0,0,0,0,0,0,0,0,0,0,0,0,0,0,0,0,0,0,0,0,0,0,0,0,0,0,0,0,0,0,0,0,0,0,0,0,0,0,0,0,0,0,0,0,0,0,0,0,0,0,0,0,0,0,0,0,0,0,0,0,0,0,0,0,0,0,0,0,0,0,0,0,0,0,0,0,0,0,0,0,0,0,0,0,0,0,0,0,0,0,0,0,0,0,0,0,0,0,0,0,0,0,0,0,0,0,0,0,0,0,0,0,0,0,0,0,0,0,0,0,0,0,0,0,0,0,0,0,0,0,0,0,0,0,0,0,0,0,0,0,0,0,0,0,0,0,0,0,0,0,0,0,0,0,0,0,0,0,0,0,0,0,0,0,0,0,0,0,0,0,0,0,0,0,0,0,0,0,0,0,0,0,0,0,0,0,0,0,0,0,0,0,0,0,0,0,0,0,0,0,0,0,0,0,0,0,0,0,0,0,0,0,0,0,0,0,0,0,0,0,0,0,0,0,0,0,0,0,0,0,0,0,0,0,0,0,0,0,0,0,,,,,,,,,,,,,,,,,,,,,,,,,,,,,,,,,,,,,,,,,,,,,,,,,,,,,,,,,,,,,,,,,,,,,,,,,,,,,,,,,,,,,,,,,,,,,,,,,,,,,,-999,-999,-999,1,1,362,,0.0,,,,,,0,,,,,,,,,,,,,,,,,,,,,,,,,,,,,,,,,,,,,,,,,,,,,,,,,,,,,,,,,,,,,,,,-999,-999,-999,1,1,362,,0.0,,,,,,,,,,,,,,,,,,,,,,,,,,,,,,,,,,,,,,,,,,,,,,,,,,,,,,,,,,,,,,,,,,,,,,,,,,,,,,,,,,,,,,,,,,,,,,,,,,,,,,,,,,,,-999,1,1,362,,0.0,,0,0,0,0,0,0,0,0,,,,,,,,,0,0,0,0,0,0,0,0,0,0,0,0,0,0,0,0,0,0,0,0,0,0,0,0,0,0,0,0,0,0,0,0,0,0,0,0,0,0,0,0,0,0,0,0,0,,,,-999,-999,-999,-999,-999,-999,1,1,362,,0.0,2,150071,,,-999,-999,,-999,-999,1,3,3,2,1,3,5,1,10,12,14,7,11,2,6,9,3,8,4,13,1,2,2,1,1
363,ogelg8x8,,0,0,23,,,,0,,,0.0,,e5y22b4i,,,,,0,1.0,0.0,SS_WS2526,363,,0.0,,,,-999,,,1,1,363,,0.0,,,,,,,,,,,,,,,0,-999,-999,1,1,363,,0.0,x,x,x,x,x,x,x,x,x,x,x,x,x,x,x,x,x,x,x,x,x,x,x,x,x,x,x,x,x,x,x,x,x,x,x,x,x,x,x,x,x,x,x,x,x,x,x,x,x,x,0,0,0,0,0,0,0,0,0,0,0,0,0,0,0,0,0,0,0,0,0,0,0,0,0,0,0,0,0,0,0,0,0,0,0,0,0,0,0,0,0,0,0,0,0,0,0,0,0,0,0,0,0,0,0,0,0,0,0,0,0,0,0,0,0,0,0,0,0,0,0,0,0,0,0,0,0,0,0,0,0,0,0,0,0,0,0,0,0,0,0,0,0,0,0,0,0,0,0,0,0,0,0,0,0,0,0,0,0,0,0,0,0,0,0,0,0,0,0,0,0,0,0,0,0,0,0,0,0,0,0,0,0,0,0,0,0,0,0,0,0,0,0,0,0,0,0,0,0,0,0,0,0,0,0,0,0,0,0,0,0,0,0,0,0,0,0,0,0,0,0,0,0,0,0,0,0,0,0,0,0,0,0,0,0,0,0,0,0,0,0,0,0,0,0,0,0,0,0,0,0,0,0,0,0,0,0,0,0,0,0,0,0,0,0,0,0,0,0,0,0,0,0,0,0,0,0,0,0,0,0,0,0,0,0,0,0,0,0,0,0,0,0,0,0,0,0,0,0,0,,,,,,,,,,,,,,,,,,,,,,,,,,,,,,,,,,,,,,,,,,,,,,,,,,,,,,,,,,,,,,,,,,,,,,,,,,,,,,,,,,,,,,,,,,,,,,,,,,,,,,-999,-999,-999,1,1,363,,0.0,,,,,,0,,,,,,,,,,,,,,,,,,,,,,,,,,,,,,,,,,,,,,,,,,,,,,,,,,,,,,,,,,,,,,,,-999,-999,-999,1,1,363,,0.0,,,,,,,,,,,,,,,,,,,,,,,,,,,,,,,,,,,,,,,,,,,,,,,,,,,,,,,,,,,,,,,,,,,,,,,,,,,,,,,,,,,,,,,,,,,,,,,,,,,,,,,,,,,,-999,1,1,363,,0.0,,0,0,0,0,0,0,0,0,,,,,,,,,0,0,0,0,0,0,0,0,0,0,0,0,0,0,0,0,0,0,0,0,0,0,0,0,0,0,0,0,0,0,0,0,0,0,0,0,0,0,0,0,0,0,0,0,0,,,,-999,-999,-999,-999,-999,-999,1,1,363,,0.0,1,953346,,,-999,-999,,-999,,1,2,1,3,3,2,12,3,9,5,11,7,2,4,1,8,10,6,14,13,2,2,1,1,1
364,kkd0ruex,,0,0,23,,,,0,,,0.0,,e5y22b4i,,,,,0,1.0,0.0,SS_WS2526,364,,0.0,,,,-999,,,1,1,364,,0.0,,,,,,,,,,,,,,,0,-999,-999,1,1,364,,0.0,x,x,x,x,x,x,x,x,x,x,x,x,x,x,x,x,x,x,x,x,x,x,x,x,x,x,x,x,x,x,x,x,x,x,x,x,x,x,x,x,x,x,x,x,x,x,x,x,x,x,0,0,0,0,0,0,0,0,0,0,0,0,0,0,0,0,0,0,0,0,0,0,0,0,0,0,0,0,0,0,0,0,0,0,0,0,0,0,0,0,0,0,0,0,0,0,0,0,0,0,0,0,0,0,0,0,0,0,0,0,0,0,0,0,0,0,0,0,0,0,0,0,0,0,0,0,0,0,0,0,0,0,0,0,0,0,0,0,0,0,0,0,0,0,0,0,0,0,0,0,0,0,0,0,0,0,0,0,0,0,0,0,0,0,0,0,0,0,0,0,0,0,0,0,0,0,0,0,0,0,0,0,0,0,0,0,0,0,0,0,0,0,0,0,0,0,0,0,0,0,0,0,0,0,0,0,0,0,0,0,0,0,0,0,0,0,0,0,0,0,0,0,0,0,0,0,0,0,0,0,0,0,0,0,0,0,0,0,0,0,0,0,0,0,0,0,0,0,0,0,0,0,0,0,0,0,0,0,0,0,0,0,0,0,0,0,0,0,0,0,0,0,0,0,0,0,0,0,0,0,0,0,0,0,0,0,0,0,0,0,0,0,0,0,0,0,0,0,0,0,,,,,,,,,,,,,,,,,,,,,,,,,,,,,,,,,,,,,,,,,,,,,,,,,,,,,,,,,,,,,,,,,,,,,,,,,,,,,,,,,,,,,,,,,,,,,,,,,,,,,,-999,-999,-999,1,1,364,,0.0,,,,,,0,,,,,,,,,,,,,,,,,,,,,,,,,,,,,,,,,,,,,,,,,,,,,,,,,,,,,,,,,,,,,,,,-999,-999,-999,1,1,364,,0.0,,,,,,,,,,,,,,,,,,,,,,,,,,,,,,,,,,,,,,,,,,,,,,,,,,,,,,,,,,,,,,,,,,,,,,,,,,,,,,,,,,,,,,,,,,,,,,,,,,,,,,,,,,,,-999,1,1,364,,0.0,,0,0,0,0,0,0,0,0,,,,,,,,,0,0,0,0,0,0,0,0,0,0,0,0,0,0,0,0,0,0,0,0,0,0,0,0,0,0,0,0,0,0,0,0,0,0,0,0,0,0,0,0,0,0,0,0,0,,,,-999,-999,-999,-999,-999,-999,1,1,364,,0.0,2,362582,,,-999,-999,,-999,-999,1,2,3,1,3,1,7,9,2,12,14,8,5,13,1,6,3,4,10,11,1,2,2,1,1
365,lk3yc7b1,,0,0,23,,,,0,,,0.0,,e5y22b4i,,,,,0,1.0,0.0,SS_WS2526,365,,0.0,,,,-999,,,1,1,365,,0.0,,,,,,,,,,,,,,,0,-999,-999,1,1,365,,0.0,x,x,x,x,x,x,x,x,x,x,x,x,x,x,x,x,x,x,x,x,x,x,x,x,x,x,x,x,x,x,x,x,x,x,x,x,x,x,x,x,x,x,x,x,x,x,x,x,x,x,0,0,0,0,0,0,0,0,0,0,0,0,0,0,0,0,0,0,0,0,0,0,0,0,0,0,0,0,0,0,0,0,0,0,0,0,0,0,0,0,0,0,0,0,0,0,0,0,0,0,0,0,0,0,0,0,0,0,0,0,0,0,0,0,0,0,0,0,0,0,0,0,0,0,0,0,0,0,0,0,0,0,0,0,0,0,0,0,0,0,0,0,0,0,0,0,0,0,0,0,0,0,0,0,0,0,0,0,0,0,0,0,0,0,0,0,0,0,0,0,0,0,0,0,0,0,0,0,0,0,0,0,0,0,0,0,0,0,0,0,0,0,0,0,0,0,0,0,0,0,0,0,0,0,0,0,0,0,0,0,0,0,0,0,0,0,0,0,0,0,0,0,0,0,0,0,0,0,0,0,0,0,0,0,0,0,0,0,0,0,0,0,0,0,0,0,0,0,0,0,0,0,0,0,0,0,0,0,0,0,0,0,0,0,0,0,0,0,0,0,0,0,0,0,0,0,0,0,0,0,0,0,0,0,0,0,0,0,0,0,0,0,0,0,0,0,0,0,0,0,,,,,,,,,,,,,,,,,,,,,,,,,,,,,,,,,,,,,,,,,,,,,,,,,,,,,,,,,,,,,,,,,,,,,,,,,,,,,,,,,,,,,,,,,,,,,,,,,,,,,,-999,-999,-999,1,1,365,,0.0,,,,,,0,,,,,,,,,,,,,,,,,,,,,,,,,,,,,,,,,,,,,,,,,,,,,,,,,,,,,,,,,,,,,,,,-999,-999,-999,1,1,365,,0.0,,,,,,,,,,,,,,,,,,,,,,,,,,,,,,,,,,,,,,,,,,,,,,,,,,,,,,,,,,,,,,,,,,,,,,,,,,,,,,,,,,,,,,,,,,,,,,,,,,,,,,,,,,,,-999,1,1,365,,0.0,,0,0,0,0,0,0,0,0,,,,,,,,,0,0,0,0,0,0,0,0,0,0,0,0,0,0,0,0,0,0,0,0,0,0,0,0,0,0,0,0,0,0,0,0,0,0,0,0,0,0,0,0,0,0,0,0,0,,,,-999,-999,-999,-999,-999,-999,1,1,365,,0.0,2,141170,,,-999,-999,,-999,-999,1,2,2,3,2,3,13,10,11,7,8,9,3,1,4,5,6,2,12,14,1,1,1,1,1
366,wb52f1ic,,0,0,23,,,,0,,,0.0,,e5y22b4i,,,,,0,1.0,0.0,SS_WS2526,366,,0.0,,,,-999,,,1,1,366,,0.0,,,,,,,,,,,,,,,0,-999,-999,1,1,366,,0.0,x,x,x,x,x,x,x,x,x,x,x,x,x,x,x,x,x,x,x,x,x,x,x,x,x,x,x,x,x,x,x,x,x,x,x,x,x,x,x,x,x,x,x,x,x,x,x,x,x,x,0,0,0,0,0,0,0,0,0,0,0,0,0,0,0,0,0,0,0,0,0,0,0,0,0,0,0,0,0,0,0,0,0,0,0,0,0,0,0,0,0,0,0,0,0,0,0,0,0,0,0,0,0,0,0,0,0,0,0,0,0,0,0,0,0,0,0,0,0,0,0,0,0,0,0,0,0,0,0,0,0,0,0,0,0,0,0,0,0,0,0,0,0,0,0,0,0,0,0,0,0,0,0,0,0,0,0,0,0,0,0,0,0,0,0,0,0,0,0,0,0,0,0,0,0,0,0,0,0,0,0,0,0,0,0,0,0,0,0,0,0,0,0,0,0,0,0,0,0,0,0,0,0,0,0,0,0,0,0,0,0,0,0,0,0,0,0,0,0,0,0,0,0,0,0,0,0,0,0,0,0,0,0,0,0,0,0,0,0,0,0,0,0,0,0,0,0,0,0,0,0,0,0,0,0,0,0,0,0,0,0,0,0,0,0,0,0,0,0,0,0,0,0,0,0,0,0,0,0,0,0,0,0,0,0,0,0,0,0,0,0,0,0,0,0,0,0,0,0,0,,,,,,,,,,,,,,,,,,,,,,,,,,,,,,,,,,,,,,,,,,,,,,,,,,,,,,,,,,,,,,,,,,,,,,,,,,,,,,,,,,,,,,,,,,,,,,,,,,,,,,-999,-999,-999,1,1,366,,0.0,,,,,,0,,,,,,,,,,,,,,,,,,,,,,,,,,,,,,,,,,,,,,,,,,,,,,,,,,,,,,,,,,,,,,,,-999,-999,-999,1,1,366,,0.0,,,,,,,,,,,,,,,,,,,,,,,,,,,,,,,,,,,,,,,,,,,,,,,,,,,,,,,,,,,,,,,,,,,,,,,,,,,,,,,,,,,,,,,,,,,,,,,,,,,,,,,,,,,,-999,1,1,366,,0.0,,0,0,0,0,0,0,0,0,,,,,,,,,0,0,0,0,0,0,0,0,0,0,0,0,0,0,0,0,0,0,0,0,0,0,0,0,0,0,0,0,0,0,0,0,0,0,0,0,0,0,0,0,0,0,0,0,0,,,,-999,-999,-999,-999,-999,-999,1,1,366,,0.0,1,608036,,,-999,-999,,-999,,2,1,2,3,1,3,11,6,9,3,8,4,10,7,5,14,13,12,2,1,2,2,2,1,1
367,443g54d2,,0,0,23,,,,0,,,0.0,,e5y22b4i,,,,,0,1.0,0.0,SS_WS2526,367,,0.0,,,,-999,,,1,1,367,,0.0,,,,,,,,,,,,,,,0,-999,-999,1,1,367,,0.0,x,x,x,x,x,x,x,x,x,x,x,x,x,x,x,x,x,x,x,x,x,x,x,x,x,x,x,x,x,x,x,x,x,x,x,x,x,x,x,x,x,x,x,x,x,x,x,x,x,x,0,0,0,0,0,0,0,0,0,0,0,0,0,0,0,0,0,0,0,0,0,0,0,0,0,0,0,0,0,0,0,0,0,0,0,0,0,0,0,0,0,0,0,0,0,0,0,0,0,0,0,0,0,0,0,0,0,0,0,0,0,0,0,0,0,0,0,0,0,0,0,0,0,0,0,0,0,0,0,0,0,0,0,0,0,0,0,0,0,0,0,0,0,0,0,0,0,0,0,0,0,0,0,0,0,0,0,0,0,0,0,0,0,0,0,0,0,0,0,0,0,0,0,0,0,0,0,0,0,0,0,0,0,0,0,0,0,0,0,0,0,0,0,0,0,0,0,0,0,0,0,0,0,0,0,0,0,0,0,0,0,0,0,0,0,0,0,0,0,0,0,0,0,0,0,0,0,0,0,0,0,0,0,0,0,0,0,0,0,0,0,0,0,0,0,0,0,0,0,0,0,0,0,0,0,0,0,0,0,0,0,0,0,0,0,0,0,0,0,0,0,0,0,0,0,0,0,0,0,0,0,0,0,0,0,0,0,0,0,0,0,0,0,0,0,0,0,0,0,0,,,,,,,,,,,,,,,,,,,,,,,,,,,,,,,,,,,,,,,,,,,,,,,,,,,,,,,,,,,,,,,,,,,,,,,,,,,,,,,,,,,,,,,,,,,,,,,,,,,,,,-999,-999,-999,1,1,367,,0.0,,,,,,0,,,,,,,,,,,,,,,,,,,,,,,,,,,,,,,,,,,,,,,,,,,,,,,,,,,,,,,,,,,,,,,,-999,-999,-999,1,1,367,,0.0,,,,,,,,,,,,,,,,,,,,,,,,,,,,,,,,,,,,,,,,,,,,,,,,,,,,,,,,,,,,,,,,,,,,,,,,,,,,,,,,,,,,,,,,,,,,,,,,,,,,,,,,,,,,-999,1,1,367,,0.0,,0,0,0,0,0,0,0,0,,,,,,,,,0,0,0,0,0,0,0,0,0,0,0,0,0,0,0,0,0,0,0,0,0,0,0,0,0,0,0,0,0,0,0,0,0,0,0,0,0,0,0,0,0,0,0,0,0,,,,-999,-999,-999,-999,-999,-999,1,1,367,,0.0,1,415042,,,-999,-999,,-999,,1,3,2,1,3,1,6,13,1,9,4,11,8,7,5,14,2,12,3,10,2,1,1,1,1
368,kxshxp98,,0,0,23,,,,0,,,0.0,,e5y22b4i,,,,,0,1.0,0.0,SS_WS2526,368,,0.0,,,,-999,,,1,1,368,,0.0,,,,,,,,,,,,,,,0,-999,-999,1,1,368,,0.0,x,x,x,x,x,x,x,x,x,x,x,x,x,x,x,x,x,x,x,x,x,x,x,x,x,x,x,x,x,x,x,x,x,x,x,x,x,x,x,x,x,x,x,x,x,x,x,x,x,x,0,0,0,0,0,0,0,0,0,0,0,0,0,0,0,0,0,0,0,0,0,0,0,0,0,0,0,0,0,0,0,0,0,0,0,0,0,0,0,0,0,0,0,0,0,0,0,0,0,0,0,0,0,0,0,0,0,0,0,0,0,0,0,0,0,0,0,0,0,0,0,0,0,0,0,0,0,0,0,0,0,0,0,0,0,0,0,0,0,0,0,0,0,0,0,0,0,0,0,0,0,0,0,0,0,0,0,0,0,0,0,0,0,0,0,0,0,0,0,0,0,0,0,0,0,0,0,0,0,0,0,0,0,0,0,0,0,0,0,0,0,0,0,0,0,0,0,0,0,0,0,0,0,0,0,0,0,0,0,0,0,0,0,0,0,0,0,0,0,0,0,0,0,0,0,0,0,0,0,0,0,0,0,0,0,0,0,0,0,0,0,0,0,0,0,0,0,0,0,0,0,0,0,0,0,0,0,0,0,0,0,0,0,0,0,0,0,0,0,0,0,0,0,0,0,0,0,0,0,0,0,0,0,0,0,0,0,0,0,0,0,0,0,0,0,0,0,0,0,0,,,,,,,,,,,,,,,,,,,,,,,,,,,,,,,,,,,,,,,,,,,,,,,,,,,,,,,,,,,,,,,,,,,,,,,,,,,,,,,,,,,,,,,,,,,,,,,,,,,,,,-999,-999,-999,1,1,368,,0.0,,,,,,0,,,,,,,,,,,,,,,,,,,,,,,,,,,,,,,,,,,,,,,,,,,,,,,,,,,,,,,,,,,,,,,,-999,-999,-999,1,1,368,,0.0,,,,,,,,,,,,,,,,,,,,,,,,,,,,,,,,,,,,,,,,,,,,,,,,,,,,,,,,,,,,,,,,,,,,,,,,,,,,,,,,,,,,,,,,,,,,,,,,,,,,,,,,,,,,-999,1,1,368,,0.0,,0,0,0,0,0,0,0,0,,,,,,,,,0,0,0,0,0,0,0,0,0,0,0,0,0,0,0,0,0,0,0,0,0,0,0,0,0,0,0,0,0,0,0,0,0,0,0,0,0,0,0,0,0,0,0,0,0,,,,-999,-999,-999,-999,-999,-999,1,1,368,,0.0,2,229011,,,-999,-999,,-999,-999,3,2,1,3,1,3,13,6,2,7,3,10,1,11,9,12,8,5,14,4,1,1,2,1,1
369,jib9aket,,0,0,23,,,,0,,,0.0,,e5y22b4i,,,,,0,1.0,0.0,SS_WS2526,369,,0.0,,,,-999,,,1,1,369,,0.0,,,,,,,,,,,,,,,0,-999,-999,1,1,369,,0.0,x,x,x,x,x,x,x,x,x,x,x,x,x,x,x,x,x,x,x,x,x,x,x,x,x,x,x,x,x,x,x,x,x,x,x,x,x,x,x,x,x,x,x,x,x,x,x,x,x,x,0,0,0,0,0,0,0,0,0,0,0,0,0,0,0,0,0,0,0,0,0,0,0,0,0,0,0,0,0,0,0,0,0,0,0,0,0,0,0,0,0,0,0,0,0,0,0,0,0,0,0,0,0,0,0,0,0,0,0,0,0,0,0,0,0,0,0,0,0,0,0,0,0,0,0,0,0,0,0,0,0,0,0,0,0,0,0,0,0,0,0,0,0,0,0,0,0,0,0,0,0,0,0,0,0,0,0,0,0,0,0,0,0,0,0,0,0,0,0,0,0,0,0,0,0,0,0,0,0,0,0,0,0,0,0,0,0,0,0,0,0,0,0,0,0,0,0,0,0,0,0,0,0,0,0,0,0,0,0,0,0,0,0,0,0,0,0,0,0,0,0,0,0,0,0,0,0,0,0,0,0,0,0,0,0,0,0,0,0,0,0,0,0,0,0,0,0,0,0,0,0,0,0,0,0,0,0,0,0,0,0,0,0,0,0,0,0,0,0,0,0,0,0,0,0,0,0,0,0,0,0,0,0,0,0,0,0,0,0,0,0,0,0,0,0,0,0,0,0,0,,,,,,,,,,,,,,,,,,,,,,,,,,,,,,,,,,,,,,,,,,,,,,,,,,,,,,,,,,,,,,,,,,,,,,,,,,,,,,,,,,,,,,,,,,,,,,,,,,,,,,-999,-999,-999,1,1,369,,0.0,,,,,,0,,,,,,,,,,,,,,,,,,,,,,,,,,,,,,,,,,,,,,,,,,,,,,,,,,,,,,,,,,,,,,,,-999,-999,-999,1,1,369,,0.0,,,,,,,,,,,,,,,,,,,,,,,,,,,,,,,,,,,,,,,,,,,,,,,,,,,,,,,,,,,,,,,,,,,,,,,,,,,,,,,,,,,,,,,,,,,,,,,,,,,,,,,,,,,,-999,1,1,369,,0.0,,0,0,0,0,0,0,0,0,,,,,,,,,0,0,0,0,0,0,0,0,0,0,0,0,0,0,0,0,0,0,0,0,0,0,0,0,0,0,0,0,0,0,0,0,0,0,0,0,0,0,0,0,0,0,0,0,0,,,,-999,-999,-999,-999,-999,-999,1,1,369,,0.0,2,458595,,,-999,-999,,-999,-999,3,2,2,3,3,1,11,1,5,3,6,2,4,13,10,14,8,12,7,9,1,1,1,1,1
370,pimgvypg,,0,0,23,,,,0,,,0.0,,e5y22b4i,,,,,0,1.0,0.0,SS_WS2526,370,,0.0,,,,-999,,,1,1,370,,0.0,,,,,,,,,,,,,,,0,-999,-999,1,1,370,,0.0,x,x,x,x,x,x,x,x,x,x,x,x,x,x,x,x,x,x,x,x,x,x,x,x,x,x,x,x,x,x,x,x,x,x,x,x,x,x,x,x,x,x,x,x,x,x,x,x,x,x,0,0,0,0,0,0,0,0,0,0,0,0,0,0,0,0,0,0,0,0,0,0,0,0,0,0,0,0,0,0,0,0,0,0,0,0,0,0,0,0,0,0,0,0,0,0,0,0,0,0,0,0,0,0,0,0,0,0,0,0,0,0,0,0,0,0,0,0,0,0,0,0,0,0,0,0,0,0,0,0,0,0,0,0,0,0,0,0,0,0,0,0,0,0,0,0,0,0,0,0,0,0,0,0,0,0,0,0,0,0,0,0,0,0,0,0,0,0,0,0,0,0,0,0,0,0,0,0,0,0,0,0,0,0,0,0,0,0,0,0,0,0,0,0,0,0,0,0,0,0,0,0,0,0,0,0,0,0,0,0,0,0,0,0,0,0,0,0,0,0,0,0,0,0,0,0,0,0,0,0,0,0,0,0,0,0,0,0,0,0,0,0,0,0,0,0,0,0,0,0,0,0,0,0,0,0,0,0,0,0,0,0,0,0,0,0,0,0,0,0,0,0,0,0,0,0,0,0,0,0,0,0,0,0,0,0,0,0,0,0,0,0,0,0,0,0,0,0,0,0,,,,,,,,,,,,,,,,,,,,,,,,,,,,,,,,,,,,,,,,,,,,,,,,,,,,,,,,,,,,,,,,,,,,,,,,,,,,,,,,,,,,,,,,,,,,,,,,,,,,,,-999,-999,-999,1,1,370,,0.0,,,,,,0,,,,,,,,,,,,,,,,,,,,,,,,,,,,,,,,,,,,,,,,,,,,,,,,,,,,,,,,,,,,,,,,-999,-999,-999,1,1,370,,0.0,,,,,,,,,,,,,,,,,,,,,,,,,,,,,,,,,,,,,,,,,,,,,,,,,,,,,,,,,,,,,,,,,,,,,,,,,,,,,,,,,,,,,,,,,,,,,,,,,,,,,,,,,,,,-999,1,1,370,,0.0,,0,0,0,0,0,0,0,0,,,,,,,,,0,0,0,0,0,0,0,0,0,0,0,0,0,0,0,0,0,0,0,0,0,0,0,0,0,0,0,0,0,0,0,0,0,0,0,0,0,0,0,0,0,0,0,0,0,,,,-999,-999,-999,-999,-999,-999,1,1,370,,0.0,0,605737,,,-999,-999,,-999,-999,1,2,1,2,1,2,1,13,6,10,2,5,3,11,14,12,4,7,8,9,1,2,1,1,1
371,5iyej4zw,,0,0,23,,,,0,,,0.0,,e5y22b4i,,,,,0,1.0,0.0,SS_WS2526,371,,0.0,,,,-999,,,1,1,371,,0.0,,,,,,,,,,,,,,,0,-999,-999,1,1,371,,0.0,x,x,x,x,x,x,x,x,x,x,x,x,x,x,x,x,x,x,x,x,x,x,x,x,x,x,x,x,x,x,x,x,x,x,x,x,x,x,x,x,x,x,x,x,x,x,x,x,x,x,0,0,0,0,0,0,0,0,0,0,0,0,0,0,0,0,0,0,0,0,0,0,0,0,0,0,0,0,0,0,0,0,0,0,0,0,0,0,0,0,0,0,0,0,0,0,0,0,0,0,0,0,0,0,0,0,0,0,0,0,0,0,0,0,0,0,0,0,0,0,0,0,0,0,0,0,0,0,0,0,0,0,0,0,0,0,0,0,0,0,0,0,0,0,0,0,0,0,0,0,0,0,0,0,0,0,0,0,0,0,0,0,0,0,0,0,0,0,0,0,0,0,0,0,0,0,0,0,0,0,0,0,0,0,0,0,0,0,0,0,0,0,0,0,0,0,0,0,0,0,0,0,0,0,0,0,0,0,0,0,0,0,0,0,0,0,0,0,0,0,0,0,0,0,0,0,0,0,0,0,0,0,0,0,0,0,0,0,0,0,0,0,0,0,0,0,0,0,0,0,0,0,0,0,0,0,0,0,0,0,0,0,0,0,0,0,0,0,0,0,0,0,0,0,0,0,0,0,0,0,0,0,0,0,0,0,0,0,0,0,0,0,0,0,0,0,0,0,0,0,,,,,,,,,,,,,,,,,,,,,,,,,,,,,,,,,,,,,,,,,,,,,,,,,,,,,,,,,,,,,,,,,,,,,,,,,,,,,,,,,,,,,,,,,,,,,,,,,,,,,,-999,-999,-999,1,1,371,,0.0,,,,,,0,,,,,,,,,,,,,,,,,,,,,,,,,,,,,,,,,,,,,,,,,,,,,,,,,,,,,,,,,,,,,,,,-999,-999,-999,1,1,371,,0.0,,,,,,,,,,,,,,,,,,,,,,,,,,,,,,,,,,,,,,,,,,,,,,,,,,,,,,,,,,,,,,,,,,,,,,,,,,,,,,,,,,,,,,,,,,,,,,,,,,,,,,,,,,,,-999,1,1,371,,0.0,,0,0,0,0,0,0,0,0,,,,,,,,,0,0,0,0,0,0,0,0,0,0,0,0,0,0,0,0,0,0,0,0,0,0,0,0,0,0,0,0,0,0,0,0,0,0,0,0,0,0,0,0,0,0,0,0,0,,,,-999,-999,-999,-999,-999,-999,1,1,371,,0.0,1,462987,,,-999,-999,,-999,,2,3,3,1,3,2,8,3,4,9,13,1,7,2,10,5,14,11,12,6,2,1,1,1,1
372,a1uguggf,,0,0,23,,,,0,,,0.0,,e5y22b4i,,,,,0,1.0,0.0,SS_WS2526,372,,0.0,,,,-999,,,1,1,372,,0.0,,,,,,,,,,,,,,,0,-999,-999,1,1,372,,0.0,x,x,x,x,x,x,x,x,x,x,x,x,x,x,x,x,x,x,x,x,x,x,x,x,x,x,x,x,x,x,x,x,x,x,x,x,x,x,x,x,x,x,x,x,x,x,x,x,x,x,0,0,0,0,0,0,0,0,0,0,0,0,0,0,0,0,0,0,0,0,0,0,0,0,0,0,0,0,0,0,0,0,0,0,0,0,0,0,0,0,0,0,0,0,0,0,0,0,0,0,0,0,0,0,0,0,0,0,0,0,0,0,0,0,0,0,0,0,0,0,0,0,0,0,0,0,0,0,0,0,0,0,0,0,0,0,0,0,0,0,0,0,0,0,0,0,0,0,0,0,0,0,0,0,0,0,0,0,0,0,0,0,0,0,0,0,0,0,0,0,0,0,0,0,0,0,0,0,0,0,0,0,0,0,0,0,0,0,0,0,0,0,0,0,0,0,0,0,0,0,0,0,0,0,0,0,0,0,0,0,0,0,0,0,0,0,0,0,0,0,0,0,0,0,0,0,0,0,0,0,0,0,0,0,0,0,0,0,0,0,0,0,0,0,0,0,0,0,0,0,0,0,0,0,0,0,0,0,0,0,0,0,0,0,0,0,0,0,0,0,0,0,0,0,0,0,0,0,0,0,0,0,0,0,0,0,0,0,0,0,0,0,0,0,0,0,0,0,0,0,,,,,,,,,,,,,,,,,,,,,,,,,,,,,,,,,,,,,,,,,,,,,,,,,,,,,,,,,,,,,,,,,,,,,,,,,,,,,,,,,,,,,,,,,,,,,,,,,,,,,,-999,-999,-999,1,1,372,,0.0,,,,,,0,,,,,,,,,,,,,,,,,,,,,,,,,,,,,,,,,,,,,,,,,,,,,,,,,,,,,,,,,,,,,,,,-999,-999,-999,1,1,372,,0.0,,,,,,,,,,,,,,,,,,,,,,,,,,,,,,,,,,,,,,,,,,,,,,,,,,,,,,,,,,,,,,,,,,,,,,,,,,,,,,,,,,,,,,,,,,,,,,,,,,,,,,,,,,,,-999,1,1,372,,0.0,,0,0,0,0,0,0,0,0,,,,,,,,,0,0,0,0,0,0,0,0,0,0,0,0,0,0,0,0,0,0,0,0,0,0,0,0,0,0,0,0,0,0,0,0,0,0,0,0,0,0,0,0,0,0,0,0,0,,,,-999,-999,-999,-999,-999,-999,1,1,372,,0.0,1,116036,,,-999,-999,,-999,,1,2,2,3,1,2,11,7,13,6,5,14,1,9,12,8,4,10,3,2,1,1,1,1,1
373,p14qhiee,,0,0,23,,,,0,,,0.0,,e5y22b4i,,,,,0,1.0,0.0,SS_WS2526,373,,0.0,,,,-999,,,1,1,373,,0.0,,,,,,,,,,,,,,,0,-999,-999,1,1,373,,0.0,x,x,x,x,x,x,x,x,x,x,x,x,x,x,x,x,x,x,x,x,x,x,x,x,x,x,x,x,x,x,x,x,x,x,x,x,x,x,x,x,x,x,x,x,x,x,x,x,x,x,0,0,0,0,0,0,0,0,0,0,0,0,0,0,0,0,0,0,0,0,0,0,0,0,0,0,0,0,0,0,0,0,0,0,0,0,0,0,0,0,0,0,0,0,0,0,0,0,0,0,0,0,0,0,0,0,0,0,0,0,0,0,0,0,0,0,0,0,0,0,0,0,0,0,0,0,0,0,0,0,0,0,0,0,0,0,0,0,0,0,0,0,0,0,0,0,0,0,0,0,0,0,0,0,0,0,0,0,0,0,0,0,0,0,0,0,0,0,0,0,0,0,0,0,0,0,0,0,0,0,0,0,0,0,0,0,0,0,0,0,0,0,0,0,0,0,0,0,0,0,0,0,0,0,0,0,0,0,0,0,0,0,0,0,0,0,0,0,0,0,0,0,0,0,0,0,0,0,0,0,0,0,0,0,0,0,0,0,0,0,0,0,0,0,0,0,0,0,0,0,0,0,0,0,0,0,0,0,0,0,0,0,0,0,0,0,0,0,0,0,0,0,0,0,0,0,0,0,0,0,0,0,0,0,0,0,0,0,0,0,0,0,0,0,0,0,0,0,0,0,,,,,,,,,,,,,,,,,,,,,,,,,,,,,,,,,,,,,,,,,,,,,,,,,,,,,,,,,,,,,,,,,,,,,,,,,,,,,,,,,,,,,,,,,,,,,,,,,,,,,,-999,-999,-999,1,1,373,,0.0,,,,,,0,,,,,,,,,,,,,,,,,,,,,,,,,,,,,,,,,,,,,,,,,,,,,,,,,,,,,,,,,,,,,,,,-999,-999,-999,1,1,373,,0.0,,,,,,,,,,,,,,,,,,,,,,,,,,,,,,,,,,,,,,,,,,,,,,,,,,,,,,,,,,,,,,,,,,,,,,,,,,,,,,,,,,,,,,,,,,,,,,,,,,,,,,,,,,,,-999,1,1,373,,0.0,,0,0,0,0,0,0,0,0,,,,,,,,,0,0,0,0,0,0,0,0,0,0,0,0,0,0,0,0,0,0,0,0,0,0,0,0,0,0,0,0,0,0,0,0,0,0,0,0,0,0,0,0,0,0,0,0,0,,,,-999,-999,-999,-999,-999,-999,1,1,373,,0.0,0,635545,,,-999,-999,,-999,-999,3,2,3,2,1,3,8,4,1,10,7,11,13,2,12,14,5,6,3,9,2,1,1,1,1
374,yqsum7za,,0,0,23,,,,0,,,0.0,,e5y22b4i,,,,,0,1.0,0.0,SS_WS2526,374,,0.0,,,,-999,,,1,1,374,,0.0,,,,,,,,,,,,,,,0,-999,-999,1,1,374,,0.0,x,x,x,x,x,x,x,x,x,x,x,x,x,x,x,x,x,x,x,x,x,x,x,x,x,x,x,x,x,x,x,x,x,x,x,x,x,x,x,x,x,x,x,x,x,x,x,x,x,x,0,0,0,0,0,0,0,0,0,0,0,0,0,0,0,0,0,0,0,0,0,0,0,0,0,0,0,0,0,0,0,0,0,0,0,0,0,0,0,0,0,0,0,0,0,0,0,0,0,0,0,0,0,0,0,0,0,0,0,0,0,0,0,0,0,0,0,0,0,0,0,0,0,0,0,0,0,0,0,0,0,0,0,0,0,0,0,0,0,0,0,0,0,0,0,0,0,0,0,0,0,0,0,0,0,0,0,0,0,0,0,0,0,0,0,0,0,0,0,0,0,0,0,0,0,0,0,0,0,0,0,0,0,0,0,0,0,0,0,0,0,0,0,0,0,0,0,0,0,0,0,0,0,0,0,0,0,0,0,0,0,0,0,0,0,0,0,0,0,0,0,0,0,0,0,0,0,0,0,0,0,0,0,0,0,0,0,0,0,0,0,0,0,0,0,0,0,0,0,0,0,0,0,0,0,0,0,0,0,0,0,0,0,0,0,0,0,0,0,0,0,0,0,0,0,0,0,0,0,0,0,0,0,0,0,0,0,0,0,0,0,0,0,0,0,0,0,0,0,0,,,,,,,,,,,,,,,,,,,,,,,,,,,,,,,,,,,,,,,,,,,,,,,,,,,,,,,,,,,,,,,,,,,,,,,,,,,,,,,,,,,,,,,,,,,,,,,,,,,,,,-999,-999,-999,1,1,374,,0.0,,,,,,0,,,,,,,,,,,,,,,,,,,,,,,,,,,,,,,,,,,,,,,,,,,,,,,,,,,,,,,,,,,,,,,,-999,-999,-999,1,1,374,,0.0,,,,,,,,,,,,,,,,,,,,,,,,,,,,,,,,,,,,,,,,,,,,,,,,,,,,,,,,,,,,,,,,,,,,,,,,,,,,,,,,,,,,,,,,,,,,,,,,,,,,,,,,,,,,-999,1,1,374,,0.0,,0,0,0,0,0,0,0,0,,,,,,,,,0,0,0,0,0,0,0,0,0,0,0,0,0,0,0,0,0,0,0,0,0,0,0,0,0,0,0,0,0,0,0,0,0,0,0,0,0,0,0,0,0,0,0,0,0,,,,-999,-999,-999,-999,-999,-999,1,1,374,,0.0,2,658953,,,-999,-999,,-999,-999,2,3,1,3,3,2,14,11,10,13,4,9,8,6,1,12,3,5,7,2,2,2,1,1,1
375,9bfz8kr5,,0,0,23,,,,0,,,0.0,,e5y22b4i,,,,,0,1.0,0.0,SS_WS2526,375,,0.0,,,,-999,,,1,1,375,,0.0,,,,,,,,,,,,,,,0,-999,-999,1,1,375,,0.0,x,x,x,x,x,x,x,x,x,x,x,x,x,x,x,x,x,x,x,x,x,x,x,x,x,x,x,x,x,x,x,x,x,x,x,x,x,x,x,x,x,x,x,x,x,x,x,x,x,x,0,0,0,0,0,0,0,0,0,0,0,0,0,0,0,0,0,0,0,0,0,0,0,0,0,0,0,0,0,0,0,0,0,0,0,0,0,0,0,0,0,0,0,0,0,0,0,0,0,0,0,0,0,0,0,0,0,0,0,0,0,0,0,0,0,0,0,0,0,0,0,0,0,0,0,0,0,0,0,0,0,0,0,0,0,0,0,0,0,0,0,0,0,0,0,0,0,0,0,0,0,0,0,0,0,0,0,0,0,0,0,0,0,0,0,0,0,0,0,0,0,0,0,0,0,0,0,0,0,0,0,0,0,0,0,0,0,0,0,0,0,0,0,0,0,0,0,0,0,0,0,0,0,0,0,0,0,0,0,0,0,0,0,0,0,0,0,0,0,0,0,0,0,0,0,0,0,0,0,0,0,0,0,0,0,0,0,0,0,0,0,0,0,0,0,0,0,0,0,0,0,0,0,0,0,0,0,0,0,0,0,0,0,0,0,0,0,0,0,0,0,0,0,0,0,0,0,0,0,0,0,0,0,0,0,0,0,0,0,0,0,0,0,0,0,0,0,0,0,0,,,,,,,,,,,,,,,,,,,,,,,,,,,,,,,,,,,,,,,,,,,,,,,,,,,,,,,,,,,,,,,,,,,,,,,,,,,,,,,,,,,,,,,,,,,,,,,,,,,,,,-999,-999,-999,1,1,375,,0.0,,,,,,0,,,,,,,,,,,,,,,,,,,,,,,,,,,,,,,,,,,,,,,,,,,,,,,,,,,,,,,,,,,,,,,,-999,-999,-999,1,1,375,,0.0,,,,,,,,,,,,,,,,,,,,,,,,,,,,,,,,,,,,,,,,,,,,,,,,,,,,,,,,,,,,,,,,,,,,,,,,,,,,,,,,,,,,,,,,,,,,,,,,,,,,,,,,,,,,-999,1,1,375,,0.0,,0,0,0,0,0,0,0,0,,,,,,,,,0,0,0,0,0,0,0,0,0,0,0,0,0,0,0,0,0,0,0,0,0,0,0,0,0,0,0,0,0,0,0,0,0,0,0,0,0,0,0,0,0,0,0,0,0,,,,-999,-999,-999,-999,-999,-999,1,1,375,,0.0,2,355441,,,-999,-999,,-999,-999,1,3,1,2,3,2,13,7,14,5,9,6,4,3,2,10,12,1,11,8,1,2,2,1,1
376,8xgzyttu,,0,0,23,,,,0,,,0.0,,e5y22b4i,,,,,0,1.0,0.0,SS_WS2526,376,,0.0,,,,-999,,,1,1,376,,0.0,,,,,,,,,,,,,,,0,-999,-999,1,1,376,,0.0,x,x,x,x,x,x,x,x,x,x,x,x,x,x,x,x,x,x,x,x,x,x,x,x,x,x,x,x,x,x,x,x,x,x,x,x,x,x,x,x,x,x,x,x,x,x,x,x,x,x,0,0,0,0,0,0,0,0,0,0,0,0,0,0,0,0,0,0,0,0,0,0,0,0,0,0,0,0,0,0,0,0,0,0,0,0,0,0,0,0,0,0,0,0,0,0,0,0,0,0,0,0,0,0,0,0,0,0,0,0,0,0,0,0,0,0,0,0,0,0,0,0,0,0,0,0,0,0,0,0,0,0,0,0,0,0,0,0,0,0,0,0,0,0,0,0,0,0,0,0,0,0,0,0,0,0,0,0,0,0,0,0,0,0,0,0,0,0,0,0,0,0,0,0,0,0,0,0,0,0,0,0,0,0,0,0,0,0,0,0,0,0,0,0,0,0,0,0,0,0,0,0,0,0,0,0,0,0,0,0,0,0,0,0,0,0,0,0,0,0,0,0,0,0,0,0,0,0,0,0,0,0,0,0,0,0,0,0,0,0,0,0,0,0,0,0,0,0,0,0,0,0,0,0,0,0,0,0,0,0,0,0,0,0,0,0,0,0,0,0,0,0,0,0,0,0,0,0,0,0,0,0,0,0,0,0,0,0,0,0,0,0,0,0,0,0,0,0,0,0,,,,,,,,,,,,,,,,,,,,,,,,,,,,,,,,,,,,,,,,,,,,,,,,,,,,,,,,,,,,,,,,,,,,,,,,,,,,,,,,,,,,,,,,,,,,,,,,,,,,,,-999,-999,-999,1,1,376,,0.0,,,,,,0,,,,,,,,,,,,,,,,,,,,,,,,,,,,,,,,,,,,,,,,,,,,,,,,,,,,,,,,,,,,,,,,-999,-999,-999,1,1,376,,0.0,,,,,,,,,,,,,,,,,,,,,,,,,,,,,,,,,,,,,,,,,,,,,,,,,,,,,,,,,,,,,,,,,,,,,,,,,,,,,,,,,,,,,,,,,,,,,,,,,,,,,,,,,,,,-999,1,1,376,,0.0,,0,0,0,0,0,0,0,0,,,,,,,,,0,0,0,0,0,0,0,0,0,0,0,0,0,0,0,0,0,0,0,0,0,0,0,0,0,0,0,0,0,0,0,0,0,0,0,0,0,0,0,0,0,0,0,0,0,,,,-999,-999,-999,-999,-999,-999,1,1,376,,0.0,1,336383,,,-999,-999,,-999,,3,2,3,1,3,1,2,7,14,4,1,8,6,3,5,13,11,12,9,10,2,1,1,1,1
377,12d6tbsa,,0,0,23,,,,0,,,0.0,,e5y22b4i,,,,,0,1.0,0.0,SS_WS2526,377,,0.0,,,,-999,,,1,1,377,,0.0,,,,,,,,,,,,,,,0,-999,-999,1,1,377,,0.0,x,x,x,x,x,x,x,x,x,x,x,x,x,x,x,x,x,x,x,x,x,x,x,x,x,x,x,x,x,x,x,x,x,x,x,x,x,x,x,x,x,x,x,x,x,x,x,x,x,x,0,0,0,0,0,0,0,0,0,0,0,0,0,0,0,0,0,0,0,0,0,0,0,0,0,0,0,0,0,0,0,0,0,0,0,0,0,0,0,0,0,0,0,0,0,0,0,0,0,0,0,0,0,0,0,0,0,0,0,0,0,0,0,0,0,0,0,0,0,0,0,0,0,0,0,0,0,0,0,0,0,0,0,0,0,0,0,0,0,0,0,0,0,0,0,0,0,0,0,0,0,0,0,0,0,0,0,0,0,0,0,0,0,0,0,0,0,0,0,0,0,0,0,0,0,0,0,0,0,0,0,0,0,0,0,0,0,0,0,0,0,0,0,0,0,0,0,0,0,0,0,0,0,0,0,0,0,0,0,0,0,0,0,0,0,0,0,0,0,0,0,0,0,0,0,0,0,0,0,0,0,0,0,0,0,0,0,0,0,0,0,0,0,0,0,0,0,0,0,0,0,0,0,0,0,0,0,0,0,0,0,0,0,0,0,0,0,0,0,0,0,0,0,0,0,0,0,0,0,0,0,0,0,0,0,0,0,0,0,0,0,0,0,0,0,0,0,0,0,0,,,,,,,,,,,,,,,,,,,,,,,,,,,,,,,,,,,,,,,,,,,,,,,,,,,,,,,,,,,,,,,,,,,,,,,,,,,,,,,,,,,,,,,,,,,,,,,,,,,,,,-999,-999,-999,1,1,377,,0.0,,,,,,0,,,,,,,,,,,,,,,,,,,,,,,,,,,,,,,,,,,,,,,,,,,,,,,,,,,,,,,,,,,,,,,,-999,-999,-999,1,1,377,,0.0,,,,,,,,,,,,,,,,,,,,,,,,,,,,,,,,,,,,,,,,,,,,,,,,,,,,,,,,,,,,,,,,,,,,,,,,,,,,,,,,,,,,,,,,,,,,,,,,,,,,,,,,,,,,-999,1,1,377,,0.0,,0,0,0,0,0,0,0,0,,,,,,,,,0,0,0,0,0,0,0,0,0,0,0,0,0,0,0,0,0,0,0,0,0,0,0,0,0,0,0,0,0,0,0,0,0,0,0,0,0,0,0,0,0,0,0,0,0,,,,-999,-999,-999,-999,-999,-999,1,1,377,,0.0,1,203192,,,-999,-999,,-999,,3,1,1,2,3,2,7,10,4,3,1,6,13,9,14,2,11,12,8,5,2,1,2,1,1
378,w5wpmkbm,,0,0,23,,,,0,,,0.0,,e5y22b4i,,,,,0,1.0,0.0,SS_WS2526,378,,0.0,,,,-999,,,1,1,378,,0.0,,,,,,,,,,,,,,,0,-999,-999,1,1,378,,0.0,x,x,x,x,x,x,x,x,x,x,x,x,x,x,x,x,x,x,x,x,x,x,x,x,x,x,x,x,x,x,x,x,x,x,x,x,x,x,x,x,x,x,x,x,x,x,x,x,x,x,0,0,0,0,0,0,0,0,0,0,0,0,0,0,0,0,0,0,0,0,0,0,0,0,0,0,0,0,0,0,0,0,0,0,0,0,0,0,0,0,0,0,0,0,0,0,0,0,0,0,0,0,0,0,0,0,0,0,0,0,0,0,0,0,0,0,0,0,0,0,0,0,0,0,0,0,0,0,0,0,0,0,0,0,0,0,0,0,0,0,0,0,0,0,0,0,0,0,0,0,0,0,0,0,0,0,0,0,0,0,0,0,0,0,0,0,0,0,0,0,0,0,0,0,0,0,0,0,0,0,0,0,0,0,0,0,0,0,0,0,0,0,0,0,0,0,0,0,0,0,0,0,0,0,0,0,0,0,0,0,0,0,0,0,0,0,0,0,0,0,0,0,0,0,0,0,0,0,0,0,0,0,0,0,0,0,0,0,0,0,0,0,0,0,0,0,0,0,0,0,0,0,0,0,0,0,0,0,0,0,0,0,0,0,0,0,0,0,0,0,0,0,0,0,0,0,0,0,0,0,0,0,0,0,0,0,0,0,0,0,0,0,0,0,0,0,0,0,0,0,,,,,,,,,,,,,,,,,,,,,,,,,,,,,,,,,,,,,,,,,,,,,,,,,,,,,,,,,,,,,,,,,,,,,,,,,,,,,,,,,,,,,,,,,,,,,,,,,,,,,,-999,-999,-999,1,1,378,,0.0,,,,,,0,,,,,,,,,,,,,,,,,,,,,,,,,,,,,,,,,,,,,,,,,,,,,,,,,,,,,,,,,,,,,,,,-999,-999,-999,1,1,378,,0.0,,,,,,,,,,,,,,,,,,,,,,,,,,,,,,,,,,,,,,,,,,,,,,,,,,,,,,,,,,,,,,,,,,,,,,,,,,,,,,,,,,,,,,,,,,,,,,,,,,,,,,,,,,,,-999,1,1,378,,0.0,,0,0,0,0,0,0,0,0,,,,,,,,,0,0,0,0,0,0,0,0,0,0,0,0,0,0,0,0,0,0,0,0,0,0,0,0,0,0,0,0,0,0,0,0,0,0,0,0,0,0,0,0,0,0,0,0,0,,,,-999,-999,-999,-999,-999,-999,1,1,378,,0.0,2,504187,,,-999,-999,,-999,-999,1,2,3,2,2,1,13,10,3,2,9,6,7,4,11,8,1,12,5,14,2,1,2,1,1
379,pnhxk9aw,,0,0,23,,,,0,,,0.0,,e5y22b4i,,,,,0,1.0,0.0,SS_WS2526,379,,0.0,,,,-999,,,1,1,379,,0.0,,,,,,,,,,,,,,,0,-999,-999,1,1,379,,0.0,x,x,x,x,x,x,x,x,x,x,x,x,x,x,x,x,x,x,x,x,x,x,x,x,x,x,x,x,x,x,x,x,x,x,x,x,x,x,x,x,x,x,x,x,x,x,x,x,x,x,0,0,0,0,0,0,0,0,0,0,0,0,0,0,0,0,0,0,0,0,0,0,0,0,0,0,0,0,0,0,0,0,0,0,0,0,0,0,0,0,0,0,0,0,0,0,0,0,0,0,0,0,0,0,0,0,0,0,0,0,0,0,0,0,0,0,0,0,0,0,0,0,0,0,0,0,0,0,0,0,0,0,0,0,0,0,0,0,0,0,0,0,0,0,0,0,0,0,0,0,0,0,0,0,0,0,0,0,0,0,0,0,0,0,0,0,0,0,0,0,0,0,0,0,0,0,0,0,0,0,0,0,0,0,0,0,0,0,0,0,0,0,0,0,0,0,0,0,0,0,0,0,0,0,0,0,0,0,0,0,0,0,0,0,0,0,0,0,0,0,0,0,0,0,0,0,0,0,0,0,0,0,0,0,0,0,0,0,0,0,0,0,0,0,0,0,0,0,0,0,0,0,0,0,0,0,0,0,0,0,0,0,0,0,0,0,0,0,0,0,0,0,0,0,0,0,0,0,0,0,0,0,0,0,0,0,0,0,0,0,0,0,0,0,0,0,0,0,0,0,,,,,,,,,,,,,,,,,,,,,,,,,,,,,,,,,,,,,,,,,,,,,,,,,,,,,,,,,,,,,,,,,,,,,,,,,,,,,,,,,,,,,,,,,,,,,,,,,,,,,,-999,-999,-999,1,1,379,,0.0,,,,,,0,,,,,,,,,,,,,,,,,,,,,,,,,,,,,,,,,,,,,,,,,,,,,,,,,,,,,,,,,,,,,,,,-999,-999,-999,1,1,379,,0.0,,,,,,,,,,,,,,,,,,,,,,,,,,,,,,,,,,,,,,,,,,,,,,,,,,,,,,,,,,,,,,,,,,,,,,,,,,,,,,,,,,,,,,,,,,,,,,,,,,,,,,,,,,,,-999,1,1,379,,0.0,,0,0,0,0,0,0,0,0,,,,,,,,,0,0,0,0,0,0,0,0,0,0,0,0,0,0,0,0,0,0,0,0,0,0,0,0,0,0,0,0,0,0,0,0,0,0,0,0,0,0,0,0,0,0,0,0,0,,,,-999,-999,-999,-999,-999,-999,1,1,379,,0.0,1,176778,,,-999,-999,,-999,,2,1,3,1,2,3,14,10,9,12,8,2,11,6,7,1,13,5,3,4,1,1,2,1,1
380,uwpsj1mh,,0,0,23,,,,0,,,0.0,,e5y22b4i,,,,,0,1.0,0.0,SS_WS2526,380,,0.0,,,,-999,,,1,1,380,,0.0,,,,,,,,,,,,,,,0,-999,-999,1,1,380,,0.0,x,x,x,x,x,x,x,x,x,x,x,x,x,x,x,x,x,x,x,x,x,x,x,x,x,x,x,x,x,x,x,x,x,x,x,x,x,x,x,x,x,x,x,x,x,x,x,x,x,x,0,0,0,0,0,0,0,0,0,0,0,0,0,0,0,0,0,0,0,0,0,0,0,0,0,0,0,0,0,0,0,0,0,0,0,0,0,0,0,0,0,0,0,0,0,0,0,0,0,0,0,0,0,0,0,0,0,0,0,0,0,0,0,0,0,0,0,0,0,0,0,0,0,0,0,0,0,0,0,0,0,0,0,0,0,0,0,0,0,0,0,0,0,0,0,0,0,0,0,0,0,0,0,0,0,0,0,0,0,0,0,0,0,0,0,0,0,0,0,0,0,0,0,0,0,0,0,0,0,0,0,0,0,0,0,0,0,0,0,0,0,0,0,0,0,0,0,0,0,0,0,0,0,0,0,0,0,0,0,0,0,0,0,0,0,0,0,0,0,0,0,0,0,0,0,0,0,0,0,0,0,0,0,0,0,0,0,0,0,0,0,0,0,0,0,0,0,0,0,0,0,0,0,0,0,0,0,0,0,0,0,0,0,0,0,0,0,0,0,0,0,0,0,0,0,0,0,0,0,0,0,0,0,0,0,0,0,0,0,0,0,0,0,0,0,0,0,0,0,0,,,,,,,,,,,,,,,,,,,,,,,,,,,,,,,,,,,,,,,,,,,,,,,,,,,,,,,,,,,,,,,,,,,,,,,,,,,,,,,,,,,,,,,,,,,,,,,,,,,,,,-999,-999,-999,1,1,380,,0.0,,,,,,0,,,,,,,,,,,,,,,,,,,,,,,,,,,,,,,,,,,,,,,,,,,,,,,,,,,,,,,,,,,,,,,,-999,-999,-999,1,1,380,,0.0,,,,,,,,,,,,,,,,,,,,,,,,,,,,,,,,,,,,,,,,,,,,,,,,,,,,,,,,,,,,,,,,,,,,,,,,,,,,,,,,,,,,,,,,,,,,,,,,,,,,,,,,,,,,-999,1,1,380,,0.0,,0,0,0,0,0,0,0,0,,,,,,,,,0,0,0,0,0,0,0,0,0,0,0,0,0,0,0,0,0,0,0,0,0,0,0,0,0,0,0,0,0,0,0,0,0,0,0,0,0,0,0,0,0,0,0,0,0,,,,-999,-999,-999,-999,-999,-999,1,1,380,,0.0,2,717949,,,-999,-999,,-999,-999,2,3,1,2,2,1,8,2,11,1,10,13,5,12,14,9,7,4,3,6,1,2,1,1,1
381,r53je4tw,,0,0,23,,,,0,,,0.0,,e5y22b4i,,,,,0,1.0,0.0,SS_WS2526,381,,0.0,,,,-999,,,1,1,381,,0.0,,,,,,,,,,,,,,,0,-999,-999,1,1,381,,0.0,x,x,x,x,x,x,x,x,x,x,x,x,x,x,x,x,x,x,x,x,x,x,x,x,x,x,x,x,x,x,x,x,x,x,x,x,x,x,x,x,x,x,x,x,x,x,x,x,x,x,0,0,0,0,0,0,0,0,0,0,0,0,0,0,0,0,0,0,0,0,0,0,0,0,0,0,0,0,0,0,0,0,0,0,0,0,0,0,0,0,0,0,0,0,0,0,0,0,0,0,0,0,0,0,0,0,0,0,0,0,0,0,0,0,0,0,0,0,0,0,0,0,0,0,0,0,0,0,0,0,0,0,0,0,0,0,0,0,0,0,0,0,0,0,0,0,0,0,0,0,0,0,0,0,0,0,0,0,0,0,0,0,0,0,0,0,0,0,0,0,0,0,0,0,0,0,0,0,0,0,0,0,0,0,0,0,0,0,0,0,0,0,0,0,0,0,0,0,0,0,0,0,0,0,0,0,0,0,0,0,0,0,0,0,0,0,0,0,0,0,0,0,0,0,0,0,0,0,0,0,0,0,0,0,0,0,0,0,0,0,0,0,0,0,0,0,0,0,0,0,0,0,0,0,0,0,0,0,0,0,0,0,0,0,0,0,0,0,0,0,0,0,0,0,0,0,0,0,0,0,0,0,0,0,0,0,0,0,0,0,0,0,0,0,0,0,0,0,0,0,,,,,,,,,,,,,,,,,,,,,,,,,,,,,,,,,,,,,,,,,,,,,,,,,,,,,,,,,,,,,,,,,,,,,,,,,,,,,,,,,,,,,,,,,,,,,,,,,,,,,,-999,-999,-999,1,1,381,,0.0,,,,,,0,,,,,,,,,,,,,,,,,,,,,,,,,,,,,,,,,,,,,,,,,,,,,,,,,,,,,,,,,,,,,,,,-999,-999,-999,1,1,381,,0.0,,,,,,,,,,,,,,,,,,,,,,,,,,,,,,,,,,,,,,,,,,,,,,,,,,,,,,,,,,,,,,,,,,,,,,,,,,,,,,,,,,,,,,,,,,,,,,,,,,,,,,,,,,,,-999,1,1,381,,0.0,,0,0,0,0,0,0,0,0,,,,,,,,,0,0,0,0,0,0,0,0,0,0,0,0,0,0,0,0,0,0,0,0,0,0,0,0,0,0,0,0,0,0,0,0,0,0,0,0,0,0,0,0,0,0,0,0,0,,,,-999,-999,-999,-999,-999,-999,1,1,381,,0.0,1,830417,,,-999,-999,,-999,,3,1,1,2,2,3,10,2,7,8,5,6,14,13,11,3,1,12,4,9,1,1,1,1,1
382,um0hn7gj,,0,0,23,,,,0,,,0.0,,e5y22b4i,,,,,0,1.0,0.0,SS_WS2526,382,,0.0,,,,-999,,,1,1,382,,0.0,,,,,,,,,,,,,,,0,-999,-999,1,1,382,,0.0,x,x,x,x,x,x,x,x,x,x,x,x,x,x,x,x,x,x,x,x,x,x,x,x,x,x,x,x,x,x,x,x,x,x,x,x,x,x,x,x,x,x,x,x,x,x,x,x,x,x,0,0,0,0,0,0,0,0,0,0,0,0,0,0,0,0,0,0,0,0,0,0,0,0,0,0,0,0,0,0,0,0,0,0,0,0,0,0,0,0,0,0,0,0,0,0,0,0,0,0,0,0,0,0,0,0,0,0,0,0,0,0,0,0,0,0,0,0,0,0,0,0,0,0,0,0,0,0,0,0,0,0,0,0,0,0,0,0,0,0,0,0,0,0,0,0,0,0,0,0,0,0,0,0,0,0,0,0,0,0,0,0,0,0,0,0,0,0,0,0,0,0,0,0,0,0,0,0,0,0,0,0,0,0,0,0,0,0,0,0,0,0,0,0,0,0,0,0,0,0,0,0,0,0,0,0,0,0,0,0,0,0,0,0,0,0,0,0,0,0,0,0,0,0,0,0,0,0,0,0,0,0,0,0,0,0,0,0,0,0,0,0,0,0,0,0,0,0,0,0,0,0,0,0,0,0,0,0,0,0,0,0,0,0,0,0,0,0,0,0,0,0,0,0,0,0,0,0,0,0,0,0,0,0,0,0,0,0,0,0,0,0,0,0,0,0,0,0,0,0,,,,,,,,,,,,,,,,,,,,,,,,,,,,,,,,,,,,,,,,,,,,,,,,,,,,,,,,,,,,,,,,,,,,,,,,,,,,,,,,,,,,,,,,,,,,,,,,,,,,,,-999,-999,-999,1,1,382,,0.0,,,,,,0,,,,,,,,,,,,,,,,,,,,,,,,,,,,,,,,,,,,,,,,,,,,,,,,,,,,,,,,,,,,,,,,-999,-999,-999,1,1,382,,0.0,,,,,,,,,,,,,,,,,,,,,,,,,,,,,,,,,,,,,,,,,,,,,,,,,,,,,,,,,,,,,,,,,,,,,,,,,,,,,,,,,,,,,,,,,,,,,,,,,,,,,,,,,,,,-999,1,1,382,,0.0,,0,0,0,0,0,0,0,0,,,,,,,,,0,0,0,0,0,0,0,0,0,0,0,0,0,0,0,0,0,0,0,0,0,0,0,0,0,0,0,0,0,0,0,0,0,0,0,0,0,0,0,0,0,0,0,0,0,,,,-999,-999,-999,-999,-999,-999,1,1,382,,0.0,2,162249,,,-999,-999,,-999,-999,2,1,2,1,3,2,12,7,4,6,14,5,13,1,9,8,2,11,10,3,1,2,1,1,1
383,10k50u7e,,0,0,23,,,,0,,,0.0,,e5y22b4i,,,,,0,1.0,0.0,SS_WS2526,383,,0.0,,,,-999,,,1,1,383,,0.0,,,,,,,,,,,,,,,0,-999,-999,1,1,383,,0.0,x,x,x,x,x,x,x,x,x,x,x,x,x,x,x,x,x,x,x,x,x,x,x,x,x,x,x,x,x,x,x,x,x,x,x,x,x,x,x,x,x,x,x,x,x,x,x,x,x,x,0,0,0,0,0,0,0,0,0,0,0,0,0,0,0,0,0,0,0,0,0,0,0,0,0,0,0,0,0,0,0,0,0,0,0,0,0,0,0,0,0,0,0,0,0,0,0,0,0,0,0,0,0,0,0,0,0,0,0,0,0,0,0,0,0,0,0,0,0,0,0,0,0,0,0,0,0,0,0,0,0,0,0,0,0,0,0,0,0,0,0,0,0,0,0,0,0,0,0,0,0,0,0,0,0,0,0,0,0,0,0,0,0,0,0,0,0,0,0,0,0,0,0,0,0,0,0,0,0,0,0,0,0,0,0,0,0,0,0,0,0,0,0,0,0,0,0,0,0,0,0,0,0,0,0,0,0,0,0,0,0,0,0,0,0,0,0,0,0,0,0,0,0,0,0,0,0,0,0,0,0,0,0,0,0,0,0,0,0,0,0,0,0,0,0,0,0,0,0,0,0,0,0,0,0,0,0,0,0,0,0,0,0,0,0,0,0,0,0,0,0,0,0,0,0,0,0,0,0,0,0,0,0,0,0,0,0,0,0,0,0,0,0,0,0,0,0,0,0,0,,,,,,,,,,,,,,,,,,,,,,,,,,,,,,,,,,,,,,,,,,,,,,,,,,,,,,,,,,,,,,,,,,,,,,,,,,,,,,,,,,,,,,,,,,,,,,,,,,,,,,-999,-999,-999,1,1,383,,0.0,,,,,,0,,,,,,,,,,,,,,,,,,,,,,,,,,,,,,,,,,,,,,,,,,,,,,,,,,,,,,,,,,,,,,,,-999,-999,-999,1,1,383,,0.0,,,,,,,,,,,,,,,,,,,,,,,,,,,,,,,,,,,,,,,,,,,,,,,,,,,,,,,,,,,,,,,,,,,,,,,,,,,,,,,,,,,,,,,,,,,,,,,,,,,,,,,,,,,,-999,1,1,383,,0.0,,0,0,0,0,0,0,0,0,,,,,,,,,0,0,0,0,0,0,0,0,0,0,0,0,0,0,0,0,0,0,0,0,0,0,0,0,0,0,0,0,0,0,0,0,0,0,0,0,0,0,0,0,0,0,0,0,0,,,,-999,-999,-999,-999,-999,-999,1,1,383,,0.0,2,423674,,,-999,-999,,-999,-999,1,2,1,3,1,3,11,9,10,8,1,3,13,14,4,2,5,12,7,6,1,2,2,1,1
384,vxsqi7vr,,0,0,23,,,,0,,,0.0,,e5y22b4i,,,,,0,1.0,0.0,SS_WS2526,384,,0.0,,,,-999,,,1,1,384,,0.0,,,,,,,,,,,,,,,0,-999,-999,1,1,384,,0.0,x,x,x,x,x,x,x,x,x,x,x,x,x,x,x,x,x,x,x,x,x,x,x,x,x,x,x,x,x,x,x,x,x,x,x,x,x,x,x,x,x,x,x,x,x,x,x,x,x,x,0,0,0,0,0,0,0,0,0,0,0,0,0,0,0,0,0,0,0,0,0,0,0,0,0,0,0,0,0,0,0,0,0,0,0,0,0,0,0,0,0,0,0,0,0,0,0,0,0,0,0,0,0,0,0,0,0,0,0,0,0,0,0,0,0,0,0,0,0,0,0,0,0,0,0,0,0,0,0,0,0,0,0,0,0,0,0,0,0,0,0,0,0,0,0,0,0,0,0,0,0,0,0,0,0,0,0,0,0,0,0,0,0,0,0,0,0,0,0,0,0,0,0,0,0,0,0,0,0,0,0,0,0,0,0,0,0,0,0,0,0,0,0,0,0,0,0,0,0,0,0,0,0,0,0,0,0,0,0,0,0,0,0,0,0,0,0,0,0,0,0,0,0,0,0,0,0,0,0,0,0,0,0,0,0,0,0,0,0,0,0,0,0,0,0,0,0,0,0,0,0,0,0,0,0,0,0,0,0,0,0,0,0,0,0,0,0,0,0,0,0,0,0,0,0,0,0,0,0,0,0,0,0,0,0,0,0,0,0,0,0,0,0,0,0,0,0,0,0,0,,,,,,,,,,,,,,,,,,,,,,,,,,,,,,,,,,,,,,,,,,,,,,,,,,,,,,,,,,,,,,,,,,,,,,,,,,,,,,,,,,,,,,,,,,,,,,,,,,,,,,-999,-999,-999,1,1,384,,0.0,,,,,,0,,,,,,,,,,,,,,,,,,,,,,,,,,,,,,,,,,,,,,,,,,,,,,,,,,,,,,,,,,,,,,,,-999,-999,-999,1,1,384,,0.0,,,,,,,,,,,,,,,,,,,,,,,,,,,,,,,,,,,,,,,,,,,,,,,,,,,,,,,,,,,,,,,,,,,,,,,,,,,,,,,,,,,,,,,,,,,,,,,,,,,,,,,,,,,,-999,1,1,384,,0.0,,0,0,0,0,0,0,0,0,,,,,,,,,0,0,0,0,0,0,0,0,0,0,0,0,0,0,0,0,0,0,0,0,0,0,0,0,0,0,0,0,0,0,0,0,0,0,0,0,0,0,0,0,0,0,0,0,0,,,,-999,-999,-999,-999,-999,-999,1,1,384,,0.0,0,773391,,,-999,-999,,-999,-999,1,3,1,2,1,2,9,14,2,10,11,13,5,7,3,4,8,6,12,1,2,1,1,1,1
385,e5q6tk7k,,0,0,23,,,,0,,,0.0,,e5y22b4i,,,,,0,1.0,0.0,SS_WS2526,385,,0.0,,,,-999,,,1,1,385,,0.0,,,,,,,,,,,,,,,0,-999,-999,1,1,385,,0.0,x,x,x,x,x,x,x,x,x,x,x,x,x,x,x,x,x,x,x,x,x,x,x,x,x,x,x,x,x,x,x,x,x,x,x,x,x,x,x,x,x,x,x,x,x,x,x,x,x,x,0,0,0,0,0,0,0,0,0,0,0,0,0,0,0,0,0,0,0,0,0,0,0,0,0,0,0,0,0,0,0,0,0,0,0,0,0,0,0,0,0,0,0,0,0,0,0,0,0,0,0,0,0,0,0,0,0,0,0,0,0,0,0,0,0,0,0,0,0,0,0,0,0,0,0,0,0,0,0,0,0,0,0,0,0,0,0,0,0,0,0,0,0,0,0,0,0,0,0,0,0,0,0,0,0,0,0,0,0,0,0,0,0,0,0,0,0,0,0,0,0,0,0,0,0,0,0,0,0,0,0,0,0,0,0,0,0,0,0,0,0,0,0,0,0,0,0,0,0,0,0,0,0,0,0,0,0,0,0,0,0,0,0,0,0,0,0,0,0,0,0,0,0,0,0,0,0,0,0,0,0,0,0,0,0,0,0,0,0,0,0,0,0,0,0,0,0,0,0,0,0,0,0,0,0,0,0,0,0,0,0,0,0,0,0,0,0,0,0,0,0,0,0,0,0,0,0,0,0,0,0,0,0,0,0,0,0,0,0,0,0,0,0,0,0,0,0,0,0,0,,,,,,,,,,,,,,,,,,,,,,,,,,,,,,,,,,,,,,,,,,,,,,,,,,,,,,,,,,,,,,,,,,,,,,,,,,,,,,,,,,,,,,,,,,,,,,,,,,,,,,-999,-999,-999,1,1,385,,0.0,,,,,,0,,,,,,,,,,,,,,,,,,,,,,,,,,,,,,,,,,,,,,,,,,,,,,,,,,,,,,,,,,,,,,,,-999,-999,-999,1,1,385,,0.0,,,,,,,,,,,,,,,,,,,,,,,,,,,,,,,,,,,,,,,,,,,,,,,,,,,,,,,,,,,,,,,,,,,,,,,,,,,,,,,,,,,,,,,,,,,,,,,,,,,,,,,,,,,,-999,1,1,385,,0.0,,0,0,0,0,0,0,0,0,,,,,,,,,0,0,0,0,0,0,0,0,0,0,0,0,0,0,0,0,0,0,0,0,0,0,0,0,0,0,0,0,0,0,0,0,0,0,0,0,0,0,0,0,0,0,0,0,0,,,,-999,-999,-999,-999,-999,-999,1,1,385,,0.0,0,755701,,,-999,-999,,-999,-999,2,3,3,2,2,3,4,3,5,14,2,9,6,8,13,11,7,1,10,12,1,2,1,1,1
386,79mwmn5h,,0,0,23,,,,0,,,0.0,,e5y22b4i,,,,,0,1.0,0.0,SS_WS2526,386,,0.0,,,,-999,,,1,1,386,,0.0,,,,,,,,,,,,,,,0,-999,-999,1,1,386,,0.0,x,x,x,x,x,x,x,x,x,x,x,x,x,x,x,x,x,x,x,x,x,x,x,x,x,x,x,x,x,x,x,x,x,x,x,x,x,x,x,x,x,x,x,x,x,x,x,x,x,x,0,0,0,0,0,0,0,0,0,0,0,0,0,0,0,0,0,0,0,0,0,0,0,0,0,0,0,0,0,0,0,0,0,0,0,0,0,0,0,0,0,0,0,0,0,0,0,0,0,0,0,0,0,0,0,0,0,0,0,0,0,0,0,0,0,0,0,0,0,0,0,0,0,0,0,0,0,0,0,0,0,0,0,0,0,0,0,0,0,0,0,0,0,0,0,0,0,0,0,0,0,0,0,0,0,0,0,0,0,0,0,0,0,0,0,0,0,0,0,0,0,0,0,0,0,0,0,0,0,0,0,0,0,0,0,0,0,0,0,0,0,0,0,0,0,0,0,0,0,0,0,0,0,0,0,0,0,0,0,0,0,0,0,0,0,0,0,0,0,0,0,0,0,0,0,0,0,0,0,0,0,0,0,0,0,0,0,0,0,0,0,0,0,0,0,0,0,0,0,0,0,0,0,0,0,0,0,0,0,0,0,0,0,0,0,0,0,0,0,0,0,0,0,0,0,0,0,0,0,0,0,0,0,0,0,0,0,0,0,0,0,0,0,0,0,0,0,0,0,0,,,,,,,,,,,,,,,,,,,,,,,,,,,,,,,,,,,,,,,,,,,,,,,,,,,,,,,,,,,,,,,,,,,,,,,,,,,,,,,,,,,,,,,,,,,,,,,,,,,,,,-999,-999,-999,1,1,386,,0.0,,,,,,0,,,,,,,,,,,,,,,,,,,,,,,,,,,,,,,,,,,,,,,,,,,,,,,,,,,,,,,,,,,,,,,,-999,-999,-999,1,1,386,,0.0,,,,,,,,,,,,,,,,,,,,,,,,,,,,,,,,,,,,,,,,,,,,,,,,,,,,,,,,,,,,,,,,,,,,,,,,,,,,,,,,,,,,,,,,,,,,,,,,,,,,,,,,,,,,-999,1,1,386,,0.0,,0,0,0,0,0,0,0,0,,,,,,,,,0,0,0,0,0,0,0,0,0,0,0,0,0,0,0,0,0,0,0,0,0,0,0,0,0,0,0,0,0,0,0,0,0,0,0,0,0,0,0,0,0,0,0,0,0,,,,-999,-999,-999,-999,-999,-999,1,1,386,,0.0,0,683452,,,-999,-999,,-999,-999,3,1,2,1,1,2,12,3,6,14,7,8,4,2,9,13,10,1,11,5,1,1,2,1,1
387,cnojmfbk,,0,0,23,,,,0,,,0.0,,e5y22b4i,,,,,0,1.0,0.0,SS_WS2526,387,,0.0,,,,-999,,,1,1,387,,0.0,,,,,,,,,,,,,,,0,-999,-999,1,1,387,,0.0,x,x,x,x,x,x,x,x,x,x,x,x,x,x,x,x,x,x,x,x,x,x,x,x,x,x,x,x,x,x,x,x,x,x,x,x,x,x,x,x,x,x,x,x,x,x,x,x,x,x,0,0,0,0,0,0,0,0,0,0,0,0,0,0,0,0,0,0,0,0,0,0,0,0,0,0,0,0,0,0,0,0,0,0,0,0,0,0,0,0,0,0,0,0,0,0,0,0,0,0,0,0,0,0,0,0,0,0,0,0,0,0,0,0,0,0,0,0,0,0,0,0,0,0,0,0,0,0,0,0,0,0,0,0,0,0,0,0,0,0,0,0,0,0,0,0,0,0,0,0,0,0,0,0,0,0,0,0,0,0,0,0,0,0,0,0,0,0,0,0,0,0,0,0,0,0,0,0,0,0,0,0,0,0,0,0,0,0,0,0,0,0,0,0,0,0,0,0,0,0,0,0,0,0,0,0,0,0,0,0,0,0,0,0,0,0,0,0,0,0,0,0,0,0,0,0,0,0,0,0,0,0,0,0,0,0,0,0,0,0,0,0,0,0,0,0,0,0,0,0,0,0,0,0,0,0,0,0,0,0,0,0,0,0,0,0,0,0,0,0,0,0,0,0,0,0,0,0,0,0,0,0,0,0,0,0,0,0,0,0,0,0,0,0,0,0,0,0,0,0,,,,,,,,,,,,,,,,,,,,,,,,,,,,,,,,,,,,,,,,,,,,,,,,,,,,,,,,,,,,,,,,,,,,,,,,,,,,,,,,,,,,,,,,,,,,,,,,,,,,,,-999,-999,-999,1,1,387,,0.0,,,,,,0,,,,,,,,,,,,,,,,,,,,,,,,,,,,,,,,,,,,,,,,,,,,,,,,,,,,,,,,,,,,,,,,-999,-999,-999,1,1,387,,0.0,,,,,,,,,,,,,,,,,,,,,,,,,,,,,,,,,,,,,,,,,,,,,,,,,,,,,,,,,,,,,,,,,,,,,,,,,,,,,,,,,,,,,,,,,,,,,,,,,,,,,,,,,,,,-999,1,1,387,,0.0,,0,0,0,0,0,0,0,0,,,,,,,,,0,0,0,0,0,0,0,0,0,0,0,0,0,0,0,0,0,0,0,0,0,0,0,0,0,0,0,0,0,0,0,0,0,0,0,0,0,0,0,0,0,0,0,0,0,,,,-999,-999,-999,-999,-999,-999,1,1,387,,0.0,0,579427,,,-999,-999,,-999,-999,2,1,1,2,1,3,1,8,10,14,4,5,7,3,11,12,6,9,2,13,1,2,1,1,1
388,tgnbvljs,,0,0,23,,,,0,,,0.0,,e5y22b4i,,,,,0,1.0,0.0,SS_WS2526,388,,0.0,,,,-999,,,1,1,388,,0.0,,,,,,,,,,,,,,,0,-999,-999,1,1,388,,0.0,x,x,x,x,x,x,x,x,x,x,x,x,x,x,x,x,x,x,x,x,x,x,x,x,x,x,x,x,x,x,x,x,x,x,x,x,x,x,x,x,x,x,x,x,x,x,x,x,x,x,0,0,0,0,0,0,0,0,0,0,0,0,0,0,0,0,0,0,0,0,0,0,0,0,0,0,0,0,0,0,0,0,0,0,0,0,0,0,0,0,0,0,0,0,0,0,0,0,0,0,0,0,0,0,0,0,0,0,0,0,0,0,0,0,0,0,0,0,0,0,0,0,0,0,0,0,0,0,0,0,0,0,0,0,0,0,0,0,0,0,0,0,0,0,0,0,0,0,0,0,0,0,0,0,0,0,0,0,0,0,0,0,0,0,0,0,0,0,0,0,0,0,0,0,0,0,0,0,0,0,0,0,0,0,0,0,0,0,0,0,0,0,0,0,0,0,0,0,0,0,0,0,0,0,0,0,0,0,0,0,0,0,0,0,0,0,0,0,0,0,0,0,0,0,0,0,0,0,0,0,0,0,0,0,0,0,0,0,0,0,0,0,0,0,0,0,0,0,0,0,0,0,0,0,0,0,0,0,0,0,0,0,0,0,0,0,0,0,0,0,0,0,0,0,0,0,0,0,0,0,0,0,0,0,0,0,0,0,0,0,0,0,0,0,0,0,0,0,0,0,,,,,,,,,,,,,,,,,,,,,,,,,,,,,,,,,,,,,,,,,,,,,,,,,,,,,,,,,,,,,,,,,,,,,,,,,,,,,,,,,,,,,,,,,,,,,,,,,,,,,,-999,-999,-999,1,1,388,,0.0,,,,,,0,,,,,,,,,,,,,,,,,,,,,,,,,,,,,,,,,,,,,,,,,,,,,,,,,,,,,,,,,,,,,,,,-999,-999,-999,1,1,388,,0.0,,,,,,,,,,,,,,,,,,,,,,,,,,,,,,,,,,,,,,,,,,,,,,,,,,,,,,,,,,,,,,,,,,,,,,,,,,,,,,,,,,,,,,,,,,,,,,,,,,,,,,,,,,,,-999,1,1,388,,0.0,,0,0,0,0,0,0,0,0,,,,,,,,,0,0,0,0,0,0,0,0,0,0,0,0,0,0,0,0,0,0,0,0,0,0,0,0,0,0,0,0,0,0,0,0,0,0,0,0,0,0,0,0,0,0,0,0,0,,,,-999,-999,-999,-999,-999,-999,1,1,388,,0.0,0,795766,,,-999,-999,,-999,-999,3,2,2,1,2,3,12,6,5,10,2,7,11,4,9,3,13,8,1,14,2,2,2,1,1
389,8z7me477,,0,0,23,,,,0,,,0.0,,e5y22b4i,,,,,0,1.0,0.0,SS_WS2526,389,,0.0,,,,-999,,,1,1,389,,0.0,,,,,,,,,,,,,,,0,-999,-999,1,1,389,,0.0,x,x,x,x,x,x,x,x,x,x,x,x,x,x,x,x,x,x,x,x,x,x,x,x,x,x,x,x,x,x,x,x,x,x,x,x,x,x,x,x,x,x,x,x,x,x,x,x,x,x,0,0,0,0,0,0,0,0,0,0,0,0,0,0,0,0,0,0,0,0,0,0,0,0,0,0,0,0,0,0,0,0,0,0,0,0,0,0,0,0,0,0,0,0,0,0,0,0,0,0,0,0,0,0,0,0,0,0,0,0,0,0,0,0,0,0,0,0,0,0,0,0,0,0,0,0,0,0,0,0,0,0,0,0,0,0,0,0,0,0,0,0,0,0,0,0,0,0,0,0,0,0,0,0,0,0,0,0,0,0,0,0,0,0,0,0,0,0,0,0,0,0,0,0,0,0,0,0,0,0,0,0,0,0,0,0,0,0,0,0,0,0,0,0,0,0,0,0,0,0,0,0,0,0,0,0,0,0,0,0,0,0,0,0,0,0,0,0,0,0,0,0,0,0,0,0,0,0,0,0,0,0,0,0,0,0,0,0,0,0,0,0,0,0,0,0,0,0,0,0,0,0,0,0,0,0,0,0,0,0,0,0,0,0,0,0,0,0,0,0,0,0,0,0,0,0,0,0,0,0,0,0,0,0,0,0,0,0,0,0,0,0,0,0,0,0,0,0,0,0,,,,,,,,,,,,,,,,,,,,,,,,,,,,,,,,,,,,,,,,,,,,,,,,,,,,,,,,,,,,,,,,,,,,,,,,,,,,,,,,,,,,,,,,,,,,,,,,,,,,,,-999,-999,-999,1,1,389,,0.0,,,,,,0,,,,,,,,,,,,,,,,,,,,,,,,,,,,,,,,,,,,,,,,,,,,,,,,,,,,,,,,,,,,,,,,-999,-999,-999,1,1,389,,0.0,,,,,,,,,,,,,,,,,,,,,,,,,,,,,,,,,,,,,,,,,,,,,,,,,,,,,,,,,,,,,,,,,,,,,,,,,,,,,,,,,,,,,,,,,,,,,,,,,,,,,,,,,,,,-999,1,1,389,,0.0,,0,0,0,0,0,0,0,0,,,,,,,,,0,0,0,0,0,0,0,0,0,0,0,0,0,0,0,0,0,0,0,0,0,0,0,0,0,0,0,0,0,0,0,0,0,0,0,0,0,0,0,0,0,0,0,0,0,,,,-999,-999,-999,-999,-999,-999,1,1,389,,0.0,0,813501,,,-999,-999,,-999,-999,2,3,2,1,1,3,1,8,11,2,6,9,14,5,7,3,13,12,10,4,2,1,2,1,1
390,ust4tlmj,,0,0,23,,,,0,,,0.0,,e5y22b4i,,,,,0,1.0,0.0,SS_WS2526,390,,0.0,,,,-999,,,1,1,390,,0.0,,,,,,,,,,,,,,,0,-999,-999,1,1,390,,0.0,x,x,x,x,x,x,x,x,x,x,x,x,x,x,x,x,x,x,x,x,x,x,x,x,x,x,x,x,x,x,x,x,x,x,x,x,x,x,x,x,x,x,x,x,x,x,x,x,x,x,0,0,0,0,0,0,0,0,0,0,0,0,0,0,0,0,0,0,0,0,0,0,0,0,0,0,0,0,0,0,0,0,0,0,0,0,0,0,0,0,0,0,0,0,0,0,0,0,0,0,0,0,0,0,0,0,0,0,0,0,0,0,0,0,0,0,0,0,0,0,0,0,0,0,0,0,0,0,0,0,0,0,0,0,0,0,0,0,0,0,0,0,0,0,0,0,0,0,0,0,0,0,0,0,0,0,0,0,0,0,0,0,0,0,0,0,0,0,0,0,0,0,0,0,0,0,0,0,0,0,0,0,0,0,0,0,0,0,0,0,0,0,0,0,0,0,0,0,0,0,0,0,0,0,0,0,0,0,0,0,0,0,0,0,0,0,0,0,0,0,0,0,0,0,0,0,0,0,0,0,0,0,0,0,0,0,0,0,0,0,0,0,0,0,0,0,0,0,0,0,0,0,0,0,0,0,0,0,0,0,0,0,0,0,0,0,0,0,0,0,0,0,0,0,0,0,0,0,0,0,0,0,0,0,0,0,0,0,0,0,0,0,0,0,0,0,0,0,0,0,,,,,,,,,,,,,,,,,,,,,,,,,,,,,,,,,,,,,,,,,,,,,,,,,,,,,,,,,,,,,,,,,,,,,,,,,,,,,,,,,,,,,,,,,,,,,,,,,,,,,,-999,-999,-999,1,1,390,,0.0,,,,,,0,,,,,,,,,,,,,,,,,,,,,,,,,,,,,,,,,,,,,,,,,,,,,,,,,,,,,,,,,,,,,,,,-999,-999,-999,1,1,390,,0.0,,,,,,,,,,,,,,,,,,,,,,,,,,,,,,,,,,,,,,,,,,,,,,,,,,,,,,,,,,,,,,,,,,,,,,,,,,,,,,,,,,,,,,,,,,,,,,,,,,,,,,,,,,,,-999,1,1,390,,0.0,,0,0,0,0,0,0,0,0,,,,,,,,,0,0,0,0,0,0,0,0,0,0,0,0,0,0,0,0,0,0,0,0,0,0,0,0,0,0,0,0,0,0,0,0,0,0,0,0,0,0,0,0,0,0,0,0,0,,,,-999,-999,-999,-999,-999,-999,1,1,390,,0.0,1,301699,,,-999,-999,,-999,,3,1,3,1,1,3,8,4,5,14,10,13,3,12,2,6,7,1,9,11,1,1,2,1,1
391,kuwnk3i6,,0,0,23,,,,0,,,0.0,,e5y22b4i,,,,,0,1.0,0.0,SS_WS2526,391,,0.0,,,,-999,,,1,1,391,,0.0,,,,,,,,,,,,,,,0,-999,-999,1,1,391,,0.0,x,x,x,x,x,x,x,x,x,x,x,x,x,x,x,x,x,x,x,x,x,x,x,x,x,x,x,x,x,x,x,x,x,x,x,x,x,x,x,x,x,x,x,x,x,x,x,x,x,x,0,0,0,0,0,0,0,0,0,0,0,0,0,0,0,0,0,0,0,0,0,0,0,0,0,0,0,0,0,0,0,0,0,0,0,0,0,0,0,0,0,0,0,0,0,0,0,0,0,0,0,0,0,0,0,0,0,0,0,0,0,0,0,0,0,0,0,0,0,0,0,0,0,0,0,0,0,0,0,0,0,0,0,0,0,0,0,0,0,0,0,0,0,0,0,0,0,0,0,0,0,0,0,0,0,0,0,0,0,0,0,0,0,0,0,0,0,0,0,0,0,0,0,0,0,0,0,0,0,0,0,0,0,0,0,0,0,0,0,0,0,0,0,0,0,0,0,0,0,0,0,0,0,0,0,0,0,0,0,0,0,0,0,0,0,0,0,0,0,0,0,0,0,0,0,0,0,0,0,0,0,0,0,0,0,0,0,0,0,0,0,0,0,0,0,0,0,0,0,0,0,0,0,0,0,0,0,0,0,0,0,0,0,0,0,0,0,0,0,0,0,0,0,0,0,0,0,0,0,0,0,0,0,0,0,0,0,0,0,0,0,0,0,0,0,0,0,0,0,0,,,,,,,,,,,,,,,,,,,,,,,,,,,,,,,,,,,,,,,,,,,,,,,,,,,,,,,,,,,,,,,,,,,,,,,,,,,,,,,,,,,,,,,,,,,,,,,,,,,,,,-999,-999,-999,1,1,391,,0.0,,,,,,0,,,,,,,,,,,,,,,,,,,,,,,,,,,,,,,,,,,,,,,,,,,,,,,,,,,,,,,,,,,,,,,,-999,-999,-999,1,1,391,,0.0,,,,,,,,,,,,,,,,,,,,,,,,,,,,,,,,,,,,,,,,,,,,,,,,,,,,,,,,,,,,,,,,,,,,,,,,,,,,,,,,,,,,,,,,,,,,,,,,,,,,,,,,,,,,-999,1,1,391,,0.0,,0,0,0,0,0,0,0,0,,,,,,,,,0,0,0,0,0,0,0,0,0,0,0,0,0,0,0,0,0,0,0,0,0,0,0,0,0,0,0,0,0,0,0,0,0,0,0,0,0,0,0,0,0,0,0,0,0,,,,-999,-999,-999,-999,-999,-999,1,1,391,,0.0,2,427813,,,-999,-999,,-999,-999,2,3,2,3,2,1,3,1,2,7,10,12,5,6,11,14,9,4,8,13,1,1,1,1,1
392,bve0qk6j,,0,0,23,,,,0,,,0.0,,e5y22b4i,,,,,0,1.0,0.0,SS_WS2526,392,,0.0,,,,-999,,,1,1,392,,0.0,,,,,,,,,,,,,,,0,-999,-999,1,1,392,,0.0,x,x,x,x,x,x,x,x,x,x,x,x,x,x,x,x,x,x,x,x,x,x,x,x,x,x,x,x,x,x,x,x,x,x,x,x,x,x,x,x,x,x,x,x,x,x,x,x,x,x,0,0,0,0,0,0,0,0,0,0,0,0,0,0,0,0,0,0,0,0,0,0,0,0,0,0,0,0,0,0,0,0,0,0,0,0,0,0,0,0,0,0,0,0,0,0,0,0,0,0,0,0,0,0,0,0,0,0,0,0,0,0,0,0,0,0,0,0,0,0,0,0,0,0,0,0,0,0,0,0,0,0,0,0,0,0,0,0,0,0,0,0,0,0,0,0,0,0,0,0,0,0,0,0,0,0,0,0,0,0,0,0,0,0,0,0,0,0,0,0,0,0,0,0,0,0,0,0,0,0,0,0,0,0,0,0,0,0,0,0,0,0,0,0,0,0,0,0,0,0,0,0,0,0,0,0,0,0,0,0,0,0,0,0,0,0,0,0,0,0,0,0,0,0,0,0,0,0,0,0,0,0,0,0,0,0,0,0,0,0,0,0,0,0,0,0,0,0,0,0,0,0,0,0,0,0,0,0,0,0,0,0,0,0,0,0,0,0,0,0,0,0,0,0,0,0,0,0,0,0,0,0,0,0,0,0,0,0,0,0,0,0,0,0,0,0,0,0,0,0,,,,,,,,,,,,,,,,,,,,,,,,,,,,,,,,,,,,,,,,,,,,,,,,,,,,,,,,,,,,,,,,,,,,,,,,,,,,,,,,,,,,,,,,,,,,,,,,,,,,,,-999,-999,-999,1,1,392,,0.0,,,,,,0,,,,,,,,,,,,,,,,,,,,,,,,,,,,,,,,,,,,,,,,,,,,,,,,,,,,,,,,,,,,,,,,-999,-999,-999,1,1,392,,0.0,,,,,,,,,,,,,,,,,,,,,,,,,,,,,,,,,,,,,,,,,,,,,,,,,,,,,,,,,,,,,,,,,,,,,,,,,,,,,,,,,,,,,,,,,,,,,,,,,,,,,,,,,,,,-999,1,1,392,,0.0,,0,0,0,0,0,0,0,0,,,,,,,,,0,0,0,0,0,0,0,0,0,0,0,0,0,0,0,0,0,0,0,0,0,0,0,0,0,0,0,0,0,0,0,0,0,0,0,0,0,0,0,0,0,0,0,0,0,,,,-999,-999,-999,-999,-999,-999,1,1,392,,0.0,1,144992,,,-999,-999,,-999,,2,1,2,1,1,2,1,14,2,9,5,10,11,13,7,4,3,8,6,12,2,2,1,1,1
393,6jq65jvk,,0,0,23,,,,0,,,0.0,,e5y22b4i,,,,,0,1.0,0.0,SS_WS2526,393,,0.0,,,,-999,,,1,1,393,,0.0,,,,,,,,,,,,,,,0,-999,-999,1,1,393,,0.0,x,x,x,x,x,x,x,x,x,x,x,x,x,x,x,x,x,x,x,x,x,x,x,x,x,x,x,x,x,x,x,x,x,x,x,x,x,x,x,x,x,x,x,x,x,x,x,x,x,x,0,0,0,0,0,0,0,0,0,0,0,0,0,0,0,0,0,0,0,0,0,0,0,0,0,0,0,0,0,0,0,0,0,0,0,0,0,0,0,0,0,0,0,0,0,0,0,0,0,0,0,0,0,0,0,0,0,0,0,0,0,0,0,0,0,0,0,0,0,0,0,0,0,0,0,0,0,0,0,0,0,0,0,0,0,0,0,0,0,0,0,0,0,0,0,0,0,0,0,0,0,0,0,0,0,0,0,0,0,0,0,0,0,0,0,0,0,0,0,0,0,0,0,0,0,0,0,0,0,0,0,0,0,0,0,0,0,0,0,0,0,0,0,0,0,0,0,0,0,0,0,0,0,0,0,0,0,0,0,0,0,0,0,0,0,0,0,0,0,0,0,0,0,0,0,0,0,0,0,0,0,0,0,0,0,0,0,0,0,0,0,0,0,0,0,0,0,0,0,0,0,0,0,0,0,0,0,0,0,0,0,0,0,0,0,0,0,0,0,0,0,0,0,0,0,0,0,0,0,0,0,0,0,0,0,0,0,0,0,0,0,0,0,0,0,0,0,0,0,0,,,,,,,,,,,,,,,,,,,,,,,,,,,,,,,,,,,,,,,,,,,,,,,,,,,,,,,,,,,,,,,,,,,,,,,,,,,,,,,,,,,,,,,,,,,,,,,,,,,,,,-999,-999,-999,1,1,393,,0.0,,,,,,0,,,,,,,,,,,,,,,,,,,,,,,,,,,,,,,,,,,,,,,,,,,,,,,,,,,,,,,,,,,,,,,,-999,-999,-999,1,1,393,,0.0,,,,,,,,,,,,,,,,,,,,,,,,,,,,,,,,,,,,,,,,,,,,,,,,,,,,,,,,,,,,,,,,,,,,,,,,,,,,,,,,,,,,,,,,,,,,,,,,,,,,,,,,,,,,-999,1,1,393,,0.0,,0,0,0,0,0,0,0,0,,,,,,,,,0,0,0,0,0,0,0,0,0,0,0,0,0,0,0,0,0,0,0,0,0,0,0,0,0,0,0,0,0,0,0,0,0,0,0,0,0,0,0,0,0,0,0,0,0,,,,-999,-999,-999,-999,-999,-999,1,1,393,,0.0,1,182737,,,-999,-999,,-999,,2,1,1,2,2,1,9,8,4,6,7,5,3,13,14,1,11,12,2,10,1,2,1,1,1
394,grwvaz39,,0,0,23,,,,0,,,0.0,,e5y22b4i,,,,,0,1.0,0.0,SS_WS2526,394,,0.0,,,,-999,,,1,1,394,,0.0,,,,,,,,,,,,,,,0,-999,-999,1,1,394,,0.0,x,x,x,x,x,x,x,x,x,x,x,x,x,x,x,x,x,x,x,x,x,x,x,x,x,x,x,x,x,x,x,x,x,x,x,x,x,x,x,x,x,x,x,x,x,x,x,x,x,x,0,0,0,0,0,0,0,0,0,0,0,0,0,0,0,0,0,0,0,0,0,0,0,0,0,0,0,0,0,0,0,0,0,0,0,0,0,0,0,0,0,0,0,0,0,0,0,0,0,0,0,0,0,0,0,0,0,0,0,0,0,0,0,0,0,0,0,0,0,0,0,0,0,0,0,0,0,0,0,0,0,0,0,0,0,0,0,0,0,0,0,0,0,0,0,0,0,0,0,0,0,0,0,0,0,0,0,0,0,0,0,0,0,0,0,0,0,0,0,0,0,0,0,0,0,0,0,0,0,0,0,0,0,0,0,0,0,0,0,0,0,0,0,0,0,0,0,0,0,0,0,0,0,0,0,0,0,0,0,0,0,0,0,0,0,0,0,0,0,0,0,0,0,0,0,0,0,0,0,0,0,0,0,0,0,0,0,0,0,0,0,0,0,0,0,0,0,0,0,0,0,0,0,0,0,0,0,0,0,0,0,0,0,0,0,0,0,0,0,0,0,0,0,0,0,0,0,0,0,0,0,0,0,0,0,0,0,0,0,0,0,0,0,0,0,0,0,0,0,0,,,,,,,,,,,,,,,,,,,,,,,,,,,,,,,,,,,,,,,,,,,,,,,,,,,,,,,,,,,,,,,,,,,,,,,,,,,,,,,,,,,,,,,,,,,,,,,,,,,,,,-999,-999,-999,1,1,394,,0.0,,,,,,0,,,,,,,,,,,,,,,,,,,,,,,,,,,,,,,,,,,,,,,,,,,,,,,,,,,,,,,,,,,,,,,,-999,-999,-999,1,1,394,,0.0,,,,,,,,,,,,,,,,,,,,,,,,,,,,,,,,,,,,,,,,,,,,,,,,,,,,,,,,,,,,,,,,,,,,,,,,,,,,,,,,,,,,,,,,,,,,,,,,,,,,,,,,,,,,-999,1,1,394,,0.0,,0,0,0,0,0,0,0,0,,,,,,,,,0,0,0,0,0,0,0,0,0,0,0,0,0,0,0,0,0,0,0,0,0,0,0,0,0,0,0,0,0,0,0,0,0,0,0,0,0,0,0,0,0,0,0,0,0,,,,-999,-999,-999,-999,-999,-999,1,1,394,,0.0,0,376486,,,-999,-999,,-999,-999,3,2,1,2,3,2,9,4,11,5,10,14,7,1,3,12,8,2,13,6,1,1,2,1,1
395,x1u1nxif,,0,0,23,,,,0,,,0.0,,e5y22b4i,,,,,0,1.0,0.0,SS_WS2526,395,,0.0,,,,-999,,,1,1,395,,0.0,,,,,,,,,,,,,,,0,-999,-999,1,1,395,,0.0,x,x,x,x,x,x,x,x,x,x,x,x,x,x,x,x,x,x,x,x,x,x,x,x,x,x,x,x,x,x,x,x,x,x,x,x,x,x,x,x,x,x,x,x,x,x,x,x,x,x,0,0,0,0,0,0,0,0,0,0,0,0,0,0,0,0,0,0,0,0,0,0,0,0,0,0,0,0,0,0,0,0,0,0,0,0,0,0,0,0,0,0,0,0,0,0,0,0,0,0,0,0,0,0,0,0,0,0,0,0,0,0,0,0,0,0,0,0,0,0,0,0,0,0,0,0,0,0,0,0,0,0,0,0,0,0,0,0,0,0,0,0,0,0,0,0,0,0,0,0,0,0,0,0,0,0,0,0,0,0,0,0,0,0,0,0,0,0,0,0,0,0,0,0,0,0,0,0,0,0,0,0,0,0,0,0,0,0,0,0,0,0,0,0,0,0,0,0,0,0,0,0,0,0,0,0,0,0,0,0,0,0,0,0,0,0,0,0,0,0,0,0,0,0,0,0,0,0,0,0,0,0,0,0,0,0,0,0,0,0,0,0,0,0,0,0,0,0,0,0,0,0,0,0,0,0,0,0,0,0,0,0,0,0,0,0,0,0,0,0,0,0,0,0,0,0,0,0,0,0,0,0,0,0,0,0,0,0,0,0,0,0,0,0,0,0,0,0,0,0,,,,,,,,,,,,,,,,,,,,,,,,,,,,,,,,,,,,,,,,,,,,,,,,,,,,,,,,,,,,,,,,,,,,,,,,,,,,,,,,,,,,,,,,,,,,,,,,,,,,,,-999,-999,-999,1,1,395,,0.0,,,,,,0,,,,,,,,,,,,,,,,,,,,,,,,,,,,,,,,,,,,,,,,,,,,,,,,,,,,,,,,,,,,,,,,-999,-999,-999,1,1,395,,0.0,,,,,,,,,,,,,,,,,,,,,,,,,,,,,,,,,,,,,,,,,,,,,,,,,,,,,,,,,,,,,,,,,,,,,,,,,,,,,,,,,,,,,,,,,,,,,,,,,,,,,,,,,,,,-999,1,1,395,,0.0,,0,0,0,0,0,0,0,0,,,,,,,,,0,0,0,0,0,0,0,0,0,0,0,0,0,0,0,0,0,0,0,0,0,0,0,0,0,0,0,0,0,0,0,0,0,0,0,0,0,0,0,0,0,0,0,0,0,,,,-999,-999,-999,-999,-999,-999,1,1,395,,0.0,2,244205,,,-999,-999,,-999,-999,3,2,1,3,3,1,13,8,5,14,12,7,4,6,11,2,9,10,3,1,2,1,1,1,1
396,04yekhsx,,0,0,23,,,,0,,,0.0,,e5y22b4i,,,,,0,1.0,0.0,SS_WS2526,396,,0.0,,,,-999,,,1,1,396,,0.0,,,,,,,,,,,,,,,0,-999,-999,1,1,396,,0.0,x,x,x,x,x,x,x,x,x,x,x,x,x,x,x,x,x,x,x,x,x,x,x,x,x,x,x,x,x,x,x,x,x,x,x,x,x,x,x,x,x,x,x,x,x,x,x,x,x,x,0,0,0,0,0,0,0,0,0,0,0,0,0,0,0,0,0,0,0,0,0,0,0,0,0,0,0,0,0,0,0,0,0,0,0,0,0,0,0,0,0,0,0,0,0,0,0,0,0,0,0,0,0,0,0,0,0,0,0,0,0,0,0,0,0,0,0,0,0,0,0,0,0,0,0,0,0,0,0,0,0,0,0,0,0,0,0,0,0,0,0,0,0,0,0,0,0,0,0,0,0,0,0,0,0,0,0,0,0,0,0,0,0,0,0,0,0,0,0,0,0,0,0,0,0,0,0,0,0,0,0,0,0,0,0,0,0,0,0,0,0,0,0,0,0,0,0,0,0,0,0,0,0,0,0,0,0,0,0,0,0,0,0,0,0,0,0,0,0,0,0,0,0,0,0,0,0,0,0,0,0,0,0,0,0,0,0,0,0,0,0,0,0,0,0,0,0,0,0,0,0,0,0,0,0,0,0,0,0,0,0,0,0,0,0,0,0,0,0,0,0,0,0,0,0,0,0,0,0,0,0,0,0,0,0,0,0,0,0,0,0,0,0,0,0,0,0,0,0,0,,,,,,,,,,,,,,,,,,,,,,,,,,,,,,,,,,,,,,,,,,,,,,,,,,,,,,,,,,,,,,,,,,,,,,,,,,,,,,,,,,,,,,,,,,,,,,,,,,,,,,-999,-999,-999,1,1,396,,0.0,,,,,,0,,,,,,,,,,,,,,,,,,,,,,,,,,,,,,,,,,,,,,,,,,,,,,,,,,,,,,,,,,,,,,,,-999,-999,-999,1,1,396,,0.0,,,,,,,,,,,,,,,,,,,,,,,,,,,,,,,,,,,,,,,,,,,,,,,,,,,,,,,,,,,,,,,,,,,,,,,,,,,,,,,,,,,,,,,,,,,,,,,,,,,,,,,,,,,,-999,1,1,396,,0.0,,0,0,0,0,0,0,0,0,,,,,,,,,0,0,0,0,0,0,0,0,0,0,0,0,0,0,0,0,0,0,0,0,0,0,0,0,0,0,0,0,0,0,0,0,0,0,0,0,0,0,0,0,0,0,0,0,0,,,,-999,-999,-999,-999,-999,-999,1,1,396,,0.0,0,383920,,,-999,-999,,-999,-999,1,3,2,1,3,2,4,1,7,10,5,11,8,12,6,13,2,3,14,9,2,1,2,1,1
397,9n8digkg,,0,0,23,,,,0,,,0.0,,e5y22b4i,,,,,0,1.0,0.0,SS_WS2526,397,,0.0,,,,-999,,,1,1,397,,0.0,,,,,,,,,,,,,,,0,-999,-999,1,1,397,,0.0,x,x,x,x,x,x,x,x,x,x,x,x,x,x,x,x,x,x,x,x,x,x,x,x,x,x,x,x,x,x,x,x,x,x,x,x,x,x,x,x,x,x,x,x,x,x,x,x,x,x,0,0,0,0,0,0,0,0,0,0,0,0,0,0,0,0,0,0,0,0,0,0,0,0,0,0,0,0,0,0,0,0,0,0,0,0,0,0,0,0,0,0,0,0,0,0,0,0,0,0,0,0,0,0,0,0,0,0,0,0,0,0,0,0,0,0,0,0,0,0,0,0,0,0,0,0,0,0,0,0,0,0,0,0,0,0,0,0,0,0,0,0,0,0,0,0,0,0,0,0,0,0,0,0,0,0,0,0,0,0,0,0,0,0,0,0,0,0,0,0,0,0,0,0,0,0,0,0,0,0,0,0,0,0,0,0,0,0,0,0,0,0,0,0,0,0,0,0,0,0,0,0,0,0,0,0,0,0,0,0,0,0,0,0,0,0,0,0,0,0,0,0,0,0,0,0,0,0,0,0,0,0,0,0,0,0,0,0,0,0,0,0,0,0,0,0,0,0,0,0,0,0,0,0,0,0,0,0,0,0,0,0,0,0,0,0,0,0,0,0,0,0,0,0,0,0,0,0,0,0,0,0,0,0,0,0,0,0,0,0,0,0,0,0,0,0,0,0,0,0,,,,,,,,,,,,,,,,,,,,,,,,,,,,,,,,,,,,,,,,,,,,,,,,,,,,,,,,,,,,,,,,,,,,,,,,,,,,,,,,,,,,,,,,,,,,,,,,,,,,,,-999,-999,-999,1,1,397,,0.0,,,,,,0,,,,,,,,,,,,,,,,,,,,,,,,,,,,,,,,,,,,,,,,,,,,,,,,,,,,,,,,,,,,,,,,-999,-999,-999,1,1,397,,0.0,,,,,,,,,,,,,,,,,,,,,,,,,,,,,,,,,,,,,,,,,,,,,,,,,,,,,,,,,,,,,,,,,,,,,,,,,,,,,,,,,,,,,,,,,,,,,,,,,,,,,,,,,,,,-999,1,1,397,,0.0,,0,0,0,0,0,0,0,0,,,,,,,,,0,0,0,0,0,0,0,0,0,0,0,0,0,0,0,0,0,0,0,0,0,0,0,0,0,0,0,0,0,0,0,0,0,0,0,0,0,0,0,0,0,0,0,0,0,,,,-999,-999,-999,-999,-999,-999,1,1,397,,0.0,2,870708,,,-999,-999,,-999,-999,2,3,1,3,1,3,7,12,11,2,6,13,10,8,3,4,1,14,9,5,1,1,1,1,1
398,a7w7sm1i,,0,0,23,,,,0,,,0.0,,e5y22b4i,,,,,0,1.0,0.0,SS_WS2526,398,,0.0,,,,-999,,,1,1,398,,0.0,,,,,,,,,,,,,,,0,-999,-999,1,1,398,,0.0,x,x,x,x,x,x,x,x,x,x,x,x,x,x,x,x,x,x,x,x,x,x,x,x,x,x,x,x,x,x,x,x,x,x,x,x,x,x,x,x,x,x,x,x,x,x,x,x,x,x,0,0,0,0,0,0,0,0,0,0,0,0,0,0,0,0,0,0,0,0,0,0,0,0,0,0,0,0,0,0,0,0,0,0,0,0,0,0,0,0,0,0,0,0,0,0,0,0,0,0,0,0,0,0,0,0,0,0,0,0,0,0,0,0,0,0,0,0,0,0,0,0,0,0,0,0,0,0,0,0,0,0,0,0,0,0,0,0,0,0,0,0,0,0,0,0,0,0,0,0,0,0,0,0,0,0,0,0,0,0,0,0,0,0,0,0,0,0,0,0,0,0,0,0,0,0,0,0,0,0,0,0,0,0,0,0,0,0,0,0,0,0,0,0,0,0,0,0,0,0,0,0,0,0,0,0,0,0,0,0,0,0,0,0,0,0,0,0,0,0,0,0,0,0,0,0,0,0,0,0,0,0,0,0,0,0,0,0,0,0,0,0,0,0,0,0,0,0,0,0,0,0,0,0,0,0,0,0,0,0,0,0,0,0,0,0,0,0,0,0,0,0,0,0,0,0,0,0,0,0,0,0,0,0,0,0,0,0,0,0,0,0,0,0,0,0,0,0,0,0,,,,,,,,,,,,,,,,,,,,,,,,,,,,,,,,,,,,,,,,,,,,,,,,,,,,,,,,,,,,,,,,,,,,,,,,,,,,,,,,,,,,,,,,,,,,,,,,,,,,,,-999,-999,-999,1,1,398,,0.0,,,,,,0,,,,,,,,,,,,,,,,,,,,,,,,,,,,,,,,,,,,,,,,,,,,,,,,,,,,,,,,,,,,,,,,-999,-999,-999,1,1,398,,0.0,,,,,,,,,,,,,,,,,,,,,,,,,,,,,,,,,,,,,,,,,,,,,,,,,,,,,,,,,,,,,,,,,,,,,,,,,,,,,,,,,,,,,,,,,,,,,,,,,,,,,,,,,,,,-999,1,1,398,,0.0,,0,0,0,0,0,0,0,0,,,,,,,,,0,0,0,0,0,0,0,0,0,0,0,0,0,0,0,0,0,0,0,0,0,0,0,0,0,0,0,0,0,0,0,0,0,0,0,0,0,0,0,0,0,0,0,0,0,,,,-999,-999,-999,-999,-999,-999,1,1,398,,0.0,1,386692,,,-999,-999,,-999,,2,1,2,3,3,1,6,7,4,5,2,14,12,8,3,9,13,1,10,11,2,1,1,1,1
399,7bwxh89b,,0,0,23,,,,0,,,0.0,,e5y22b4i,,,,,0,1.0,0.0,SS_WS2526,399,,0.0,,,,-999,,,1,1,399,,0.0,,,,,,,,,,,,,,,0,-999,-999,1,1,399,,0.0,x,x,x,x,x,x,x,x,x,x,x,x,x,x,x,x,x,x,x,x,x,x,x,x,x,x,x,x,x,x,x,x,x,x,x,x,x,x,x,x,x,x,x,x,x,x,x,x,x,x,0,0,0,0,0,0,0,0,0,0,0,0,0,0,0,0,0,0,0,0,0,0,0,0,0,0,0,0,0,0,0,0,0,0,0,0,0,0,0,0,0,0,0,0,0,0,0,0,0,0,0,0,0,0,0,0,0,0,0,0,0,0,0,0,0,0,0,0,0,0,0,0,0,0,0,0,0,0,0,0,0,0,0,0,0,0,0,0,0,0,0,0,0,0,0,0,0,0,0,0,0,0,0,0,0,0,0,0,0,0,0,0,0,0,0,0,0,0,0,0,0,0,0,0,0,0,0,0,0,0,0,0,0,0,0,0,0,0,0,0,0,0,0,0,0,0,0,0,0,0,0,0,0,0,0,0,0,0,0,0,0,0,0,0,0,0,0,0,0,0,0,0,0,0,0,0,0,0,0,0,0,0,0,0,0,0,0,0,0,0,0,0,0,0,0,0,0,0,0,0,0,0,0,0,0,0,0,0,0,0,0,0,0,0,0,0,0,0,0,0,0,0,0,0,0,0,0,0,0,0,0,0,0,0,0,0,0,0,0,0,0,0,0,0,0,0,0,0,0,0,,,,,,,,,,,,,,,,,,,,,,,,,,,,,,,,,,,,,,,,,,,,,,,,,,,,,,,,,,,,,,,,,,,,,,,,,,,,,,,,,,,,,,,,,,,,,,,,,,,,,,-999,-999,-999,1,1,399,,0.0,,,,,,0,,,,,,,,,,,,,,,,,,,,,,,,,,,,,,,,,,,,,,,,,,,,,,,,,,,,,,,,,,,,,,,,-999,-999,-999,1,1,399,,0.0,,,,,,,,,,,,,,,,,,,,,,,,,,,,,,,,,,,,,,,,,,,,,,,,,,,,,,,,,,,,,,,,,,,,,,,,,,,,,,,,,,,,,,,,,,,,,,,,,,,,,,,,,,,,-999,1,1,399,,0.0,,0,0,0,0,0,0,0,0,,,,,,,,,0,0,0,0,0,0,0,0,0,0,0,0,0,0,0,0,0,0,0,0,0,0,0,0,0,0,0,0,0,0,0,0,0,0,0,0,0,0,0,0,0,0,0,0,0,,,,-999,-999,-999,-999,-999,-999,1,1,399,,0.0,1,751881,,,-999,-999,,-999,,1,2,1,3,2,3,1,3,4,2,14,5,8,6,7,13,9,10,11,12,2,2,1,1,1
400,as8rae5p,,0,0,23,,,,0,,,0.0,,e5y22b4i,,,,,0,1.0,0.0,SS_WS2526,400,,0.0,,,,-999,,,1,1,400,,0.0,,,,,,,,,,,,,,,0,-999,-999,1,1,400,,0.0,x,x,x,x,x,x,x,x,x,x,x,x,x,x,x,x,x,x,x,x,x,x,x,x,x,x,x,x,x,x,x,x,x,x,x,x,x,x,x,x,x,x,x,x,x,x,x,x,x,x,0,0,0,0,0,0,0,0,0,0,0,0,0,0,0,0,0,0,0,0,0,0,0,0,0,0,0,0,0,0,0,0,0,0,0,0,0,0,0,0,0,0,0,0,0,0,0,0,0,0,0,0,0,0,0,0,0,0,0,0,0,0,0,0,0,0,0,0,0,0,0,0,0,0,0,0,0,0,0,0,0,0,0,0,0,0,0,0,0,0,0,0,0,0,0,0,0,0,0,0,0,0,0,0,0,0,0,0,0,0,0,0,0,0,0,0,0,0,0,0,0,0,0,0,0,0,0,0,0,0,0,0,0,0,0,0,0,0,0,0,0,0,0,0,0,0,0,0,0,0,0,0,0,0,0,0,0,0,0,0,0,0,0,0,0,0,0,0,0,0,0,0,0,0,0,0,0,0,0,0,0,0,0,0,0,0,0,0,0,0,0,0,0,0,0,0,0,0,0,0,0,0,0,0,0,0,0,0,0,0,0,0,0,0,0,0,0,0,0,0,0,0,0,0,0,0,0,0,0,0,0,0,0,0,0,0,0,0,0,0,0,0,0,0,0,0,0,0,0,0,,,,,,,,,,,,,,,,,,,,,,,,,,,,,,,,,,,,,,,,,,,,,,,,,,,,,,,,,,,,,,,,,,,,,,,,,,,,,,,,,,,,,,,,,,,,,,,,,,,,,,-999,-999,-999,1,1,400,,0.0,,,,,,0,,,,,,,,,,,,,,,,,,,,,,,,,,,,,,,,,,,,,,,,,,,,,,,,,,,,,,,,,,,,,,,,-999,-999,-999,1,1,400,,0.0,,,,,,,,,,,,,,,,,,,,,,,,,,,,,,,,,,,,,,,,,,,,,,,,,,,,,,,,,,,,,,,,,,,,,,,,,,,,,,,,,,,,,,,,,,,,,,,,,,,,,,,,,,,,-999,1,1,400,,0.0,,0,0,0,0,0,0,0,0,,,,,,,,,0,0,0,0,0,0,0,0,0,0,0,0,0,0,0,0,0,0,0,0,0,0,0,0,0,0,0,0,0,0,0,0,0,0,0,0,0,0,0,0,0,0,0,0,0,,,,-999,-999,-999,-999,-999,-999,1,1,400,,0.0,0,680346,,,-999,-999,,-999,-999,2,3,1,3,2,3,6,1,3,4,10,9,8,5,13,14,7,12,2,11,2,1,1,1,1
